split,source_image,patch_idx,image_path,mask_path,building_fraction
train,22678915_15.png,0,data/processed/train/images/22678915_15_patch_00.png,data/processed/train/masks/22678915_15_patch_00.png,0.0453948974609375
train,22678915_15.png,1,data/processed/train/images/22678915_15_patch_01.png,data/processed/train/masks/22678915_15_patch_01.png,0.307647705078125
train,22678915_15.png,2,data/processed/train/images/22678915_15_patch_02.png,data/processed/train/masks/22678915_15_patch_02.png,0.15057373046875
train,22678915_15.png,3,data/processed/train/images/22678915_15_patch_03.png,data/processed/train/masks/22678915_15_patch_03.png,0.2104644775390625
train,22678915_15.png,4,data/processed/train/images/22678915_15_patch_04.png,data/processed/train/masks/22678915_15_patch_04.png,0.087860107421875
train,22678915_15.png,5,data/processed/train/images/22678915_15_patch_05.png,data/processed/train/masks/22678915_15_patch_05.png,0.0610198974609375
train,22678915_15.png,6,data/processed/train/images/22678915_15_patch_06.png,data/processed/train/masks/22678915_15_patch_06.png,0.0258941650390625
train,22678915_15.png,7,data/processed/train/images/22678915_15_patch_07.png,data/processed/train/masks/22678915_15_patch_07.png,0.01934814453125
train,22678915_15.png,8,data/processed/train/images/22678915_15_patch_08.png,data/processed/train/masks/22678915_15_patch_08.png,0.0
train,22678915_15.png,9,data/processed/train/images/22678915_15_patch_09.png,data/processed/train/masks/22678915_15_patch_09.png,0.074493408203125
train,22678915_15.png,10,data/processed/train/images/22678915_15_patch_10.png,data/processed/train/masks/22678915_15_patch_10.png,0.0611114501953125
train,22678915_15.png,11,data/processed/train/images/22678915_15_patch_11.png,data/processed/train/masks/22678915_15_patch_11.png,0.1456451416015625
train,22678915_15.png,12,data/processed/train/images/22678915_15_patch_12.png,data/processed/train/masks/22678915_15_patch_12.png,0.0
train,22678915_15.png,13,data/processed/train/images/22678915_15_patch_13.png,data/processed/train/masks/22678915_15_patch_13.png,0.087005615234375
train,22678915_15.png,14,data/processed/train/images/22678915_15_patch_14.png,data/processed/train/masks/22678915_15_patch_14.png,0.124176025390625
train,22678915_15.png,15,data/processed/train/images/22678915_15_patch_15.png,data/processed/train/masks/22678915_15_patch_15.png,0.0118255615234375
train,22678915_15.png,16,data/processed/train/images/22678915_15_patch_16.png,data/processed/train/masks/22678915_15_patch_16.png,0.2809906005859375
train,22678915_15.png,17,data/processed/train/images/22678915_15_patch_17.png,data/processed/train/masks/22678915_15_patch_17.png,0.15118408203125
train,22678915_15.png,18,data/processed/train/images/22678915_15_patch_18.png,data/processed/train/masks/22678915_15_patch_18.png,0.041595458984375
train,22678915_15.png,19,data/processed/train/images/22678915_15_patch_19.png,data/processed/train/masks/22678915_15_patch_19.png,0.0746612548828125
train,22678915_15.png,20,data/processed/train/images/22678915_15_patch_20.png,data/processed/train/masks/22678915_15_patch_20.png,0.1309967041015625
train,22678915_15.png,21,data/processed/train/images/22678915_15_patch_21.png,data/processed/train/masks/22678915_15_patch_21.png,0.0051727294921875
train,22678915_15.png,22,data/processed/train/images/22678915_15_patch_22.png,data/processed/train/masks/22678915_15_patch_22.png,0.09234619140625
train,22678915_15.png,23,data/processed/train/images/22678915_15_patch_23.png,data/processed/train/masks/22678915_15_patch_23.png,0.1129913330078125
train,22678915_15.png,24,data/processed/train/images/22678915_15_patch_24.png,data/processed/train/masks/22678915_15_patch_24.png,0.1227264404296875
train,22678915_15.png,25,data/processed/train/images/22678915_15_patch_25.png,data/processed/train/masks/22678915_15_patch_25.png,0.0901641845703125
train,22678915_15.png,26,data/processed/train/images/22678915_15_patch_26.png,data/processed/train/masks/22678915_15_patch_26.png,0.121337890625
train,22678915_15.png,27,data/processed/train/images/22678915_15_patch_27.png,data/processed/train/masks/22678915_15_patch_27.png,0.1116943359375
train,22678915_15.png,28,data/processed/train/images/22678915_15_patch_28.png,data/processed/train/masks/22678915_15_patch_28.png,0.138671875
train,22678915_15.png,29,data/processed/train/images/22678915_15_patch_29.png,data/processed/train/masks/22678915_15_patch_29.png,0.1103515625
train,22678915_15.png,30,data/processed/train/images/22678915_15_patch_30.png,data/processed/train/masks/22678915_15_patch_30.png,0.048553466796875
train,22678915_15.png,31,data/processed/train/images/22678915_15_patch_31.png,data/processed/train/masks/22678915_15_patch_31.png,0.1046142578125
train,22678915_15.png,32,data/processed/train/images/22678915_15_patch_32.png,data/processed/train/masks/22678915_15_patch_32.png,0.11212158203125
train,22678915_15.png,33,data/processed/train/images/22678915_15_patch_33.png,data/processed/train/masks/22678915_15_patch_33.png,0.09527587890625
train,22678915_15.png,34,data/processed/train/images/22678915_15_patch_34.png,data/processed/train/masks/22678915_15_patch_34.png,0.1293487548828125
train,22678915_15.png,35,data/processed/train/images/22678915_15_patch_35.png,data/processed/train/masks/22678915_15_patch_35.png,0.136444091796875
train,22678930_15.png,0,data/processed/train/images/22678930_15_patch_00.png,data/processed/train/masks/22678930_15_patch_00.png,0.116485595703125
train,22678930_15.png,1,data/processed/train/images/22678930_15_patch_01.png,data/processed/train/masks/22678930_15_patch_01.png,0.0554962158203125
train,22678930_15.png,2,data/processed/train/images/22678930_15_patch_02.png,data/processed/train/masks/22678930_15_patch_02.png,0.005950927734375
train,22678930_15.png,3,data/processed/train/images/22678930_15_patch_03.png,data/processed/train/masks/22678930_15_patch_03.png,0.002471923828125
train,22678930_15.png,4,data/processed/train/images/22678930_15_patch_04.png,data/processed/train/masks/22678930_15_patch_04.png,0.019073486328125
train,22678930_15.png,5,data/processed/train/images/22678930_15_patch_05.png,data/processed/train/masks/22678930_15_patch_05.png,0.1041412353515625
train,22678930_15.png,6,data/processed/train/images/22678930_15_patch_06.png,data/processed/train/masks/22678930_15_patch_06.png,0.06842041015625
train,22678930_15.png,7,data/processed/train/images/22678930_15_patch_07.png,data/processed/train/masks/22678930_15_patch_07.png,0.0016326904296875
train,22678930_15.png,8,data/processed/train/images/22678930_15_patch_08.png,data/processed/train/masks/22678930_15_patch_08.png,0.001953125
train,22678930_15.png,9,data/processed/train/images/22678930_15_patch_09.png,data/processed/train/masks/22678930_15_patch_09.png,0.0149078369140625
train,22678930_15.png,10,data/processed/train/images/22678930_15_patch_10.png,data/processed/train/masks/22678930_15_patch_10.png,0.0062255859375
train,22678930_15.png,11,data/processed/train/images/22678930_15_patch_11.png,data/processed/train/masks/22678930_15_patch_11.png,0.09521484375
train,22678930_15.png,12,data/processed/train/images/22678930_15_patch_12.png,data/processed/train/masks/22678930_15_patch_12.png,0.01116943359375
train,22678930_15.png,13,data/processed/train/images/22678930_15_patch_13.png,data/processed/train/masks/22678930_15_patch_13.png,0.0
train,22678930_15.png,14,data/processed/train/images/22678930_15_patch_14.png,data/processed/train/masks/22678930_15_patch_14.png,0.0
train,22678930_15.png,15,data/processed/train/images/22678930_15_patch_15.png,data/processed/train/masks/22678930_15_patch_15.png,0.0
train,22678930_15.png,16,data/processed/train/images/22678930_15_patch_16.png,data/processed/train/masks/22678930_15_patch_16.png,0.0902557373046875
train,22678930_15.png,17,data/processed/train/images/22678930_15_patch_17.png,data/processed/train/masks/22678930_15_patch_17.png,0.1471405029296875
train,22678930_15.png,18,data/processed/train/images/22678930_15_patch_18.png,data/processed/train/masks/22678930_15_patch_18.png,0.0
train,22678930_15.png,19,data/processed/train/images/22678930_15_patch_19.png,data/processed/train/masks/22678930_15_patch_19.png,0.0
train,22678930_15.png,20,data/processed/train/images/22678930_15_patch_20.png,data/processed/train/masks/22678930_15_patch_20.png,0.0021820068359375
train,22678930_15.png,21,data/processed/train/images/22678930_15_patch_21.png,data/processed/train/masks/22678930_15_patch_21.png,0.0
train,22678930_15.png,22,data/processed/train/images/22678930_15_patch_22.png,data/processed/train/masks/22678930_15_patch_22.png,0.11688232421875
train,22678930_15.png,23,data/processed/train/images/22678930_15_patch_23.png,data/processed/train/masks/22678930_15_patch_23.png,0.16754150390625
train,22678930_15.png,24,data/processed/train/images/22678930_15_patch_24.png,data/processed/train/masks/22678930_15_patch_24.png,0.0
train,22678930_15.png,25,data/processed/train/images/22678930_15_patch_25.png,data/processed/train/masks/22678930_15_patch_25.png,0.0
train,22678930_15.png,26,data/processed/train/images/22678930_15_patch_26.png,data/processed/train/masks/22678930_15_patch_26.png,0.0
train,22678930_15.png,27,data/processed/train/images/22678930_15_patch_27.png,data/processed/train/masks/22678930_15_patch_27.png,0.0145111083984375
train,22678930_15.png,28,data/processed/train/images/22678930_15_patch_28.png,data/processed/train/masks/22678930_15_patch_28.png,0.1466064453125
train,22678930_15.png,29,data/processed/train/images/22678930_15_patch_29.png,data/processed/train/masks/22678930_15_patch_29.png,0.15008544921875
train,22678930_15.png,30,data/processed/train/images/22678930_15_patch_30.png,data/processed/train/masks/22678930_15_patch_30.png,0.0
train,22678930_15.png,31,data/processed/train/images/22678930_15_patch_31.png,data/processed/train/masks/22678930_15_patch_31.png,0.0054168701171875
train,22678930_15.png,32,data/processed/train/images/22678930_15_patch_32.png,data/processed/train/masks/22678930_15_patch_32.png,0.02447509765625
train,22678930_15.png,33,data/processed/train/images/22678930_15_patch_33.png,data/processed/train/masks/22678930_15_patch_33.png,0.07989501953125
train,22678930_15.png,34,data/processed/train/images/22678930_15_patch_34.png,data/processed/train/masks/22678930_15_patch_34.png,0.0658721923828125
train,22678930_15.png,35,data/processed/train/images/22678930_15_patch_35.png,data/processed/train/masks/22678930_15_patch_35.png,0.1136322021484375
train,22678945_15.png,0,data/processed/train/images/22678945_15_patch_00.png,data/processed/train/masks/22678945_15_patch_00.png,0.169281005859375
train,22678945_15.png,1,data/processed/train/images/22678945_15_patch_01.png,data/processed/train/masks/22678945_15_patch_01.png,0.0911865234375
train,22678945_15.png,2,data/processed/train/images/22678945_15_patch_02.png,data/processed/train/masks/22678945_15_patch_02.png,0.113861083984375
train,22678945_15.png,3,data/processed/train/images/22678945_15_patch_03.png,data/processed/train/masks/22678945_15_patch_03.png,0.1150054931640625
train,22678945_15.png,4,data/processed/train/images/22678945_15_patch_04.png,data/processed/train/masks/22678945_15_patch_04.png,0.0636444091796875
train,22678945_15.png,5,data/processed/train/images/22678945_15_patch_05.png,data/processed/train/masks/22678945_15_patch_05.png,0.0646514892578125
train,22678945_15.png,6,data/processed/train/images/22678945_15_patch_06.png,data/processed/train/masks/22678945_15_patch_06.png,0.1300201416015625
train,22678945_15.png,7,data/processed/train/images/22678945_15_patch_07.png,data/processed/train/masks/22678945_15_patch_07.png,0.11810302734375
train,22678945_15.png,8,data/processed/train/images/22678945_15_patch_08.png,data/processed/train/masks/22678945_15_patch_08.png,0.1155242919921875
train,22678945_15.png,9,data/processed/train/images/22678945_15_patch_09.png,data/processed/train/masks/22678945_15_patch_09.png,0.13775634765625
train,22678945_15.png,10,data/processed/train/images/22678945_15_patch_10.png,data/processed/train/masks/22678945_15_patch_10.png,0.05474853515625
train,22678945_15.png,11,data/processed/train/images/22678945_15_patch_11.png,data/processed/train/masks/22678945_15_patch_11.png,0.0046844482421875
train,22678945_15.png,12,data/processed/train/images/22678945_15_patch_12.png,data/processed/train/masks/22678945_15_patch_12.png,0.1380615234375
train,22678945_15.png,13,data/processed/train/images/22678945_15_patch_13.png,data/processed/train/masks/22678945_15_patch_13.png,0.11102294921875
train,22678945_15.png,14,data/processed/train/images/22678945_15_patch_14.png,data/processed/train/masks/22678945_15_patch_14.png,0.126800537109375
train,22678945_15.png,15,data/processed/train/images/22678945_15_patch_15.png,data/processed/train/masks/22678945_15_patch_15.png,0.122802734375
train,22678945_15.png,16,data/processed/train/images/22678945_15_patch_16.png,data/processed/train/masks/22678945_15_patch_16.png,0.0205841064453125
train,22678945_15.png,17,data/processed/train/images/22678945_15_patch_17.png,data/processed/train/masks/22678945_15_patch_17.png,0.12945556640625
train,22678945_15.png,18,data/processed/train/images/22678945_15_patch_18.png,data/processed/train/masks/22678945_15_patch_18.png,0.097808837890625
train,22678945_15.png,19,data/processed/train/images/22678945_15_patch_19.png,data/processed/train/masks/22678945_15_patch_19.png,0.09765625
train,22678945_15.png,20,data/processed/train/images/22678945_15_patch_20.png,data/processed/train/masks/22678945_15_patch_20.png,0.1024017333984375
train,22678945_15.png,21,data/processed/train/images/22678945_15_patch_21.png,data/processed/train/masks/22678945_15_patch_21.png,0.044281005859375
train,22678945_15.png,22,data/processed/train/images/22678945_15_patch_22.png,data/processed/train/masks/22678945_15_patch_22.png,0.01226806640625
train,22678945_15.png,23,data/processed/train/images/22678945_15_patch_23.png,data/processed/train/masks/22678945_15_patch_23.png,0.012054443359375
train,22678945_15.png,24,data/processed/train/images/22678945_15_patch_24.png,data/processed/train/masks/22678945_15_patch_24.png,0.1163482666015625
train,22678945_15.png,25,data/processed/train/images/22678945_15_patch_25.png,data/processed/train/masks/22678945_15_patch_25.png,0.11883544921875
train,22678945_15.png,26,data/processed/train/images/22678945_15_patch_26.png,data/processed/train/masks/22678945_15_patch_26.png,0.12158203125
train,22678945_15.png,27,data/processed/train/images/22678945_15_patch_27.png,data/processed/train/masks/22678945_15_patch_27.png,0.0384368896484375
train,22678945_15.png,28,data/processed/train/images/22678945_15_patch_28.png,data/processed/train/masks/22678945_15_patch_28.png,0.00494384765625
train,22678945_15.png,29,data/processed/train/images/22678945_15_patch_29.png,data/processed/train/masks/22678945_15_patch_29.png,0.0015411376953125
train,22678945_15.png,30,data/processed/train/images/22678945_15_patch_30.png,data/processed/train/masks/22678945_15_patch_30.png,0.1021575927734375
train,22678945_15.png,31,data/processed/train/images/22678945_15_patch_31.png,data/processed/train/masks/22678945_15_patch_31.png,0.1092376708984375
train,22678945_15.png,32,data/processed/train/images/22678945_15_patch_32.png,data/processed/train/masks/22678945_15_patch_32.png,0.0101318359375
train,22678945_15.png,33,data/processed/train/images/22678945_15_patch_33.png,data/processed/train/masks/22678945_15_patch_33.png,0.0014801025390625
train,22678945_15.png,34,data/processed/train/images/22678945_15_patch_34.png,data/processed/train/masks/22678945_15_patch_34.png,0.0375213623046875
train,22678945_15.png,35,data/processed/train/images/22678945_15_patch_35.png,data/processed/train/masks/22678945_15_patch_35.png,0.0016326904296875
train,22678960_15.png,0,data/processed/train/images/22678960_15_patch_00.png,data/processed/train/masks/22678960_15_patch_00.png,0.17352294921875
train,22678960_15.png,1,data/processed/train/images/22678960_15_patch_01.png,data/processed/train/masks/22678960_15_patch_01.png,0.152618408203125
train,22678960_15.png,2,data/processed/train/images/22678960_15_patch_02.png,data/processed/train/masks/22678960_15_patch_02.png,0.074462890625
train,22678960_15.png,3,data/processed/train/images/22678960_15_patch_03.png,data/processed/train/masks/22678960_15_patch_03.png,0.1684722900390625
train,22678960_15.png,4,data/processed/train/images/22678960_15_patch_04.png,data/processed/train/masks/22678960_15_patch_04.png,0.1161041259765625
train,22678960_15.png,5,data/processed/train/images/22678960_15_patch_05.png,data/processed/train/masks/22678960_15_patch_05.png,0.0015411376953125
train,22678960_15.png,6,data/processed/train/images/22678960_15_patch_06.png,data/processed/train/masks/22678960_15_patch_06.png,0.0727691650390625
train,22678960_15.png,7,data/processed/train/images/22678960_15_patch_07.png,data/processed/train/masks/22678960_15_patch_07.png,0.2122802734375
train,22678960_15.png,8,data/processed/train/images/22678960_15_patch_08.png,data/processed/train/masks/22678960_15_patch_08.png,0.09967041015625
train,22678960_15.png,9,data/processed/train/images/22678960_15_patch_09.png,data/processed/train/masks/22678960_15_patch_09.png,0.1349029541015625
train,22678960_15.png,10,data/processed/train/images/22678960_15_patch_10.png,data/processed/train/masks/22678960_15_patch_10.png,0.043182373046875
train,22678960_15.png,11,data/processed/train/images/22678960_15_patch_11.png,data/processed/train/masks/22678960_15_patch_11.png,0.033447265625
train,22678960_15.png,12,data/processed/train/images/22678960_15_patch_12.png,data/processed/train/masks/22678960_15_patch_12.png,0.0417327880859375
train,22678960_15.png,13,data/processed/train/images/22678960_15_patch_13.png,data/processed/train/masks/22678960_15_patch_13.png,0.0469818115234375
train,22678960_15.png,14,data/processed/train/images/22678960_15_patch_14.png,data/processed/train/masks/22678960_15_patch_14.png,0.0373382568359375
train,22678960_15.png,15,data/processed/train/images/22678960_15_patch_15.png,data/processed/train/masks/22678960_15_patch_15.png,0.0247802734375
train,22678960_15.png,16,data/processed/train/images/22678960_15_patch_16.png,data/processed/train/masks/22678960_15_patch_16.png,0.0276641845703125
train,22678960_15.png,17,data/processed/train/images/22678960_15_patch_17.png,data/processed/train/masks/22678960_15_patch_17.png,0.0202484130859375
train,22678960_15.png,18,data/processed/train/images/22678960_15_patch_18.png,data/processed/train/masks/22678960_15_patch_18.png,0.0176849365234375
train,22678960_15.png,19,data/processed/train/images/22678960_15_patch_19.png,data/processed/train/masks/22678960_15_patch_19.png,0.016204833984375
train,22678960_15.png,20,data/processed/train/images/22678960_15_patch_20.png,data/processed/train/masks/22678960_15_patch_20.png,0.0
train,22678960_15.png,21,data/processed/train/images/22678960_15_patch_21.png,data/processed/train/masks/22678960_15_patch_21.png,0.0
train,22678960_15.png,22,data/processed/train/images/22678960_15_patch_22.png,data/processed/train/masks/22678960_15_patch_22.png,0.010650634765625
train,22678960_15.png,23,data/processed/train/images/22678960_15_patch_23.png,data/processed/train/masks/22678960_15_patch_23.png,0.0
train,22678960_15.png,24,data/processed/train/images/22678960_15_patch_24.png,data/processed/train/masks/22678960_15_patch_24.png,0.0599212646484375
train,22678960_15.png,25,data/processed/train/images/22678960_15_patch_25.png,data/processed/train/masks/22678960_15_patch_25.png,0.05804443359375
train,22678960_15.png,26,data/processed/train/images/22678960_15_patch_26.png,data/processed/train/masks/22678960_15_patch_26.png,0.0099945068359375
train,22678960_15.png,27,data/processed/train/images/22678960_15_patch_27.png,data/processed/train/masks/22678960_15_patch_27.png,0.0406494140625
train,22678960_15.png,28,data/processed/train/images/22678960_15_patch_28.png,data/processed/train/masks/22678960_15_patch_28.png,0.101959228515625
train,22678960_15.png,29,data/processed/train/images/22678960_15_patch_29.png,data/processed/train/masks/22678960_15_patch_29.png,0.004058837890625
train,22678960_15.png,30,data/processed/train/images/22678960_15_patch_30.png,data/processed/train/masks/22678960_15_patch_30.png,0.1521759033203125
train,22678960_15.png,31,data/processed/train/images/22678960_15_patch_31.png,data/processed/train/masks/22678960_15_patch_31.png,0.1270599365234375
train,22678960_15.png,32,data/processed/train/images/22678960_15_patch_32.png,data/processed/train/masks/22678960_15_patch_32.png,0.080291748046875
train,22678960_15.png,33,data/processed/train/images/22678960_15_patch_33.png,data/processed/train/masks/22678960_15_patch_33.png,0.09576416015625
train,22678960_15.png,34,data/processed/train/images/22678960_15_patch_34.png,data/processed/train/masks/22678960_15_patch_34.png,0.1151580810546875
train,22678960_15.png,35,data/processed/train/images/22678960_15_patch_35.png,data/processed/train/masks/22678960_15_patch_35.png,0.0655059814453125
train,22678975_15.png,0,data/processed/train/images/22678975_15_patch_00.png,data/processed/train/masks/22678975_15_patch_00.png,0.0896453857421875
train,22678975_15.png,1,data/processed/train/images/22678975_15_patch_01.png,data/processed/train/masks/22678975_15_patch_01.png,0.083038330078125
train,22678975_15.png,2,data/processed/train/images/22678975_15_patch_02.png,data/processed/train/masks/22678975_15_patch_02.png,0.130157470703125
train,22678975_15.png,3,data/processed/train/images/22678975_15_patch_03.png,data/processed/train/masks/22678975_15_patch_03.png,0.157470703125
train,22678975_15.png,4,data/processed/train/images/22678975_15_patch_04.png,data/processed/train/masks/22678975_15_patch_04.png,0.1477203369140625
train,22678975_15.png,5,data/processed/train/images/22678975_15_patch_05.png,data/processed/train/masks/22678975_15_patch_05.png,0.153594970703125
train,22678975_15.png,6,data/processed/train/images/22678975_15_patch_06.png,data/processed/train/masks/22678975_15_patch_06.png,0.04803466796875
train,22678975_15.png,7,data/processed/train/images/22678975_15_patch_07.png,data/processed/train/masks/22678975_15_patch_07.png,0.016357421875
train,22678975_15.png,8,data/processed/train/images/22678975_15_patch_08.png,data/processed/train/masks/22678975_15_patch_08.png,0.0248260498046875
train,22678975_15.png,9,data/processed/train/images/22678975_15_patch_09.png,data/processed/train/masks/22678975_15_patch_09.png,0.1034698486328125
train,22678975_15.png,10,data/processed/train/images/22678975_15_patch_10.png,data/processed/train/masks/22678975_15_patch_10.png,0.1031951904296875
train,22678975_15.png,11,data/processed/train/images/22678975_15_patch_11.png,data/processed/train/masks/22678975_15_patch_11.png,0.090057373046875
train,22678975_15.png,12,data/processed/train/images/22678975_15_patch_12.png,data/processed/train/masks/22678975_15_patch_12.png,0.02813720703125
train,22678975_15.png,13,data/processed/train/images/22678975_15_patch_13.png,data/processed/train/masks/22678975_15_patch_13.png,0.0
train,22678975_15.png,14,data/processed/train/images/22678975_15_patch_14.png,data/processed/train/masks/22678975_15_patch_14.png,0.013641357421875
train,22678975_15.png,15,data/processed/train/images/22678975_15_patch_15.png,data/processed/train/masks/22678975_15_patch_15.png,0.012969970703125
train,22678975_15.png,16,data/processed/train/images/22678975_15_patch_16.png,data/processed/train/masks/22678975_15_patch_16.png,0.07000732421875
train,22678975_15.png,17,data/processed/train/images/22678975_15_patch_17.png,data/processed/train/masks/22678975_15_patch_17.png,0.084228515625
train,22678975_15.png,18,data/processed/train/images/22678975_15_patch_18.png,data/processed/train/masks/22678975_15_patch_18.png,0.0078582763671875
train,22678975_15.png,19,data/processed/train/images/22678975_15_patch_19.png,data/processed/train/masks/22678975_15_patch_19.png,0.0
train,22678975_15.png,20,data/processed/train/images/22678975_15_patch_20.png,data/processed/train/masks/22678975_15_patch_20.png,0.036529541015625
train,22678975_15.png,21,data/processed/train/images/22678975_15_patch_21.png,data/processed/train/masks/22678975_15_patch_21.png,0.0
train,22678975_15.png,22,data/processed/train/images/22678975_15_patch_22.png,data/processed/train/masks/22678975_15_patch_22.png,0.0
train,22678975_15.png,23,data/processed/train/images/22678975_15_patch_23.png,data/processed/train/masks/22678975_15_patch_23.png,0.014801025390625
train,22678975_15.png,24,data/processed/train/images/22678975_15_patch_24.png,data/processed/train/masks/22678975_15_patch_24.png,0.0622406005859375
train,22678975_15.png,25,data/processed/train/images/22678975_15_patch_25.png,data/processed/train/masks/22678975_15_patch_25.png,0.00677490234375
train,22678975_15.png,26,data/processed/train/images/22678975_15_patch_26.png,data/processed/train/masks/22678975_15_patch_26.png,0.0223236083984375
train,22678975_15.png,27,data/processed/train/images/22678975_15_patch_27.png,data/processed/train/masks/22678975_15_patch_27.png,0.0
train,22678975_15.png,28,data/processed/train/images/22678975_15_patch_28.png,data/processed/train/masks/22678975_15_patch_28.png,0.0023956298828125
train,22678975_15.png,29,data/processed/train/images/22678975_15_patch_29.png,data/processed/train/masks/22678975_15_patch_29.png,0.095245361328125
train,22678975_15.png,30,data/processed/train/images/22678975_15_patch_30.png,data/processed/train/masks/22678975_15_patch_30.png,0.101348876953125
train,22678975_15.png,31,data/processed/train/images/22678975_15_patch_31.png,data/processed/train/masks/22678975_15_patch_31.png,0.0954742431640625
train,22678975_15.png,32,data/processed/train/images/22678975_15_patch_32.png,data/processed/train/masks/22678975_15_patch_32.png,0.36761474609375
train,22678975_15.png,33,data/processed/train/images/22678975_15_patch_33.png,data/processed/train/masks/22678975_15_patch_33.png,0.075836181640625
train,22678975_15.png,34,data/processed/train/images/22678975_15_patch_34.png,data/processed/train/masks/22678975_15_patch_34.png,0.1591339111328125
train,22678975_15.png,35,data/processed/train/images/22678975_15_patch_35.png,data/processed/train/masks/22678975_15_patch_35.png,0.1507415771484375
train,22678990_15.png,0,data/processed/train/images/22678990_15_patch_00.png,data/processed/train/masks/22678990_15_patch_00.png,0.0882568359375
train,22678990_15.png,1,data/processed/train/images/22678990_15_patch_01.png,data/processed/train/masks/22678990_15_patch_01.png,0.0841827392578125
train,22678990_15.png,2,data/processed/train/images/22678990_15_patch_02.png,data/processed/train/masks/22678990_15_patch_02.png,0.1008453369140625
train,22678990_15.png,3,data/processed/train/images/22678990_15_patch_03.png,data/processed/train/masks/22678990_15_patch_03.png,0.1036834716796875
train,22678990_15.png,4,data/processed/train/images/22678990_15_patch_04.png,data/processed/train/masks/22678990_15_patch_04.png,0.177337646484375
train,22678990_15.png,5,data/processed/train/images/22678990_15_patch_05.png,data/processed/train/masks/22678990_15_patch_05.png,0.1431121826171875
train,22678990_15.png,6,data/processed/train/images/22678990_15_patch_06.png,data/processed/train/masks/22678990_15_patch_06.png,0.12677001953125
train,22678990_15.png,7,data/processed/train/images/22678990_15_patch_07.png,data/processed/train/masks/22678990_15_patch_07.png,0.08892822265625
train,22678990_15.png,8,data/processed/train/images/22678990_15_patch_08.png,data/processed/train/masks/22678990_15_patch_08.png,0.030059814453125
train,22678990_15.png,9,data/processed/train/images/22678990_15_patch_09.png,data/processed/train/masks/22678990_15_patch_09.png,0.0
train,22678990_15.png,10,data/processed/train/images/22678990_15_patch_10.png,data/processed/train/masks/22678990_15_patch_10.png,0.0862579345703125
train,22678990_15.png,11,data/processed/train/images/22678990_15_patch_11.png,data/processed/train/masks/22678990_15_patch_11.png,0.105560302734375
train,22678990_15.png,12,data/processed/train/images/22678990_15_patch_12.png,data/processed/train/masks/22678990_15_patch_12.png,0.1380157470703125
train,22678990_15.png,13,data/processed/train/images/22678990_15_patch_13.png,data/processed/train/masks/22678990_15_patch_13.png,0.12493896484375
train,22678990_15.png,14,data/processed/train/images/22678990_15_patch_14.png,data/processed/train/masks/22678990_15_patch_14.png,0.0368194580078125
train,22678990_15.png,15,data/processed/train/images/22678990_15_patch_15.png,data/processed/train/masks/22678990_15_patch_15.png,0.0647430419921875
train,22678990_15.png,16,data/processed/train/images/22678990_15_patch_16.png,data/processed/train/masks/22678990_15_patch_16.png,0.081207275390625
train,22678990_15.png,17,data/processed/train/images/22678990_15_patch_17.png,data/processed/train/masks/22678990_15_patch_17.png,0.1260528564453125
train,22678990_15.png,18,data/processed/train/images/22678990_15_patch_18.png,data/processed/train/masks/22678990_15_patch_18.png,0.1261749267578125
train,22678990_15.png,19,data/processed/train/images/22678990_15_patch_19.png,data/processed/train/masks/22678990_15_patch_19.png,0.13702392578125
train,22678990_15.png,20,data/processed/train/images/22678990_15_patch_20.png,data/processed/train/masks/22678990_15_patch_20.png,0.1316986083984375
train,22678990_15.png,21,data/processed/train/images/22678990_15_patch_21.png,data/processed/train/masks/22678990_15_patch_21.png,0.0562286376953125
train,22678990_15.png,22,data/processed/train/images/22678990_15_patch_22.png,data/processed/train/masks/22678990_15_patch_22.png,0.1275482177734375
train,22678990_15.png,23,data/processed/train/images/22678990_15_patch_23.png,data/processed/train/masks/22678990_15_patch_23.png,0.1043853759765625
train,22678990_15.png,24,data/processed/train/images/22678990_15_patch_24.png,data/processed/train/masks/22678990_15_patch_24.png,0.1108551025390625
train,22678990_15.png,25,data/processed/train/images/22678990_15_patch_25.png,data/processed/train/masks/22678990_15_patch_25.png,0.11883544921875
train,22678990_15.png,26,data/processed/train/images/22678990_15_patch_26.png,data/processed/train/masks/22678990_15_patch_26.png,0.0929107666015625
train,22678990_15.png,27,data/processed/train/images/22678990_15_patch_27.png,data/processed/train/masks/22678990_15_patch_27.png,0.1323699951171875
train,22678990_15.png,28,data/processed/train/images/22678990_15_patch_28.png,data/processed/train/masks/22678990_15_patch_28.png,0.2136688232421875
train,22678990_15.png,29,data/processed/train/images/22678990_15_patch_29.png,data/processed/train/masks/22678990_15_patch_29.png,0.3367462158203125
train,22678990_15.png,30,data/processed/train/images/22678990_15_patch_30.png,data/processed/train/masks/22678990_15_patch_30.png,0.07928466796875
train,22678990_15.png,31,data/processed/train/images/22678990_15_patch_31.png,data/processed/train/masks/22678990_15_patch_31.png,0.081695556640625
train,22678990_15.png,32,data/processed/train/images/22678990_15_patch_32.png,data/processed/train/masks/22678990_15_patch_32.png,0.11444091796875
train,22678990_15.png,33,data/processed/train/images/22678990_15_patch_33.png,data/processed/train/masks/22678990_15_patch_33.png,0.1171112060546875
train,22678990_15.png,34,data/processed/train/images/22678990_15_patch_34.png,data/processed/train/masks/22678990_15_patch_34.png,0.1788482666015625
train,22678990_15.png,35,data/processed/train/images/22678990_15_patch_35.png,data/processed/train/masks/22678990_15_patch_35.png,0.4169158935546875
train,22679005_15.png,0,data/processed/train/images/22679005_15_patch_00.png,data/processed/train/masks/22679005_15_patch_00.png,0.13153076171875
train,22679005_15.png,1,data/processed/train/images/22679005_15_patch_01.png,data/processed/train/masks/22679005_15_patch_01.png,0.0532989501953125
train,22679005_15.png,2,data/processed/train/images/22679005_15_patch_02.png,data/processed/train/masks/22679005_15_patch_02.png,0.1373443603515625
train,22679005_15.png,3,data/processed/train/images/22679005_15_patch_03.png,data/processed/train/masks/22679005_15_patch_03.png,0.0946807861328125
train,22679005_15.png,4,data/processed/train/images/22679005_15_patch_04.png,data/processed/train/masks/22679005_15_patch_04.png,0.026031494140625
train,22679005_15.png,5,data/processed/train/images/22679005_15_patch_05.png,data/processed/train/masks/22679005_15_patch_05.png,0.0
train,22679005_15.png,6,data/processed/train/images/22679005_15_patch_06.png,data/processed/train/masks/22679005_15_patch_06.png,0.1806182861328125
train,22679005_15.png,7,data/processed/train/images/22679005_15_patch_07.png,data/processed/train/masks/22679005_15_patch_07.png,0.1194000244140625
train,22679005_15.png,8,data/processed/train/images/22679005_15_patch_08.png,data/processed/train/masks/22679005_15_patch_08.png,0.0825347900390625
train,22679005_15.png,9,data/processed/train/images/22679005_15_patch_09.png,data/processed/train/masks/22679005_15_patch_09.png,0.0143890380859375
train,22679005_15.png,10,data/processed/train/images/22679005_15_patch_10.png,data/processed/train/masks/22679005_15_patch_10.png,0.0507354736328125
train,22679005_15.png,11,data/processed/train/images/22679005_15_patch_11.png,data/processed/train/masks/22679005_15_patch_11.png,0.0142059326171875
train,22679005_15.png,12,data/processed/train/images/22679005_15_patch_12.png,data/processed/train/masks/22679005_15_patch_12.png,0.1475830078125
train,22679005_15.png,13,data/processed/train/images/22679005_15_patch_13.png,data/processed/train/masks/22679005_15_patch_13.png,0.1674957275390625
train,22679005_15.png,14,data/processed/train/images/22679005_15_patch_14.png,data/processed/train/masks/22679005_15_patch_14.png,0.15960693359375
train,22679005_15.png,15,data/processed/train/images/22679005_15_patch_15.png,data/processed/train/masks/22679005_15_patch_15.png,0.1364288330078125
train,22679005_15.png,16,data/processed/train/images/22679005_15_patch_16.png,data/processed/train/masks/22679005_15_patch_16.png,0.15386962890625
train,22679005_15.png,17,data/processed/train/images/22679005_15_patch_17.png,data/processed/train/masks/22679005_15_patch_17.png,0.1633453369140625
train,22679005_15.png,18,data/processed/train/images/22679005_15_patch_18.png,data/processed/train/masks/22679005_15_patch_18.png,0.1485595703125
train,22679005_15.png,19,data/processed/train/images/22679005_15_patch_19.png,data/processed/train/masks/22679005_15_patch_19.png,0.1935577392578125
train,22679005_15.png,20,data/processed/train/images/22679005_15_patch_20.png,data/processed/train/masks/22679005_15_patch_20.png,0.191375732421875
train,22679005_15.png,21,data/processed/train/images/22679005_15_patch_21.png,data/processed/train/masks/22679005_15_patch_21.png,0.14605712890625
train,22679005_15.png,22,data/processed/train/images/22679005_15_patch_22.png,data/processed/train/masks/22679005_15_patch_22.png,0.2346343994140625
train,22679005_15.png,23,data/processed/train/images/22679005_15_patch_23.png,data/processed/train/masks/22679005_15_patch_23.png,0.162017822265625
train,22679005_15.png,24,data/processed/train/images/22679005_15_patch_24.png,data/processed/train/masks/22679005_15_patch_24.png,0.11553955078125
train,22679005_15.png,25,data/processed/train/images/22679005_15_patch_25.png,data/processed/train/masks/22679005_15_patch_25.png,0.1300048828125
train,22679005_15.png,26,data/processed/train/images/22679005_15_patch_26.png,data/processed/train/masks/22679005_15_patch_26.png,0.1770477294921875
train,22679005_15.png,27,data/processed/train/images/22679005_15_patch_27.png,data/processed/train/masks/22679005_15_patch_27.png,0.1988067626953125
train,22679005_15.png,28,data/processed/train/images/22679005_15_patch_28.png,data/processed/train/masks/22679005_15_patch_28.png,0.1631317138671875
train,22679005_15.png,29,data/processed/train/images/22679005_15_patch_29.png,data/processed/train/masks/22679005_15_patch_29.png,0.195343017578125
train,22679005_15.png,30,data/processed/train/images/22679005_15_patch_30.png,data/processed/train/masks/22679005_15_patch_30.png,0.0696258544921875
train,22679005_15.png,31,data/processed/train/images/22679005_15_patch_31.png,data/processed/train/masks/22679005_15_patch_31.png,0.0977020263671875
train,22679005_15.png,32,data/processed/train/images/22679005_15_patch_32.png,data/processed/train/masks/22679005_15_patch_32.png,0.1038970947265625
train,22679005_15.png,33,data/processed/train/images/22679005_15_patch_33.png,data/processed/train/masks/22679005_15_patch_33.png,0.1539764404296875
train,22679005_15.png,34,data/processed/train/images/22679005_15_patch_34.png,data/processed/train/masks/22679005_15_patch_34.png,0.173492431640625
train,22679005_15.png,35,data/processed/train/images/22679005_15_patch_35.png,data/processed/train/masks/22679005_15_patch_35.png,0.170196533203125
train,22679020_15.png,0,data/processed/train/images/22679020_15_patch_00.png,data/processed/train/masks/22679020_15_patch_00.png,0.061676025390625
train,22679020_15.png,1,data/processed/train/images/22679020_15_patch_01.png,data/processed/train/masks/22679020_15_patch_01.png,0.1399993896484375
train,22679020_15.png,2,data/processed/train/images/22679020_15_patch_02.png,data/processed/train/masks/22679020_15_patch_02.png,0.145538330078125
train,22679020_15.png,3,data/processed/train/images/22679020_15_patch_03.png,data/processed/train/masks/22679020_15_patch_03.png,0.08551025390625
train,22679020_15.png,4,data/processed/train/images/22679020_15_patch_04.png,data/processed/train/masks/22679020_15_patch_04.png,0.0099334716796875
train,22679020_15.png,5,data/processed/train/images/22679020_15_patch_05.png,data/processed/train/masks/22679020_15_patch_05.png,0.03985595703125
train,22679020_15.png,6,data/processed/train/images/22679020_15_patch_06.png,data/processed/train/masks/22679020_15_patch_06.png,0.1173553466796875
train,22679020_15.png,7,data/processed/train/images/22679020_15_patch_07.png,data/processed/train/masks/22679020_15_patch_07.png,0.1512298583984375
train,22679020_15.png,8,data/processed/train/images/22679020_15_patch_08.png,data/processed/train/masks/22679020_15_patch_08.png,0.149383544921875
train,22679020_15.png,9,data/processed/train/images/22679020_15_patch_09.png,data/processed/train/masks/22679020_15_patch_09.png,0.1243896484375
train,22679020_15.png,10,data/processed/train/images/22679020_15_patch_10.png,data/processed/train/masks/22679020_15_patch_10.png,0.1341094970703125
train,22679020_15.png,11,data/processed/train/images/22679020_15_patch_11.png,data/processed/train/masks/22679020_15_patch_11.png,0.107025146484375
train,22679020_15.png,12,data/processed/train/images/22679020_15_patch_12.png,data/processed/train/masks/22679020_15_patch_12.png,0.1758575439453125
train,22679020_15.png,13,data/processed/train/images/22679020_15_patch_13.png,data/processed/train/masks/22679020_15_patch_13.png,0.2071685791015625
train,22679020_15.png,14,data/processed/train/images/22679020_15_patch_14.png,data/processed/train/masks/22679020_15_patch_14.png,0.1846160888671875
train,22679020_15.png,15,data/processed/train/images/22679020_15_patch_15.png,data/processed/train/masks/22679020_15_patch_15.png,0.1629638671875
train,22679020_15.png,16,data/processed/train/images/22679020_15_patch_16.png,data/processed/train/masks/22679020_15_patch_16.png,0.1655120849609375
train,22679020_15.png,17,data/processed/train/images/22679020_15_patch_17.png,data/processed/train/masks/22679020_15_patch_17.png,0.1793212890625
train,22679020_15.png,18,data/processed/train/images/22679020_15_patch_18.png,data/processed/train/masks/22679020_15_patch_18.png,0.2280120849609375
train,22679020_15.png,19,data/processed/train/images/22679020_15_patch_19.png,data/processed/train/masks/22679020_15_patch_19.png,0.2359619140625
train,22679020_15.png,20,data/processed/train/images/22679020_15_patch_20.png,data/processed/train/masks/22679020_15_patch_20.png,0.214080810546875
train,22679020_15.png,21,data/processed/train/images/22679020_15_patch_21.png,data/processed/train/masks/22679020_15_patch_21.png,0.181427001953125
train,22679020_15.png,22,data/processed/train/images/22679020_15_patch_22.png,data/processed/train/masks/22679020_15_patch_22.png,0.1936492919921875
train,22679020_15.png,23,data/processed/train/images/22679020_15_patch_23.png,data/processed/train/masks/22679020_15_patch_23.png,0.217529296875
train,22679020_15.png,24,data/processed/train/images/22679020_15_patch_24.png,data/processed/train/masks/22679020_15_patch_24.png,0.220611572265625
train,22679020_15.png,25,data/processed/train/images/22679020_15_patch_25.png,data/processed/train/masks/22679020_15_patch_25.png,0.2026824951171875
train,22679020_15.png,26,data/processed/train/images/22679020_15_patch_26.png,data/processed/train/masks/22679020_15_patch_26.png,0.1912384033203125
train,22679020_15.png,27,data/processed/train/images/22679020_15_patch_27.png,data/processed/train/masks/22679020_15_patch_27.png,0.3544158935546875
train,22679020_15.png,28,data/processed/train/images/22679020_15_patch_28.png,data/processed/train/masks/22679020_15_patch_28.png,0.2981414794921875
train,22679020_15.png,29,data/processed/train/images/22679020_15_patch_29.png,data/processed/train/masks/22679020_15_patch_29.png,0.257476806640625
train,22679020_15.png,30,data/processed/train/images/22679020_15_patch_30.png,data/processed/train/masks/22679020_15_patch_30.png,0.0962371826171875
train,22679020_15.png,31,data/processed/train/images/22679020_15_patch_31.png,data/processed/train/masks/22679020_15_patch_31.png,0.160797119140625
train,22679020_15.png,32,data/processed/train/images/22679020_15_patch_32.png,data/processed/train/masks/22679020_15_patch_32.png,0.110809326171875
train,22679020_15.png,33,data/processed/train/images/22679020_15_patch_33.png,data/processed/train/masks/22679020_15_patch_33.png,0.11181640625
train,22679020_15.png,34,data/processed/train/images/22679020_15_patch_34.png,data/processed/train/masks/22679020_15_patch_34.png,0.14813232421875
train,22679020_15.png,35,data/processed/train/images/22679020_15_patch_35.png,data/processed/train/masks/22679020_15_patch_35.png,0.1203765869140625
train,22679035_15.png,0,data/processed/train/images/22679035_15_patch_00.png,data/processed/train/masks/22679035_15_patch_00.png,0.223663330078125
train,22679035_15.png,1,data/processed/train/images/22679035_15_patch_01.png,data/processed/train/masks/22679035_15_patch_01.png,0.214630126953125
train,22679035_15.png,2,data/processed/train/images/22679035_15_patch_02.png,data/processed/train/masks/22679035_15_patch_02.png,0.1537017822265625
train,22679035_15.png,3,data/processed/train/images/22679035_15_patch_03.png,data/processed/train/masks/22679035_15_patch_03.png,0.1294403076171875
train,22679035_15.png,4,data/processed/train/images/22679035_15_patch_04.png,data/processed/train/masks/22679035_15_patch_04.png,0.1675567626953125
train,22679035_15.png,5,data/processed/train/images/22679035_15_patch_05.png,data/processed/train/masks/22679035_15_patch_05.png,0.136566162109375
train,22679035_15.png,6,data/processed/train/images/22679035_15_patch_06.png,data/processed/train/masks/22679035_15_patch_06.png,0.23492431640625
train,22679035_15.png,7,data/processed/train/images/22679035_15_patch_07.png,data/processed/train/masks/22679035_15_patch_07.png,0.2291107177734375
train,22679035_15.png,8,data/processed/train/images/22679035_15_patch_08.png,data/processed/train/masks/22679035_15_patch_08.png,0.173583984375
train,22679035_15.png,9,data/processed/train/images/22679035_15_patch_09.png,data/processed/train/masks/22679035_15_patch_09.png,0.2103271484375
train,22679035_15.png,10,data/processed/train/images/22679035_15_patch_10.png,data/processed/train/masks/22679035_15_patch_10.png,0.1967620849609375
train,22679035_15.png,11,data/processed/train/images/22679035_15_patch_11.png,data/processed/train/masks/22679035_15_patch_11.png,0.1284942626953125
train,22679035_15.png,12,data/processed/train/images/22679035_15_patch_12.png,data/processed/train/masks/22679035_15_patch_12.png,0.139129638671875
train,22679035_15.png,13,data/processed/train/images/22679035_15_patch_13.png,data/processed/train/masks/22679035_15_patch_13.png,0.2049560546875
train,22679035_15.png,14,data/processed/train/images/22679035_15_patch_14.png,data/processed/train/masks/22679035_15_patch_14.png,0.186187744140625
train,22679035_15.png,15,data/processed/train/images/22679035_15_patch_15.png,data/processed/train/masks/22679035_15_patch_15.png,0.200408935546875
train,22679035_15.png,16,data/processed/train/images/22679035_15_patch_16.png,data/processed/train/masks/22679035_15_patch_16.png,0.144561767578125
train,22679035_15.png,17,data/processed/train/images/22679035_15_patch_17.png,data/processed/train/masks/22679035_15_patch_17.png,0.0504608154296875
train,22679035_15.png,18,data/processed/train/images/22679035_15_patch_18.png,data/processed/train/masks/22679035_15_patch_18.png,0.2369232177734375
train,22679035_15.png,19,data/processed/train/images/22679035_15_patch_19.png,data/processed/train/masks/22679035_15_patch_19.png,0.230682373046875
train,22679035_15.png,20,data/processed/train/images/22679035_15_patch_20.png,data/processed/train/masks/22679035_15_patch_20.png,0.1932525634765625
train,22679035_15.png,21,data/processed/train/images/22679035_15_patch_21.png,data/processed/train/masks/22679035_15_patch_21.png,0.245086669921875
train,22679035_15.png,22,data/processed/train/images/22679035_15_patch_22.png,data/processed/train/masks/22679035_15_patch_22.png,0.2043304443359375
train,22679035_15.png,23,data/processed/train/images/22679035_15_patch_23.png,data/processed/train/masks/22679035_15_patch_23.png,0.127105712890625
train,22679035_15.png,24,data/processed/train/images/22679035_15_patch_24.png,data/processed/train/masks/22679035_15_patch_24.png,0.1643218994140625
train,22679035_15.png,25,data/processed/train/images/22679035_15_patch_25.png,data/processed/train/masks/22679035_15_patch_25.png,0.2154998779296875
train,22679035_15.png,26,data/processed/train/images/22679035_15_patch_26.png,data/processed/train/masks/22679035_15_patch_26.png,0.138092041015625
train,22679035_15.png,27,data/processed/train/images/22679035_15_patch_27.png,data/processed/train/masks/22679035_15_patch_27.png,0.122894287109375
train,22679035_15.png,28,data/processed/train/images/22679035_15_patch_28.png,data/processed/train/masks/22679035_15_patch_28.png,0.0878448486328125
train,22679035_15.png,29,data/processed/train/images/22679035_15_patch_29.png,data/processed/train/masks/22679035_15_patch_29.png,0.1519012451171875
train,22679035_15.png,30,data/processed/train/images/22679035_15_patch_30.png,data/processed/train/masks/22679035_15_patch_30.png,0.142242431640625
train,22679035_15.png,31,data/processed/train/images/22679035_15_patch_31.png,data/processed/train/masks/22679035_15_patch_31.png,0.17071533203125
train,22679035_15.png,32,data/processed/train/images/22679035_15_patch_32.png,data/processed/train/masks/22679035_15_patch_32.png,0.1219940185546875
train,22679035_15.png,33,data/processed/train/images/22679035_15_patch_33.png,data/processed/train/masks/22679035_15_patch_33.png,0.0340118408203125
train,22679035_15.png,34,data/processed/train/images/22679035_15_patch_34.png,data/processed/train/masks/22679035_15_patch_34.png,0.0346221923828125
train,22679035_15.png,35,data/processed/train/images/22679035_15_patch_35.png,data/processed/train/masks/22679035_15_patch_35.png,0.027618408203125
train,22679050_15.png,0,data/processed/train/images/22679050_15_patch_00.png,data/processed/train/masks/22679050_15_patch_00.png,0.0630645751953125
train,22679050_15.png,1,data/processed/train/images/22679050_15_patch_01.png,data/processed/train/masks/22679050_15_patch_01.png,0.0449066162109375
train,22679050_15.png,2,data/processed/train/images/22679050_15_patch_02.png,data/processed/train/masks/22679050_15_patch_02.png,0.090850830078125
train,22679050_15.png,3,data/processed/train/images/22679050_15_patch_03.png,data/processed/train/masks/22679050_15_patch_03.png,0.0883026123046875
train,22679050_15.png,4,data/processed/train/images/22679050_15_patch_04.png,data/processed/train/masks/22679050_15_patch_04.png,0.1169586181640625
train,22679050_15.png,5,data/processed/train/images/22679050_15_patch_05.png,data/processed/train/masks/22679050_15_patch_05.png,0.096954345703125
train,22679050_15.png,6,data/processed/train/images/22679050_15_patch_06.png,data/processed/train/masks/22679050_15_patch_06.png,0.0435791015625
train,22679050_15.png,7,data/processed/train/images/22679050_15_patch_07.png,data/processed/train/masks/22679050_15_patch_07.png,0.0248870849609375
train,22679050_15.png,8,data/processed/train/images/22679050_15_patch_08.png,data/processed/train/masks/22679050_15_patch_08.png,0.132049560546875
train,22679050_15.png,9,data/processed/train/images/22679050_15_patch_09.png,data/processed/train/masks/22679050_15_patch_09.png,0.1782073974609375
train,22679050_15.png,10,data/processed/train/images/22679050_15_patch_10.png,data/processed/train/masks/22679050_15_patch_10.png,0.11846923828125
train,22679050_15.png,11,data/processed/train/images/22679050_15_patch_11.png,data/processed/train/masks/22679050_15_patch_11.png,0.0791015625
train,22679050_15.png,12,data/processed/train/images/22679050_15_patch_12.png,data/processed/train/masks/22679050_15_patch_12.png,0.0759735107421875
train,22679050_15.png,13,data/processed/train/images/22679050_15_patch_13.png,data/processed/train/masks/22679050_15_patch_13.png,0.07147216796875
train,22679050_15.png,14,data/processed/train/images/22679050_15_patch_14.png,data/processed/train/masks/22679050_15_patch_14.png,0.146575927734375
train,22679050_15.png,15,data/processed/train/images/22679050_15_patch_15.png,data/processed/train/masks/22679050_15_patch_15.png,0.107330322265625
train,22679050_15.png,16,data/processed/train/images/22679050_15_patch_16.png,data/processed/train/masks/22679050_15_patch_16.png,0.1031494140625
train,22679050_15.png,17,data/processed/train/images/22679050_15_patch_17.png,data/processed/train/masks/22679050_15_patch_17.png,0.1069488525390625
train,22679050_15.png,18,data/processed/train/images/22679050_15_patch_18.png,data/processed/train/masks/22679050_15_patch_18.png,0.01959228515625
train,22679050_15.png,19,data/processed/train/images/22679050_15_patch_19.png,data/processed/train/masks/22679050_15_patch_19.png,0.0678558349609375
train,22679050_15.png,20,data/processed/train/images/22679050_15_patch_20.png,data/processed/train/masks/22679050_15_patch_20.png,0.0968780517578125
train,22679050_15.png,21,data/processed/train/images/22679050_15_patch_21.png,data/processed/train/masks/22679050_15_patch_21.png,0.0626068115234375
train,22679050_15.png,22,data/processed/train/images/22679050_15_patch_22.png,data/processed/train/masks/22679050_15_patch_22.png,0.093536376953125
train,22679050_15.png,23,data/processed/train/images/22679050_15_patch_23.png,data/processed/train/masks/22679050_15_patch_23.png,0.037811279296875
train,22679050_15.png,24,data/processed/train/images/22679050_15_patch_24.png,data/processed/train/masks/22679050_15_patch_24.png,0.1015167236328125
train,22679050_15.png,25,data/processed/train/images/22679050_15_patch_25.png,data/processed/train/masks/22679050_15_patch_25.png,0.154632568359375
train,22679050_15.png,26,data/processed/train/images/22679050_15_patch_26.png,data/processed/train/masks/22679050_15_patch_26.png,0.1143798828125
train,22679050_15.png,27,data/processed/train/images/22679050_15_patch_27.png,data/processed/train/masks/22679050_15_patch_27.png,0.1320648193359375
train,22679050_15.png,28,data/processed/train/images/22679050_15_patch_28.png,data/processed/train/masks/22679050_15_patch_28.png,0.1577911376953125
train,22679050_15.png,29,data/processed/train/images/22679050_15_patch_29.png,data/processed/train/masks/22679050_15_patch_29.png,0.1032562255859375
train,22679050_15.png,30,data/processed/train/images/22679050_15_patch_30.png,data/processed/train/masks/22679050_15_patch_30.png,0.1337738037109375
train,22679050_15.png,31,data/processed/train/images/22679050_15_patch_31.png,data/processed/train/masks/22679050_15_patch_31.png,0.11676025390625
train,22679050_15.png,32,data/processed/train/images/22679050_15_patch_32.png,data/processed/train/masks/22679050_15_patch_32.png,0.115692138671875
train,22679050_15.png,33,data/processed/train/images/22679050_15_patch_33.png,data/processed/train/masks/22679050_15_patch_33.png,0.113983154296875
train,22679050_15.png,34,data/processed/train/images/22679050_15_patch_34.png,data/processed/train/masks/22679050_15_patch_34.png,0.1024169921875
train,22679050_15.png,35,data/processed/train/images/22679050_15_patch_35.png,data/processed/train/masks/22679050_15_patch_35.png,0.0874481201171875
train,22828915_15.png,0,data/processed/train/images/22828915_15_patch_00.png,data/processed/train/masks/22828915_15_patch_00.png,0.0705718994140625
train,22828915_15.png,1,data/processed/train/images/22828915_15_patch_01.png,data/processed/train/masks/22828915_15_patch_01.png,0.20965576171875
train,22828915_15.png,2,data/processed/train/images/22828915_15_patch_02.png,data/processed/train/masks/22828915_15_patch_02.png,0.206329345703125
train,22828915_15.png,3,data/processed/train/images/22828915_15_patch_03.png,data/processed/train/masks/22828915_15_patch_03.png,0.2038116455078125
train,22828915_15.png,4,data/processed/train/images/22828915_15_patch_04.png,data/processed/train/masks/22828915_15_patch_04.png,0.1492919921875
train,22828915_15.png,5,data/processed/train/images/22828915_15_patch_05.png,data/processed/train/masks/22828915_15_patch_05.png,0.140228271484375
train,22828915_15.png,6,data/processed/train/images/22828915_15_patch_06.png,data/processed/train/masks/22828915_15_patch_06.png,0.2270050048828125
train,22828915_15.png,7,data/processed/train/images/22828915_15_patch_07.png,data/processed/train/masks/22828915_15_patch_07.png,0.14605712890625
train,22828915_15.png,8,data/processed/train/images/22828915_15_patch_08.png,data/processed/train/masks/22828915_15_patch_08.png,0.10308837890625
train,22828915_15.png,9,data/processed/train/images/22828915_15_patch_09.png,data/processed/train/masks/22828915_15_patch_09.png,0.1224517822265625
train,22828915_15.png,10,data/processed/train/images/22828915_15_patch_10.png,data/processed/train/masks/22828915_15_patch_10.png,0.1374664306640625
train,22828915_15.png,11,data/processed/train/images/22828915_15_patch_11.png,data/processed/train/masks/22828915_15_patch_11.png,0.1127777099609375
train,22828915_15.png,12,data/processed/train/images/22828915_15_patch_12.png,data/processed/train/masks/22828915_15_patch_12.png,0.1250762939453125
train,22828915_15.png,13,data/processed/train/images/22828915_15_patch_13.png,data/processed/train/masks/22828915_15_patch_13.png,0.1537933349609375
train,22828915_15.png,14,data/processed/train/images/22828915_15_patch_14.png,data/processed/train/masks/22828915_15_patch_14.png,0.091766357421875
train,22828915_15.png,15,data/processed/train/images/22828915_15_patch_15.png,data/processed/train/masks/22828915_15_patch_15.png,0.0471649169921875
train,22828915_15.png,16,data/processed/train/images/22828915_15_patch_16.png,data/processed/train/masks/22828915_15_patch_16.png,0.09210205078125
train,22828915_15.png,17,data/processed/train/images/22828915_15_patch_17.png,data/processed/train/masks/22828915_15_patch_17.png,0.1250762939453125
train,22828915_15.png,18,data/processed/train/images/22828915_15_patch_18.png,data/processed/train/masks/22828915_15_patch_18.png,0.1147308349609375
train,22828915_15.png,19,data/processed/train/images/22828915_15_patch_19.png,data/processed/train/masks/22828915_15_patch_19.png,0.1403045654296875
train,22828915_15.png,20,data/processed/train/images/22828915_15_patch_20.png,data/processed/train/masks/22828915_15_patch_20.png,0.077972412109375
train,22828915_15.png,21,data/processed/train/images/22828915_15_patch_21.png,data/processed/train/masks/22828915_15_patch_21.png,0.0
train,22828915_15.png,22,data/processed/train/images/22828915_15_patch_22.png,data/processed/train/masks/22828915_15_patch_22.png,0.0191192626953125
train,22828915_15.png,23,data/processed/train/images/22828915_15_patch_23.png,data/processed/train/masks/22828915_15_patch_23.png,0.1156463623046875
train,22828915_15.png,24,data/processed/train/images/22828915_15_patch_24.png,data/processed/train/masks/22828915_15_patch_24.png,0.1390228271484375
train,22828915_15.png,25,data/processed/train/images/22828915_15_patch_25.png,data/processed/train/masks/22828915_15_patch_25.png,0.129180908203125
train,22828915_15.png,26,data/processed/train/images/22828915_15_patch_26.png,data/processed/train/masks/22828915_15_patch_26.png,0.0115814208984375
train,22828915_15.png,27,data/processed/train/images/22828915_15_patch_27.png,data/processed/train/masks/22828915_15_patch_27.png,0.0
train,22828915_15.png,28,data/processed/train/images/22828915_15_patch_28.png,data/processed/train/masks/22828915_15_patch_28.png,0.001251220703125
train,22828915_15.png,29,data/processed/train/images/22828915_15_patch_29.png,data/processed/train/masks/22828915_15_patch_29.png,0.0802459716796875
train,22828915_15.png,30,data/processed/train/images/22828915_15_patch_30.png,data/processed/train/masks/22828915_15_patch_30.png,0.1107025146484375
train,22828915_15.png,31,data/processed/train/images/22828915_15_patch_31.png,data/processed/train/masks/22828915_15_patch_31.png,0.0694122314453125
train,22828915_15.png,32,data/processed/train/images/22828915_15_patch_32.png,data/processed/train/masks/22828915_15_patch_32.png,0.0
train,22828915_15.png,33,data/processed/train/images/22828915_15_patch_33.png,data/processed/train/masks/22828915_15_patch_33.png,0.00018310546875
train,22828915_15.png,34,data/processed/train/images/22828915_15_patch_34.png,data/processed/train/masks/22828915_15_patch_34.png,0.0631256103515625
train,22828915_15.png,35,data/processed/train/images/22828915_15_patch_35.png,data/processed/train/masks/22828915_15_patch_35.png,0.0706634521484375
train,22828945_15.png,0,data/processed/train/images/22828945_15_patch_00.png,data/processed/train/masks/22828945_15_patch_00.png,0.10723876953125
train,22828945_15.png,1,data/processed/train/images/22828945_15_patch_01.png,data/processed/train/masks/22828945_15_patch_01.png,0.105926513671875
train,22828945_15.png,2,data/processed/train/images/22828945_15_patch_02.png,data/processed/train/masks/22828945_15_patch_02.png,0.1184234619140625
train,22828945_15.png,3,data/processed/train/images/22828945_15_patch_03.png,data/processed/train/masks/22828945_15_patch_03.png,0.1031951904296875
train,22828945_15.png,4,data/processed/train/images/22828945_15_patch_04.png,data/processed/train/masks/22828945_15_patch_04.png,0.0963287353515625
train,22828945_15.png,5,data/processed/train/images/22828945_15_patch_05.png,data/processed/train/masks/22828945_15_patch_05.png,0.076446533203125
train,22828945_15.png,6,data/processed/train/images/22828945_15_patch_06.png,data/processed/train/masks/22828945_15_patch_06.png,0.1351165771484375
train,22828945_15.png,7,data/processed/train/images/22828945_15_patch_07.png,data/processed/train/masks/22828945_15_patch_07.png,0.0294952392578125
train,22828945_15.png,8,data/processed/train/images/22828945_15_patch_08.png,data/processed/train/masks/22828945_15_patch_08.png,0.094512939453125
train,22828945_15.png,9,data/processed/train/images/22828945_15_patch_09.png,data/processed/train/masks/22828945_15_patch_09.png,0.1349639892578125
train,22828945_15.png,10,data/processed/train/images/22828945_15_patch_10.png,data/processed/train/masks/22828945_15_patch_10.png,0.1343231201171875
train,22828945_15.png,11,data/processed/train/images/22828945_15_patch_11.png,data/processed/train/masks/22828945_15_patch_11.png,0.0864715576171875
train,22828945_15.png,12,data/processed/train/images/22828945_15_patch_12.png,data/processed/train/masks/22828945_15_patch_12.png,0.1435546875
train,22828945_15.png,13,data/processed/train/images/22828945_15_patch_13.png,data/processed/train/masks/22828945_15_patch_13.png,0.000946044921875
train,22828945_15.png,14,data/processed/train/images/22828945_15_patch_14.png,data/processed/train/masks/22828945_15_patch_14.png,0.105743408203125
train,22828945_15.png,15,data/processed/train/images/22828945_15_patch_15.png,data/processed/train/masks/22828945_15_patch_15.png,0.1432952880859375
train,22828945_15.png,16,data/processed/train/images/22828945_15_patch_16.png,data/processed/train/masks/22828945_15_patch_16.png,0.165985107421875
train,22828945_15.png,17,data/processed/train/images/22828945_15_patch_17.png,data/processed/train/masks/22828945_15_patch_17.png,0.088043212890625
train,22828945_15.png,18,data/processed/train/images/22828945_15_patch_18.png,data/processed/train/masks/22828945_15_patch_18.png,0.0163116455078125
train,22828945_15.png,19,data/processed/train/images/22828945_15_patch_19.png,data/processed/train/masks/22828945_15_patch_19.png,0.00927734375
train,22828945_15.png,20,data/processed/train/images/22828945_15_patch_20.png,data/processed/train/masks/22828945_15_patch_20.png,0.1416778564453125
train,22828945_15.png,21,data/processed/train/images/22828945_15_patch_21.png,data/processed/train/masks/22828945_15_patch_21.png,0.176971435546875
train,22828945_15.png,22,data/processed/train/images/22828945_15_patch_22.png,data/processed/train/masks/22828945_15_patch_22.png,0.154571533203125
train,22828945_15.png,23,data/processed/train/images/22828945_15_patch_23.png,data/processed/train/masks/22828945_15_patch_23.png,0.0645751953125
train,22828945_15.png,24,data/processed/train/images/22828945_15_patch_24.png,data/processed/train/masks/22828945_15_patch_24.png,0.0
train,22828945_15.png,25,data/processed/train/images/22828945_15_patch_25.png,data/processed/train/masks/22828945_15_patch_25.png,0.0
train,22828945_15.png,26,data/processed/train/images/22828945_15_patch_26.png,data/processed/train/masks/22828945_15_patch_26.png,0.0769805908203125
train,22828945_15.png,27,data/processed/train/images/22828945_15_patch_27.png,data/processed/train/masks/22828945_15_patch_27.png,0.18975830078125
train,22828945_15.png,28,data/processed/train/images/22828945_15_patch_28.png,data/processed/train/masks/22828945_15_patch_28.png,0.1388397216796875
train,22828945_15.png,29,data/processed/train/images/22828945_15_patch_29.png,data/processed/train/masks/22828945_15_patch_29.png,0.0814666748046875
train,22828945_15.png,30,data/processed/train/images/22828945_15_patch_30.png,data/processed/train/masks/22828945_15_patch_30.png,0.0779876708984375
train,22828945_15.png,31,data/processed/train/images/22828945_15_patch_31.png,data/processed/train/masks/22828945_15_patch_31.png,0.0472412109375
train,22828945_15.png,32,data/processed/train/images/22828945_15_patch_32.png,data/processed/train/masks/22828945_15_patch_32.png,0.0757293701171875
train,22828945_15.png,33,data/processed/train/images/22828945_15_patch_33.png,data/processed/train/masks/22828945_15_patch_33.png,0.125091552734375
train,22828945_15.png,34,data/processed/train/images/22828945_15_patch_34.png,data/processed/train/masks/22828945_15_patch_34.png,0.0614776611328125
train,22828945_15.png,35,data/processed/train/images/22828945_15_patch_35.png,data/processed/train/masks/22828945_15_patch_35.png,0.123992919921875
train,22828960_15.png,0,data/processed/train/images/22828960_15_patch_00.png,data/processed/train/masks/22828960_15_patch_00.png,0.0508880615234375
train,22828960_15.png,1,data/processed/train/images/22828960_15_patch_01.png,data/processed/train/masks/22828960_15_patch_01.png,0.0635528564453125
train,22828960_15.png,2,data/processed/train/images/22828960_15_patch_02.png,data/processed/train/masks/22828960_15_patch_02.png,0.1020660400390625
train,22828960_15.png,3,data/processed/train/images/22828960_15_patch_03.png,data/processed/train/masks/22828960_15_patch_03.png,0.0823516845703125
train,22828960_15.png,4,data/processed/train/images/22828960_15_patch_04.png,data/processed/train/masks/22828960_15_patch_04.png,0.072509765625
train,22828960_15.png,5,data/processed/train/images/22828960_15_patch_05.png,data/processed/train/masks/22828960_15_patch_05.png,0.0317535400390625
train,22828960_15.png,6,data/processed/train/images/22828960_15_patch_06.png,data/processed/train/masks/22828960_15_patch_06.png,0.0948638916015625
train,22828960_15.png,7,data/processed/train/images/22828960_15_patch_07.png,data/processed/train/masks/22828960_15_patch_07.png,0.021209716796875
train,22828960_15.png,8,data/processed/train/images/22828960_15_patch_08.png,data/processed/train/masks/22828960_15_patch_08.png,0.0297393798828125
train,22828960_15.png,9,data/processed/train/images/22828960_15_patch_09.png,data/processed/train/masks/22828960_15_patch_09.png,0.0521697998046875
train,22828960_15.png,10,data/processed/train/images/22828960_15_patch_10.png,data/processed/train/masks/22828960_15_patch_10.png,0.004486083984375
train,22828960_15.png,11,data/processed/train/images/22828960_15_patch_11.png,data/processed/train/masks/22828960_15_patch_11.png,0.006439208984375
train,22828960_15.png,12,data/processed/train/images/22828960_15_patch_12.png,data/processed/train/masks/22828960_15_patch_12.png,0.0841217041015625
train,22828960_15.png,13,data/processed/train/images/22828960_15_patch_13.png,data/processed/train/masks/22828960_15_patch_13.png,0.0447235107421875
train,22828960_15.png,14,data/processed/train/images/22828960_15_patch_14.png,data/processed/train/masks/22828960_15_patch_14.png,0.0159149169921875
train,22828960_15.png,15,data/processed/train/images/22828960_15_patch_15.png,data/processed/train/masks/22828960_15_patch_15.png,0.0
train,22828960_15.png,16,data/processed/train/images/22828960_15_patch_16.png,data/processed/train/masks/22828960_15_patch_16.png,0.03094482421875
train,22828960_15.png,17,data/processed/train/images/22828960_15_patch_17.png,data/processed/train/masks/22828960_15_patch_17.png,0.0153656005859375
train,22828960_15.png,18,data/processed/train/images/22828960_15_patch_18.png,data/processed/train/masks/22828960_15_patch_18.png,0.0781402587890625
train,22828960_15.png,19,data/processed/train/images/22828960_15_patch_19.png,data/processed/train/masks/22828960_15_patch_19.png,0.0303955078125
train,22828960_15.png,20,data/processed/train/images/22828960_15_patch_20.png,data/processed/train/masks/22828960_15_patch_20.png,0.0041046142578125
train,22828960_15.png,21,data/processed/train/images/22828960_15_patch_21.png,data/processed/train/masks/22828960_15_patch_21.png,0.0
train,22828960_15.png,22,data/processed/train/images/22828960_15_patch_22.png,data/processed/train/masks/22828960_15_patch_22.png,0.003692626953125
train,22828960_15.png,23,data/processed/train/images/22828960_15_patch_23.png,data/processed/train/masks/22828960_15_patch_23.png,0.0027923583984375
train,22828960_15.png,24,data/processed/train/images/22828960_15_patch_24.png,data/processed/train/masks/22828960_15_patch_24.png,0.0600128173828125
train,22828960_15.png,25,data/processed/train/images/22828960_15_patch_25.png,data/processed/train/masks/22828960_15_patch_25.png,0.0186767578125
train,22828960_15.png,26,data/processed/train/images/22828960_15_patch_26.png,data/processed/train/masks/22828960_15_patch_26.png,0.010833740234375
train,22828960_15.png,27,data/processed/train/images/22828960_15_patch_27.png,data/processed/train/masks/22828960_15_patch_27.png,0.0
train,22828960_15.png,28,data/processed/train/images/22828960_15_patch_28.png,data/processed/train/masks/22828960_15_patch_28.png,0.002960205078125
train,22828960_15.png,29,data/processed/train/images/22828960_15_patch_29.png,data/processed/train/masks/22828960_15_patch_29.png,0.0
train,22828960_15.png,30,data/processed/train/images/22828960_15_patch_30.png,data/processed/train/masks/22828960_15_patch_30.png,0.1180572509765625
train,22828960_15.png,31,data/processed/train/images/22828960_15_patch_31.png,data/processed/train/masks/22828960_15_patch_31.png,0.0968475341796875
train,22828960_15.png,32,data/processed/train/images/22828960_15_patch_32.png,data/processed/train/masks/22828960_15_patch_32.png,0.0454254150390625
train,22828960_15.png,33,data/processed/train/images/22828960_15_patch_33.png,data/processed/train/masks/22828960_15_patch_33.png,0.0011444091796875
train,22828960_15.png,34,data/processed/train/images/22828960_15_patch_34.png,data/processed/train/masks/22828960_15_patch_34.png,0.009185791015625
train,22828960_15.png,35,data/processed/train/images/22828960_15_patch_35.png,data/processed/train/masks/22828960_15_patch_35.png,0.0315704345703125
train,22828975_15.png,0,data/processed/train/images/22828975_15_patch_00.png,data/processed/train/masks/22828975_15_patch_00.png,0.1286163330078125
train,22828975_15.png,1,data/processed/train/images/22828975_15_patch_01.png,data/processed/train/masks/22828975_15_patch_01.png,0.0752410888671875
train,22828975_15.png,2,data/processed/train/images/22828975_15_patch_02.png,data/processed/train/masks/22828975_15_patch_02.png,0.0131683349609375
train,22828975_15.png,3,data/processed/train/images/22828975_15_patch_03.png,data/processed/train/masks/22828975_15_patch_03.png,0.013092041015625
train,22828975_15.png,4,data/processed/train/images/22828975_15_patch_04.png,data/processed/train/masks/22828975_15_patch_04.png,0.0894622802734375
train,22828975_15.png,5,data/processed/train/images/22828975_15_patch_05.png,data/processed/train/masks/22828975_15_patch_05.png,0.122802734375
train,22828975_15.png,6,data/processed/train/images/22828975_15_patch_06.png,data/processed/train/masks/22828975_15_patch_06.png,0.0797271728515625
train,22828975_15.png,7,data/processed/train/images/22828975_15_patch_07.png,data/processed/train/masks/22828975_15_patch_07.png,0.067962646484375
train,22828975_15.png,8,data/processed/train/images/22828975_15_patch_08.png,data/processed/train/masks/22828975_15_patch_08.png,0.06951904296875
train,22828975_15.png,9,data/processed/train/images/22828975_15_patch_09.png,data/processed/train/masks/22828975_15_patch_09.png,0.0877227783203125
train,22828975_15.png,10,data/processed/train/images/22828975_15_patch_10.png,data/processed/train/masks/22828975_15_patch_10.png,0.1553955078125
train,22828975_15.png,11,data/processed/train/images/22828975_15_patch_11.png,data/processed/train/masks/22828975_15_patch_11.png,0.1100311279296875
train,22828975_15.png,12,data/processed/train/images/22828975_15_patch_12.png,data/processed/train/masks/22828975_15_patch_12.png,0.0573883056640625
train,22828975_15.png,13,data/processed/train/images/22828975_15_patch_13.png,data/processed/train/masks/22828975_15_patch_13.png,0.0487518310546875
train,22828975_15.png,14,data/processed/train/images/22828975_15_patch_14.png,data/processed/train/masks/22828975_15_patch_14.png,0.083740234375
train,22828975_15.png,15,data/processed/train/images/22828975_15_patch_15.png,data/processed/train/masks/22828975_15_patch_15.png,0.0877532958984375
train,22828975_15.png,16,data/processed/train/images/22828975_15_patch_16.png,data/processed/train/masks/22828975_15_patch_16.png,0.123199462890625
train,22828975_15.png,17,data/processed/train/images/22828975_15_patch_17.png,data/processed/train/masks/22828975_15_patch_17.png,0.1015625
train,22828975_15.png,18,data/processed/train/images/22828975_15_patch_18.png,data/processed/train/masks/22828975_15_patch_18.png,0.0601654052734375
train,22828975_15.png,19,data/processed/train/images/22828975_15_patch_19.png,data/processed/train/masks/22828975_15_patch_19.png,0.125640869140625
train,22828975_15.png,20,data/processed/train/images/22828975_15_patch_20.png,data/processed/train/masks/22828975_15_patch_20.png,0.106292724609375
train,22828975_15.png,21,data/processed/train/images/22828975_15_patch_21.png,data/processed/train/masks/22828975_15_patch_21.png,0.0855560302734375
train,22828975_15.png,22,data/processed/train/images/22828975_15_patch_22.png,data/processed/train/masks/22828975_15_patch_22.png,0.0540771484375
train,22828975_15.png,23,data/processed/train/images/22828975_15_patch_23.png,data/processed/train/masks/22828975_15_patch_23.png,0.0991058349609375
train,22828975_15.png,24,data/processed/train/images/22828975_15_patch_24.png,data/processed/train/masks/22828975_15_patch_24.png,0.09979248046875
train,22828975_15.png,25,data/processed/train/images/22828975_15_patch_25.png,data/processed/train/masks/22828975_15_patch_25.png,0.1028289794921875
train,22828975_15.png,26,data/processed/train/images/22828975_15_patch_26.png,data/processed/train/masks/22828975_15_patch_26.png,0.092620849609375
train,22828975_15.png,27,data/processed/train/images/22828975_15_patch_27.png,data/processed/train/masks/22828975_15_patch_27.png,0.05645751953125
train,22828975_15.png,28,data/processed/train/images/22828975_15_patch_28.png,data/processed/train/masks/22828975_15_patch_28.png,0.081024169921875
train,22828975_15.png,29,data/processed/train/images/22828975_15_patch_29.png,data/processed/train/masks/22828975_15_patch_29.png,0.0780029296875
train,22828975_15.png,30,data/processed/train/images/22828975_15_patch_30.png,data/processed/train/masks/22828975_15_patch_30.png,0.1631622314453125
train,22828975_15.png,31,data/processed/train/images/22828975_15_patch_31.png,data/processed/train/masks/22828975_15_patch_31.png,0.05535888671875
train,22828975_15.png,32,data/processed/train/images/22828975_15_patch_32.png,data/processed/train/masks/22828975_15_patch_32.png,0.0273895263671875
train,22828975_15.png,33,data/processed/train/images/22828975_15_patch_33.png,data/processed/train/masks/22828975_15_patch_33.png,0.0701904296875
train,22828975_15.png,34,data/processed/train/images/22828975_15_patch_34.png,data/processed/train/masks/22828975_15_patch_34.png,0.0371856689453125
train,22828975_15.png,35,data/processed/train/images/22828975_15_patch_35.png,data/processed/train/masks/22828975_15_patch_35.png,0.0483245849609375
train,22829005_15.png,0,data/processed/train/images/22829005_15_patch_00.png,data/processed/train/masks/22829005_15_patch_00.png,0.008392333984375
train,22829005_15.png,1,data/processed/train/images/22829005_15_patch_01.png,data/processed/train/masks/22829005_15_patch_01.png,0.01092529296875
train,22829005_15.png,2,data/processed/train/images/22829005_15_patch_02.png,data/processed/train/masks/22829005_15_patch_02.png,0.0677490234375
train,22829005_15.png,3,data/processed/train/images/22829005_15_patch_03.png,data/processed/train/masks/22829005_15_patch_03.png,0.0
train,22829005_15.png,4,data/processed/train/images/22829005_15_patch_04.png,data/processed/train/masks/22829005_15_patch_04.png,0.05816650390625
train,22829005_15.png,5,data/processed/train/images/22829005_15_patch_05.png,data/processed/train/masks/22829005_15_patch_05.png,0.1250457763671875
train,22829005_15.png,6,data/processed/train/images/22829005_15_patch_06.png,data/processed/train/masks/22829005_15_patch_06.png,0.0038604736328125
train,22829005_15.png,7,data/processed/train/images/22829005_15_patch_07.png,data/processed/train/masks/22829005_15_patch_07.png,0.0258026123046875
train,22829005_15.png,8,data/processed/train/images/22829005_15_patch_08.png,data/processed/train/masks/22829005_15_patch_08.png,0.05859375
train,22829005_15.png,9,data/processed/train/images/22829005_15_patch_09.png,data/processed/train/masks/22829005_15_patch_09.png,0.1021270751953125
train,22829005_15.png,10,data/processed/train/images/22829005_15_patch_10.png,data/processed/train/masks/22829005_15_patch_10.png,0.128875732421875
train,22829005_15.png,11,data/processed/train/images/22829005_15_patch_11.png,data/processed/train/masks/22829005_15_patch_11.png,0.1288604736328125
train,22829005_15.png,12,data/processed/train/images/22829005_15_patch_12.png,data/processed/train/masks/22829005_15_patch_12.png,0.1616973876953125
train,22829005_15.png,13,data/processed/train/images/22829005_15_patch_13.png,data/processed/train/masks/22829005_15_patch_13.png,0.1991119384765625
train,22829005_15.png,14,data/processed/train/images/22829005_15_patch_14.png,data/processed/train/masks/22829005_15_patch_14.png,0.230865478515625
train,22829005_15.png,15,data/processed/train/images/22829005_15_patch_15.png,data/processed/train/masks/22829005_15_patch_15.png,0.2131195068359375
train,22829005_15.png,16,data/processed/train/images/22829005_15_patch_16.png,data/processed/train/masks/22829005_15_patch_16.png,0.164764404296875
train,22829005_15.png,17,data/processed/train/images/22829005_15_patch_17.png,data/processed/train/masks/22829005_15_patch_17.png,0.2008514404296875
train,22829005_15.png,18,data/processed/train/images/22829005_15_patch_18.png,data/processed/train/masks/22829005_15_patch_18.png,0.1396331787109375
train,22829005_15.png,19,data/processed/train/images/22829005_15_patch_19.png,data/processed/train/masks/22829005_15_patch_19.png,0.2275543212890625
train,22829005_15.png,20,data/processed/train/images/22829005_15_patch_20.png,data/processed/train/masks/22829005_15_patch_20.png,0.2120208740234375
train,22829005_15.png,21,data/processed/train/images/22829005_15_patch_21.png,data/processed/train/masks/22829005_15_patch_21.png,0.2208251953125
train,22829005_15.png,22,data/processed/train/images/22829005_15_patch_22.png,data/processed/train/masks/22829005_15_patch_22.png,0.145843505859375
train,22829005_15.png,23,data/processed/train/images/22829005_15_patch_23.png,data/processed/train/masks/22829005_15_patch_23.png,0.228363037109375
train,22829005_15.png,24,data/processed/train/images/22829005_15_patch_24.png,data/processed/train/masks/22829005_15_patch_24.png,0.2518310546875
train,22829005_15.png,25,data/processed/train/images/22829005_15_patch_25.png,data/processed/train/masks/22829005_15_patch_25.png,0.249420166015625
train,22829005_15.png,26,data/processed/train/images/22829005_15_patch_26.png,data/processed/train/masks/22829005_15_patch_26.png,0.197235107421875
train,22829005_15.png,27,data/processed/train/images/22829005_15_patch_27.png,data/processed/train/masks/22829005_15_patch_27.png,0.214447021484375
train,22829005_15.png,28,data/processed/train/images/22829005_15_patch_28.png,data/processed/train/masks/22829005_15_patch_28.png,0.231292724609375
train,22829005_15.png,29,data/processed/train/images/22829005_15_patch_29.png,data/processed/train/masks/22829005_15_patch_29.png,0.17218017578125
train,22829005_15.png,30,data/processed/train/images/22829005_15_patch_30.png,data/processed/train/masks/22829005_15_patch_30.png,0.136138916015625
train,22829005_15.png,31,data/processed/train/images/22829005_15_patch_31.png,data/processed/train/masks/22829005_15_patch_31.png,0.1917877197265625
train,22829005_15.png,32,data/processed/train/images/22829005_15_patch_32.png,data/processed/train/masks/22829005_15_patch_32.png,0.1442718505859375
train,22829005_15.png,33,data/processed/train/images/22829005_15_patch_33.png,data/processed/train/masks/22829005_15_patch_33.png,0.24481201171875
train,22829005_15.png,34,data/processed/train/images/22829005_15_patch_34.png,data/processed/train/masks/22829005_15_patch_34.png,0.2711639404296875
train,22829005_15.png,35,data/processed/train/images/22829005_15_patch_35.png,data/processed/train/masks/22829005_15_patch_35.png,0.2216796875
train,22829020_15.png,0,data/processed/train/images/22829020_15_patch_00.png,data/processed/train/masks/22829020_15_patch_00.png,0.2147674560546875
train,22829020_15.png,1,data/processed/train/images/22829020_15_patch_01.png,data/processed/train/masks/22829020_15_patch_01.png,0.2195281982421875
train,22829020_15.png,2,data/processed/train/images/22829020_15_patch_02.png,data/processed/train/masks/22829020_15_patch_02.png,0.2340850830078125
train,22829020_15.png,3,data/processed/train/images/22829020_15_patch_03.png,data/processed/train/masks/22829020_15_patch_03.png,0.2520294189453125
train,22829020_15.png,4,data/processed/train/images/22829020_15_patch_04.png,data/processed/train/masks/22829020_15_patch_04.png,0.2510986328125
train,22829020_15.png,5,data/processed/train/images/22829020_15_patch_05.png,data/processed/train/masks/22829020_15_patch_05.png,0.0517120361328125
train,22829020_15.png,6,data/processed/train/images/22829020_15_patch_06.png,data/processed/train/masks/22829020_15_patch_06.png,0.1680450439453125
train,22829020_15.png,7,data/processed/train/images/22829020_15_patch_07.png,data/processed/train/masks/22829020_15_patch_07.png,0.1977691650390625
train,22829020_15.png,8,data/processed/train/images/22829020_15_patch_08.png,data/processed/train/masks/22829020_15_patch_08.png,0.2714996337890625
train,22829020_15.png,9,data/processed/train/images/22829020_15_patch_09.png,data/processed/train/masks/22829020_15_patch_09.png,0.3430633544921875
train,22829020_15.png,10,data/processed/train/images/22829020_15_patch_10.png,data/processed/train/masks/22829020_15_patch_10.png,0.3317413330078125
train,22829020_15.png,11,data/processed/train/images/22829020_15_patch_11.png,data/processed/train/masks/22829020_15_patch_11.png,0.053314208984375
train,22829020_15.png,12,data/processed/train/images/22829020_15_patch_12.png,data/processed/train/masks/22829020_15_patch_12.png,0.2283935546875
train,22829020_15.png,13,data/processed/train/images/22829020_15_patch_13.png,data/processed/train/masks/22829020_15_patch_13.png,0.265838623046875
train,22829020_15.png,14,data/processed/train/images/22829020_15_patch_14.png,data/processed/train/masks/22829020_15_patch_14.png,0.2647857666015625
train,22829020_15.png,15,data/processed/train/images/22829020_15_patch_15.png,data/processed/train/masks/22829020_15_patch_15.png,0.288299560546875
train,22829020_15.png,16,data/processed/train/images/22829020_15_patch_16.png,data/processed/train/masks/22829020_15_patch_16.png,0.2169647216796875
train,22829020_15.png,17,data/processed/train/images/22829020_15_patch_17.png,data/processed/train/masks/22829020_15_patch_17.png,0.023040771484375
train,22829020_15.png,18,data/processed/train/images/22829020_15_patch_18.png,data/processed/train/masks/22829020_15_patch_18.png,0.24017333984375
train,22829020_15.png,19,data/processed/train/images/22829020_15_patch_19.png,data/processed/train/masks/22829020_15_patch_19.png,0.217254638671875
train,22829020_15.png,20,data/processed/train/images/22829020_15_patch_20.png,data/processed/train/masks/22829020_15_patch_20.png,0.30572509765625
train,22829020_15.png,21,data/processed/train/images/22829020_15_patch_21.png,data/processed/train/masks/22829020_15_patch_21.png,0.1810302734375
train,22829020_15.png,22,data/processed/train/images/22829020_15_patch_22.png,data/processed/train/masks/22829020_15_patch_22.png,0.0887451171875
train,22829020_15.png,23,data/processed/train/images/22829020_15_patch_23.png,data/processed/train/masks/22829020_15_patch_23.png,0.085052490234375
train,22829020_15.png,24,data/processed/train/images/22829020_15_patch_24.png,data/processed/train/masks/22829020_15_patch_24.png,0.2887115478515625
train,22829020_15.png,25,data/processed/train/images/22829020_15_patch_25.png,data/processed/train/masks/22829020_15_patch_25.png,0.3028411865234375
train,22829020_15.png,26,data/processed/train/images/22829020_15_patch_26.png,data/processed/train/masks/22829020_15_patch_26.png,0.2788238525390625
train,22829020_15.png,27,data/processed/train/images/22829020_15_patch_27.png,data/processed/train/masks/22829020_15_patch_27.png,0.257080078125
train,22829020_15.png,28,data/processed/train/images/22829020_15_patch_28.png,data/processed/train/masks/22829020_15_patch_28.png,0.286651611328125
train,22829020_15.png,29,data/processed/train/images/22829020_15_patch_29.png,data/processed/train/masks/22829020_15_patch_29.png,0.1937408447265625
train,22829020_15.png,30,data/processed/train/images/22829020_15_patch_30.png,data/processed/train/masks/22829020_15_patch_30.png,0.3350677490234375
train,22829020_15.png,31,data/processed/train/images/22829020_15_patch_31.png,data/processed/train/masks/22829020_15_patch_31.png,0.1215972900390625
train,22829020_15.png,32,data/processed/train/images/22829020_15_patch_32.png,data/processed/train/masks/22829020_15_patch_32.png,0.268829345703125
train,22829020_15.png,33,data/processed/train/images/22829020_15_patch_33.png,data/processed/train/masks/22829020_15_patch_33.png,0.309722900390625
train,22829020_15.png,34,data/processed/train/images/22829020_15_patch_34.png,data/processed/train/masks/22829020_15_patch_34.png,0.1965484619140625
train,22829020_15.png,35,data/processed/train/images/22829020_15_patch_35.png,data/processed/train/masks/22829020_15_patch_35.png,0.07525634765625
train,22829035_15.png,0,data/processed/train/images/22829035_15_patch_00.png,data/processed/train/masks/22829035_15_patch_00.png,0.136932373046875
train,22829035_15.png,1,data/processed/train/images/22829035_15_patch_01.png,data/processed/train/masks/22829035_15_patch_01.png,0.1304779052734375
train,22829035_15.png,2,data/processed/train/images/22829035_15_patch_02.png,data/processed/train/masks/22829035_15_patch_02.png,0.0584564208984375
train,22829035_15.png,3,data/processed/train/images/22829035_15_patch_03.png,data/processed/train/masks/22829035_15_patch_03.png,0.0
train,22829035_15.png,4,data/processed/train/images/22829035_15_patch_04.png,data/processed/train/masks/22829035_15_patch_04.png,0.0
train,22829035_15.png,5,data/processed/train/images/22829035_15_patch_05.png,data/processed/train/masks/22829035_15_patch_05.png,0.0072021484375
train,22829035_15.png,6,data/processed/train/images/22829035_15_patch_06.png,data/processed/train/masks/22829035_15_patch_06.png,0.1499481201171875
train,22829035_15.png,7,data/processed/train/images/22829035_15_patch_07.png,data/processed/train/masks/22829035_15_patch_07.png,0.1717681884765625
train,22829035_15.png,8,data/processed/train/images/22829035_15_patch_08.png,data/processed/train/masks/22829035_15_patch_08.png,0.0439453125
train,22829035_15.png,9,data/processed/train/images/22829035_15_patch_09.png,data/processed/train/masks/22829035_15_patch_09.png,0.0
train,22829035_15.png,10,data/processed/train/images/22829035_15_patch_10.png,data/processed/train/masks/22829035_15_patch_10.png,0.0
train,22829035_15.png,11,data/processed/train/images/22829035_15_patch_11.png,data/processed/train/masks/22829035_15_patch_11.png,0.0
train,22829035_15.png,12,data/processed/train/images/22829035_15_patch_12.png,data/processed/train/masks/22829035_15_patch_12.png,0.1608428955078125
train,22829035_15.png,13,data/processed/train/images/22829035_15_patch_13.png,data/processed/train/masks/22829035_15_patch_13.png,0.1576690673828125
train,22829035_15.png,14,data/processed/train/images/22829035_15_patch_14.png,data/processed/train/masks/22829035_15_patch_14.png,0.04278564453125
train,22829035_15.png,15,data/processed/train/images/22829035_15_patch_15.png,data/processed/train/masks/22829035_15_patch_15.png,0.0
train,22829035_15.png,16,data/processed/train/images/22829035_15_patch_16.png,data/processed/train/masks/22829035_15_patch_16.png,0.0
train,22829035_15.png,17,data/processed/train/images/22829035_15_patch_17.png,data/processed/train/masks/22829035_15_patch_17.png,0.0
train,22829035_15.png,18,data/processed/train/images/22829035_15_patch_18.png,data/processed/train/masks/22829035_15_patch_18.png,0.1696929931640625
train,22829035_15.png,19,data/processed/train/images/22829035_15_patch_19.png,data/processed/train/masks/22829035_15_patch_19.png,0.2751617431640625
train,22829035_15.png,20,data/processed/train/images/22829035_15_patch_20.png,data/processed/train/masks/22829035_15_patch_20.png,0.1174774169921875
train,22829035_15.png,21,data/processed/train/images/22829035_15_patch_21.png,data/processed/train/masks/22829035_15_patch_21.png,0.069854736328125
train,22829035_15.png,22,data/processed/train/images/22829035_15_patch_22.png,data/processed/train/masks/22829035_15_patch_22.png,0.1129608154296875
train,22829035_15.png,23,data/processed/train/images/22829035_15_patch_23.png,data/processed/train/masks/22829035_15_patch_23.png,0.0004730224609375
train,22829035_15.png,24,data/processed/train/images/22829035_15_patch_24.png,data/processed/train/masks/22829035_15_patch_24.png,0.229156494140625
train,22829035_15.png,25,data/processed/train/images/22829035_15_patch_25.png,data/processed/train/masks/22829035_15_patch_25.png,0.263427734375
train,22829035_15.png,26,data/processed/train/images/22829035_15_patch_26.png,data/processed/train/masks/22829035_15_patch_26.png,0.2269134521484375
train,22829035_15.png,27,data/processed/train/images/22829035_15_patch_27.png,data/processed/train/masks/22829035_15_patch_27.png,0.1905670166015625
train,22829035_15.png,28,data/processed/train/images/22829035_15_patch_28.png,data/processed/train/masks/22829035_15_patch_28.png,0.2089385986328125
train,22829035_15.png,29,data/processed/train/images/22829035_15_patch_29.png,data/processed/train/masks/22829035_15_patch_29.png,0.175079345703125
train,22829035_15.png,30,data/processed/train/images/22829035_15_patch_30.png,data/processed/train/masks/22829035_15_patch_30.png,0.2122955322265625
train,22829035_15.png,31,data/processed/train/images/22829035_15_patch_31.png,data/processed/train/masks/22829035_15_patch_31.png,0.2084503173828125
train,22829035_15.png,32,data/processed/train/images/22829035_15_patch_32.png,data/processed/train/masks/22829035_15_patch_32.png,0.1985321044921875
train,22829035_15.png,33,data/processed/train/images/22829035_15_patch_33.png,data/processed/train/masks/22829035_15_patch_33.png,0.21453857421875
train,22829035_15.png,34,data/processed/train/images/22829035_15_patch_34.png,data/processed/train/masks/22829035_15_patch_34.png,0.1772003173828125
train,22829035_15.png,35,data/processed/train/images/22829035_15_patch_35.png,data/processed/train/masks/22829035_15_patch_35.png,0.15899658203125
train,22978870_15.png,0,data/processed/train/images/22978870_15_patch_00.png,data/processed/train/masks/22978870_15_patch_00.png,0.0806884765625
train,22978870_15.png,1,data/processed/train/images/22978870_15_patch_01.png,data/processed/train/masks/22978870_15_patch_01.png,0.0022430419921875
train,22978870_15.png,2,data/processed/train/images/22978870_15_patch_02.png,data/processed/train/masks/22978870_15_patch_02.png,0.0455322265625
train,22978870_15.png,3,data/processed/train/images/22978870_15_patch_03.png,data/processed/train/masks/22978870_15_patch_03.png,0.0637969970703125
train,22978870_15.png,4,data/processed/train/images/22978870_15_patch_04.png,data/processed/train/masks/22978870_15_patch_04.png,0.0316009521484375
train,22978870_15.png,5,data/processed/train/images/22978870_15_patch_05.png,data/processed/train/masks/22978870_15_patch_05.png,0.06378173828125
train,22978870_15.png,6,data/processed/train/images/22978870_15_patch_06.png,data/processed/train/masks/22978870_15_patch_06.png,0.0849761962890625
train,22978870_15.png,7,data/processed/train/images/22978870_15_patch_07.png,data/processed/train/masks/22978870_15_patch_07.png,0.182403564453125
train,22978870_15.png,8,data/processed/train/images/22978870_15_patch_08.png,data/processed/train/masks/22978870_15_patch_08.png,0.39813232421875
train,22978870_15.png,9,data/processed/train/images/22978870_15_patch_09.png,data/processed/train/masks/22978870_15_patch_09.png,0.165069580078125
train,22978870_15.png,10,data/processed/train/images/22978870_15_patch_10.png,data/processed/train/masks/22978870_15_patch_10.png,0.1038970947265625
train,22978870_15.png,11,data/processed/train/images/22978870_15_patch_11.png,data/processed/train/masks/22978870_15_patch_11.png,0.1456146240234375
train,22978870_15.png,12,data/processed/train/images/22978870_15_patch_12.png,data/processed/train/masks/22978870_15_patch_12.png,0.107269287109375
train,22978870_15.png,13,data/processed/train/images/22978870_15_patch_13.png,data/processed/train/masks/22978870_15_patch_13.png,0.0497894287109375
train,22978870_15.png,14,data/processed/train/images/22978870_15_patch_14.png,data/processed/train/masks/22978870_15_patch_14.png,0.349212646484375
train,22978870_15.png,15,data/processed/train/images/22978870_15_patch_15.png,data/processed/train/masks/22978870_15_patch_15.png,0.176910400390625
train,22978870_15.png,16,data/processed/train/images/22978870_15_patch_16.png,data/processed/train/masks/22978870_15_patch_16.png,0.0726776123046875
train,22978870_15.png,17,data/processed/train/images/22978870_15_patch_17.png,data/processed/train/masks/22978870_15_patch_17.png,0.099151611328125
train,22978870_15.png,18,data/processed/train/images/22978870_15_patch_18.png,data/processed/train/masks/22978870_15_patch_18.png,0.0672149658203125
train,22978870_15.png,19,data/processed/train/images/22978870_15_patch_19.png,data/processed/train/masks/22978870_15_patch_19.png,0.022186279296875
train,22978870_15.png,20,data/processed/train/images/22978870_15_patch_20.png,data/processed/train/masks/22978870_15_patch_20.png,0.1162261962890625
train,22978870_15.png,21,data/processed/train/images/22978870_15_patch_21.png,data/processed/train/masks/22978870_15_patch_21.png,0.1247406005859375
train,22978870_15.png,22,data/processed/train/images/22978870_15_patch_22.png,data/processed/train/masks/22978870_15_patch_22.png,0.305023193359375
train,22978870_15.png,23,data/processed/train/images/22978870_15_patch_23.png,data/processed/train/masks/22978870_15_patch_23.png,0.12591552734375
train,22978870_15.png,24,data/processed/train/images/22978870_15_patch_24.png,data/processed/train/masks/22978870_15_patch_24.png,0.063018798828125
train,22978870_15.png,25,data/processed/train/images/22978870_15_patch_25.png,data/processed/train/masks/22978870_15_patch_25.png,0.121185302734375
train,22978870_15.png,26,data/processed/train/images/22978870_15_patch_26.png,data/processed/train/masks/22978870_15_patch_26.png,0.1158599853515625
train,22978870_15.png,27,data/processed/train/images/22978870_15_patch_27.png,data/processed/train/masks/22978870_15_patch_27.png,0.0841217041015625
train,22978870_15.png,28,data/processed/train/images/22978870_15_patch_28.png,data/processed/train/masks/22978870_15_patch_28.png,0.448699951171875
train,22978870_15.png,29,data/processed/train/images/22978870_15_patch_29.png,data/processed/train/masks/22978870_15_patch_29.png,0.1807403564453125
train,22978870_15.png,30,data/processed/train/images/22978870_15_patch_30.png,data/processed/train/masks/22978870_15_patch_30.png,0.082122802734375
train,22978870_15.png,31,data/processed/train/images/22978870_15_patch_31.png,data/processed/train/masks/22978870_15_patch_31.png,0.078857421875
train,22978870_15.png,32,data/processed/train/images/22978870_15_patch_32.png,data/processed/train/masks/22978870_15_patch_32.png,0.074432373046875
train,22978870_15.png,33,data/processed/train/images/22978870_15_patch_33.png,data/processed/train/masks/22978870_15_patch_33.png,0.0130462646484375
train,22978870_15.png,34,data/processed/train/images/22978870_15_patch_34.png,data/processed/train/masks/22978870_15_patch_34.png,0.0076141357421875
train,22978870_15.png,35,data/processed/train/images/22978870_15_patch_35.png,data/processed/train/masks/22978870_15_patch_35.png,0.0
train,22978885_15.png,0,data/processed/train/images/22978885_15_patch_00.png,data/processed/train/masks/22978885_15_patch_00.png,0.0326995849609375
train,22978885_15.png,1,data/processed/train/images/22978885_15_patch_01.png,data/processed/train/masks/22978885_15_patch_01.png,0.1252899169921875
train,22978885_15.png,2,data/processed/train/images/22978885_15_patch_02.png,data/processed/train/masks/22978885_15_patch_02.png,0.119873046875
train,22978885_15.png,3,data/processed/train/images/22978885_15_patch_03.png,data/processed/train/masks/22978885_15_patch_03.png,0.006744384765625
train,22978885_15.png,4,data/processed/train/images/22978885_15_patch_04.png,data/processed/train/masks/22978885_15_patch_04.png,0.079742431640625
train,22978885_15.png,5,data/processed/train/images/22978885_15_patch_05.png,data/processed/train/masks/22978885_15_patch_05.png,0.1484375
train,22978885_15.png,6,data/processed/train/images/22978885_15_patch_06.png,data/processed/train/masks/22978885_15_patch_06.png,0.0946807861328125
train,22978885_15.png,7,data/processed/train/images/22978885_15_patch_07.png,data/processed/train/masks/22978885_15_patch_07.png,0.1187744140625
train,22978885_15.png,8,data/processed/train/images/22978885_15_patch_08.png,data/processed/train/masks/22978885_15_patch_08.png,0.0440521240234375
train,22978885_15.png,9,data/processed/train/images/22978885_15_patch_09.png,data/processed/train/masks/22978885_15_patch_09.png,0.0684356689453125
train,22978885_15.png,10,data/processed/train/images/22978885_15_patch_10.png,data/processed/train/masks/22978885_15_patch_10.png,0.13446044921875
train,22978885_15.png,11,data/processed/train/images/22978885_15_patch_11.png,data/processed/train/masks/22978885_15_patch_11.png,0.161773681640625
train,22978885_15.png,12,data/processed/train/images/22978885_15_patch_12.png,data/processed/train/masks/22978885_15_patch_12.png,0.0547332763671875
train,22978885_15.png,13,data/processed/train/images/22978885_15_patch_13.png,data/processed/train/masks/22978885_15_patch_13.png,0.0
train,22978885_15.png,14,data/processed/train/images/22978885_15_patch_14.png,data/processed/train/masks/22978885_15_patch_14.png,0.0
train,22978885_15.png,15,data/processed/train/images/22978885_15_patch_15.png,data/processed/train/masks/22978885_15_patch_15.png,0.0398101806640625
train,22978885_15.png,16,data/processed/train/images/22978885_15_patch_16.png,data/processed/train/masks/22978885_15_patch_16.png,0.018096923828125
train,22978885_15.png,17,data/processed/train/images/22978885_15_patch_17.png,data/processed/train/masks/22978885_15_patch_17.png,0.18743896484375
train,22978885_15.png,18,data/processed/train/images/22978885_15_patch_18.png,data/processed/train/masks/22978885_15_patch_18.png,0.0636444091796875
train,22978885_15.png,19,data/processed/train/images/22978885_15_patch_19.png,data/processed/train/masks/22978885_15_patch_19.png,0.0224761962890625
train,22978885_15.png,20,data/processed/train/images/22978885_15_patch_20.png,data/processed/train/masks/22978885_15_patch_20.png,0.00323486328125
train,22978885_15.png,21,data/processed/train/images/22978885_15_patch_21.png,data/processed/train/masks/22978885_15_patch_21.png,0.02825927734375
train,22978885_15.png,22,data/processed/train/images/22978885_15_patch_22.png,data/processed/train/masks/22978885_15_patch_22.png,0.046630859375
train,22978885_15.png,23,data/processed/train/images/22978885_15_patch_23.png,data/processed/train/masks/22978885_15_patch_23.png,0.392364501953125
train,22978885_15.png,24,data/processed/train/images/22978885_15_patch_24.png,data/processed/train/masks/22978885_15_patch_24.png,0.11785888671875
train,22978885_15.png,25,data/processed/train/images/22978885_15_patch_25.png,data/processed/train/masks/22978885_15_patch_25.png,0.141845703125
train,22978885_15.png,26,data/processed/train/images/22978885_15_patch_26.png,data/processed/train/masks/22978885_15_patch_26.png,0.1189422607421875
train,22978885_15.png,27,data/processed/train/images/22978885_15_patch_27.png,data/processed/train/masks/22978885_15_patch_27.png,0.14764404296875
train,22978885_15.png,28,data/processed/train/images/22978885_15_patch_28.png,data/processed/train/masks/22978885_15_patch_28.png,0.10198974609375
train,22978885_15.png,29,data/processed/train/images/22978885_15_patch_29.png,data/processed/train/masks/22978885_15_patch_29.png,0.11346435546875
train,22978885_15.png,30,data/processed/train/images/22978885_15_patch_30.png,data/processed/train/masks/22978885_15_patch_30.png,0.0796966552734375
train,22978885_15.png,31,data/processed/train/images/22978885_15_patch_31.png,data/processed/train/masks/22978885_15_patch_31.png,0.0811309814453125
train,22978885_15.png,32,data/processed/train/images/22978885_15_patch_32.png,data/processed/train/masks/22978885_15_patch_32.png,0.104827880859375
train,22978885_15.png,33,data/processed/train/images/22978885_15_patch_33.png,data/processed/train/masks/22978885_15_patch_33.png,0.147674560546875
train,22978885_15.png,34,data/processed/train/images/22978885_15_patch_34.png,data/processed/train/masks/22978885_15_patch_34.png,0.08837890625
train,22978885_15.png,35,data/processed/train/images/22978885_15_patch_35.png,data/processed/train/masks/22978885_15_patch_35.png,0.166015625
train,22978900_15.png,0,data/processed/train/images/22978900_15_patch_00.png,data/processed/train/masks/22978900_15_patch_00.png,0.004669189453125
train,22978900_15.png,1,data/processed/train/images/22978900_15_patch_01.png,data/processed/train/masks/22978900_15_patch_01.png,0.0
train,22978900_15.png,2,data/processed/train/images/22978900_15_patch_02.png,data/processed/train/masks/22978900_15_patch_02.png,0.0
train,22978900_15.png,3,data/processed/train/images/22978900_15_patch_03.png,data/processed/train/masks/22978900_15_patch_03.png,0.0
train,22978900_15.png,4,data/processed/train/images/22978900_15_patch_04.png,data/processed/train/masks/22978900_15_patch_04.png,0.0
train,22978900_15.png,5,data/processed/train/images/22978900_15_patch_05.png,data/processed/train/masks/22978900_15_patch_05.png,0.0096588134765625
train,22978900_15.png,6,data/processed/train/images/22978900_15_patch_06.png,data/processed/train/masks/22978900_15_patch_06.png,0.072357177734375
train,22978900_15.png,7,data/processed/train/images/22978900_15_patch_07.png,data/processed/train/masks/22978900_15_patch_07.png,0.0
train,22978900_15.png,8,data/processed/train/images/22978900_15_patch_08.png,data/processed/train/masks/22978900_15_patch_08.png,0.0
train,22978900_15.png,9,data/processed/train/images/22978900_15_patch_09.png,data/processed/train/masks/22978900_15_patch_09.png,0.0
train,22978900_15.png,10,data/processed/train/images/22978900_15_patch_10.png,data/processed/train/masks/22978900_15_patch_10.png,0.0
train,22978900_15.png,11,data/processed/train/images/22978900_15_patch_11.png,data/processed/train/masks/22978900_15_patch_11.png,0.0
train,22978900_15.png,12,data/processed/train/images/22978900_15_patch_12.png,data/processed/train/masks/22978900_15_patch_12.png,0.03460693359375
train,22978900_15.png,13,data/processed/train/images/22978900_15_patch_13.png,data/processed/train/masks/22978900_15_patch_13.png,0.0
train,22978900_15.png,14,data/processed/train/images/22978900_15_patch_14.png,data/processed/train/masks/22978900_15_patch_14.png,0.0
train,22978900_15.png,15,data/processed/train/images/22978900_15_patch_15.png,data/processed/train/masks/22978900_15_patch_15.png,0.0
train,22978900_15.png,16,data/processed/train/images/22978900_15_patch_16.png,data/processed/train/masks/22978900_15_patch_16.png,0.0
train,22978900_15.png,17,data/processed/train/images/22978900_15_patch_17.png,data/processed/train/masks/22978900_15_patch_17.png,0.0078582763671875
train,22978900_15.png,18,data/processed/train/images/22978900_15_patch_18.png,data/processed/train/masks/22978900_15_patch_18.png,0.134796142578125
train,22978900_15.png,19,data/processed/train/images/22978900_15_patch_19.png,data/processed/train/masks/22978900_15_patch_19.png,0.0469818115234375
train,22978900_15.png,20,data/processed/train/images/22978900_15_patch_20.png,data/processed/train/masks/22978900_15_patch_20.png,0.0
train,22978900_15.png,21,data/processed/train/images/22978900_15_patch_21.png,data/processed/train/masks/22978900_15_patch_21.png,0.0
train,22978900_15.png,22,data/processed/train/images/22978900_15_patch_22.png,data/processed/train/masks/22978900_15_patch_22.png,0.0
train,22978900_15.png,23,data/processed/train/images/22978900_15_patch_23.png,data/processed/train/masks/22978900_15_patch_23.png,0.004974365234375
train,22978900_15.png,24,data/processed/train/images/22978900_15_patch_24.png,data/processed/train/masks/22978900_15_patch_24.png,0.137237548828125
train,22978900_15.png,25,data/processed/train/images/22978900_15_patch_25.png,data/processed/train/masks/22978900_15_patch_25.png,0.1413116455078125
train,22978900_15.png,26,data/processed/train/images/22978900_15_patch_26.png,data/processed/train/masks/22978900_15_patch_26.png,0.0816802978515625
train,22978900_15.png,27,data/processed/train/images/22978900_15_patch_27.png,data/processed/train/masks/22978900_15_patch_27.png,0.017059326171875
train,22978900_15.png,28,data/processed/train/images/22978900_15_patch_28.png,data/processed/train/masks/22978900_15_patch_28.png,0.0
train,22978900_15.png,29,data/processed/train/images/22978900_15_patch_29.png,data/processed/train/masks/22978900_15_patch_29.png,0.065948486328125
train,22978900_15.png,30,data/processed/train/images/22978900_15_patch_30.png,data/processed/train/masks/22978900_15_patch_30.png,0.0452423095703125
train,22978900_15.png,31,data/processed/train/images/22978900_15_patch_31.png,data/processed/train/masks/22978900_15_patch_31.png,0.081451416015625
train,22978900_15.png,32,data/processed/train/images/22978900_15_patch_32.png,data/processed/train/masks/22978900_15_patch_32.png,0.1105194091796875
train,22978900_15.png,33,data/processed/train/images/22978900_15_patch_33.png,data/processed/train/masks/22978900_15_patch_33.png,0.025238037109375
train,22978900_15.png,34,data/processed/train/images/22978900_15_patch_34.png,data/processed/train/masks/22978900_15_patch_34.png,0.02520751953125
train,22978900_15.png,35,data/processed/train/images/22978900_15_patch_35.png,data/processed/train/masks/22978900_15_patch_35.png,0.1328277587890625
train,22978915_15.png,0,data/processed/train/images/22978915_15_patch_00.png,data/processed/train/masks/22978915_15_patch_00.png,0.1353302001953125
train,22978915_15.png,1,data/processed/train/images/22978915_15_patch_01.png,data/processed/train/masks/22978915_15_patch_01.png,0.094482421875
train,22978915_15.png,2,data/processed/train/images/22978915_15_patch_02.png,data/processed/train/masks/22978915_15_patch_02.png,0.1503143310546875
train,22978915_15.png,3,data/processed/train/images/22978915_15_patch_03.png,data/processed/train/masks/22978915_15_patch_03.png,0.181304931640625
train,22978915_15.png,4,data/processed/train/images/22978915_15_patch_04.png,data/processed/train/masks/22978915_15_patch_04.png,0.232147216796875
train,22978915_15.png,5,data/processed/train/images/22978915_15_patch_05.png,data/processed/train/masks/22978915_15_patch_05.png,0.1763153076171875
train,22978915_15.png,6,data/processed/train/images/22978915_15_patch_06.png,data/processed/train/masks/22978915_15_patch_06.png,0.1497802734375
train,22978915_15.png,7,data/processed/train/images/22978915_15_patch_07.png,data/processed/train/masks/22978915_15_patch_07.png,0.081207275390625
train,22978915_15.png,8,data/processed/train/images/22978915_15_patch_08.png,data/processed/train/masks/22978915_15_patch_08.png,0.069091796875
train,22978915_15.png,9,data/processed/train/images/22978915_15_patch_09.png,data/processed/train/masks/22978915_15_patch_09.png,0.2084808349609375
train,22978915_15.png,10,data/processed/train/images/22978915_15_patch_10.png,data/processed/train/masks/22978915_15_patch_10.png,0.1580047607421875
train,22978915_15.png,11,data/processed/train/images/22978915_15_patch_11.png,data/processed/train/masks/22978915_15_patch_11.png,0.1449737548828125
train,22978915_15.png,12,data/processed/train/images/22978915_15_patch_12.png,data/processed/train/masks/22978915_15_patch_12.png,0.143310546875
train,22978915_15.png,13,data/processed/train/images/22978915_15_patch_13.png,data/processed/train/masks/22978915_15_patch_13.png,0.0415802001953125
train,22978915_15.png,14,data/processed/train/images/22978915_15_patch_14.png,data/processed/train/masks/22978915_15_patch_14.png,0.0466461181640625
train,22978915_15.png,15,data/processed/train/images/22978915_15_patch_15.png,data/processed/train/masks/22978915_15_patch_15.png,0.1942901611328125
train,22978915_15.png,16,data/processed/train/images/22978915_15_patch_16.png,data/processed/train/masks/22978915_15_patch_16.png,0.0882110595703125
train,22978915_15.png,17,data/processed/train/images/22978915_15_patch_17.png,data/processed/train/masks/22978915_15_patch_17.png,0.115386962890625
train,22978915_15.png,18,data/processed/train/images/22978915_15_patch_18.png,data/processed/train/masks/22978915_15_patch_18.png,0.14141845703125
train,22978915_15.png,19,data/processed/train/images/22978915_15_patch_19.png,data/processed/train/masks/22978915_15_patch_19.png,0.0761566162109375
train,22978915_15.png,20,data/processed/train/images/22978915_15_patch_20.png,data/processed/train/masks/22978915_15_patch_20.png,0.0018463134765625
train,22978915_15.png,21,data/processed/train/images/22978915_15_patch_21.png,data/processed/train/masks/22978915_15_patch_21.png,0.092681884765625
train,22978915_15.png,22,data/processed/train/images/22978915_15_patch_22.png,data/processed/train/masks/22978915_15_patch_22.png,0.0204010009765625
train,22978915_15.png,23,data/processed/train/images/22978915_15_patch_23.png,data/processed/train/masks/22978915_15_patch_23.png,0.0667877197265625
train,22978915_15.png,24,data/processed/train/images/22978915_15_patch_24.png,data/processed/train/masks/22978915_15_patch_24.png,0.0632171630859375
train,22978915_15.png,25,data/processed/train/images/22978915_15_patch_25.png,data/processed/train/masks/22978915_15_patch_25.png,0.0
train,22978915_15.png,26,data/processed/train/images/22978915_15_patch_26.png,data/processed/train/masks/22978915_15_patch_26.png,0.0
train,22978915_15.png,27,data/processed/train/images/22978915_15_patch_27.png,data/processed/train/masks/22978915_15_patch_27.png,0.0
train,22978915_15.png,28,data/processed/train/images/22978915_15_patch_28.png,data/processed/train/masks/22978915_15_patch_28.png,0.0
train,22978915_15.png,29,data/processed/train/images/22978915_15_patch_29.png,data/processed/train/masks/22978915_15_patch_29.png,0.09405517578125
train,22978915_15.png,30,data/processed/train/images/22978915_15_patch_30.png,data/processed/train/masks/22978915_15_patch_30.png,0.0
train,22978915_15.png,31,data/processed/train/images/22978915_15_patch_31.png,data/processed/train/masks/22978915_15_patch_31.png,0.0
train,22978915_15.png,32,data/processed/train/images/22978915_15_patch_32.png,data/processed/train/masks/22978915_15_patch_32.png,0.0
train,22978915_15.png,33,data/processed/train/images/22978915_15_patch_33.png,data/processed/train/masks/22978915_15_patch_33.png,0.0
train,22978915_15.png,34,data/processed/train/images/22978915_15_patch_34.png,data/processed/train/masks/22978915_15_patch_34.png,0.0
train,22978915_15.png,35,data/processed/train/images/22978915_15_patch_35.png,data/processed/train/masks/22978915_15_patch_35.png,0.032440185546875
train,22978930_15.png,0,data/processed/train/images/22978930_15_patch_00.png,data/processed/train/masks/22978930_15_patch_00.png,0.10614013671875
train,22978930_15.png,1,data/processed/train/images/22978930_15_patch_01.png,data/processed/train/masks/22978930_15_patch_01.png,0.1314239501953125
train,22978930_15.png,2,data/processed/train/images/22978930_15_patch_02.png,data/processed/train/masks/22978930_15_patch_02.png,0.14044189453125
train,22978930_15.png,3,data/processed/train/images/22978930_15_patch_03.png,data/processed/train/masks/22978930_15_patch_03.png,0.17291259765625
train,22978930_15.png,4,data/processed/train/images/22978930_15_patch_04.png,data/processed/train/masks/22978930_15_patch_04.png,0.169586181640625
train,22978930_15.png,5,data/processed/train/images/22978930_15_patch_05.png,data/processed/train/masks/22978930_15_patch_05.png,0.064605712890625
train,22978930_15.png,6,data/processed/train/images/22978930_15_patch_06.png,data/processed/train/masks/22978930_15_patch_06.png,0.1199188232421875
train,22978930_15.png,7,data/processed/train/images/22978930_15_patch_07.png,data/processed/train/masks/22978930_15_patch_07.png,0.1294097900390625
train,22978930_15.png,8,data/processed/train/images/22978930_15_patch_08.png,data/processed/train/masks/22978930_15_patch_08.png,0.1981658935546875
train,22978930_15.png,9,data/processed/train/images/22978930_15_patch_09.png,data/processed/train/masks/22978930_15_patch_09.png,0.217498779296875
train,22978930_15.png,10,data/processed/train/images/22978930_15_patch_10.png,data/processed/train/masks/22978930_15_patch_10.png,0.21099853515625
train,22978930_15.png,11,data/processed/train/images/22978930_15_patch_11.png,data/processed/train/masks/22978930_15_patch_11.png,0.1704559326171875
train,22978930_15.png,12,data/processed/train/images/22978930_15_patch_12.png,data/processed/train/masks/22978930_15_patch_12.png,0.136871337890625
train,22978930_15.png,13,data/processed/train/images/22978930_15_patch_13.png,data/processed/train/masks/22978930_15_patch_13.png,0.136505126953125
train,22978930_15.png,14,data/processed/train/images/22978930_15_patch_14.png,data/processed/train/masks/22978930_15_patch_14.png,0.1841888427734375
train,22978930_15.png,15,data/processed/train/images/22978930_15_patch_15.png,data/processed/train/masks/22978930_15_patch_15.png,0.180694580078125
train,22978930_15.png,16,data/processed/train/images/22978930_15_patch_16.png,data/processed/train/masks/22978930_15_patch_16.png,0.1315765380859375
train,22978930_15.png,17,data/processed/train/images/22978930_15_patch_17.png,data/processed/train/masks/22978930_15_patch_17.png,0.143798828125
train,22978930_15.png,18,data/processed/train/images/22978930_15_patch_18.png,data/processed/train/masks/22978930_15_patch_18.png,0.1467742919921875
train,22978930_15.png,19,data/processed/train/images/22978930_15_patch_19.png,data/processed/train/masks/22978930_15_patch_19.png,0.21112060546875
train,22978930_15.png,20,data/processed/train/images/22978930_15_patch_20.png,data/processed/train/masks/22978930_15_patch_20.png,0.188568115234375
train,22978930_15.png,21,data/processed/train/images/22978930_15_patch_21.png,data/processed/train/masks/22978930_15_patch_21.png,0.161163330078125
train,22978930_15.png,22,data/processed/train/images/22978930_15_patch_22.png,data/processed/train/masks/22978930_15_patch_22.png,0.1808929443359375
train,22978930_15.png,23,data/processed/train/images/22978930_15_patch_23.png,data/processed/train/masks/22978930_15_patch_23.png,0.19500732421875
train,22978930_15.png,24,data/processed/train/images/22978930_15_patch_24.png,data/processed/train/masks/22978930_15_patch_24.png,0.1187896728515625
train,22978930_15.png,25,data/processed/train/images/22978930_15_patch_25.png,data/processed/train/masks/22978930_15_patch_25.png,0.18426513671875
train,22978930_15.png,26,data/processed/train/images/22978930_15_patch_26.png,data/processed/train/masks/22978930_15_patch_26.png,0.1794281005859375
train,22978930_15.png,27,data/processed/train/images/22978930_15_patch_27.png,data/processed/train/masks/22978930_15_patch_27.png,0.136199951171875
train,22978930_15.png,28,data/processed/train/images/22978930_15_patch_28.png,data/processed/train/masks/22978930_15_patch_28.png,0.1720733642578125
train,22978930_15.png,29,data/processed/train/images/22978930_15_patch_29.png,data/processed/train/masks/22978930_15_patch_29.png,0.1608734130859375
train,22978930_15.png,30,data/processed/train/images/22978930_15_patch_30.png,data/processed/train/masks/22978930_15_patch_30.png,0.11065673828125
train,22978930_15.png,31,data/processed/train/images/22978930_15_patch_31.png,data/processed/train/masks/22978930_15_patch_31.png,0.089874267578125
train,22978930_15.png,32,data/processed/train/images/22978930_15_patch_32.png,data/processed/train/masks/22978930_15_patch_32.png,0.1517486572265625
train,22978930_15.png,33,data/processed/train/images/22978930_15_patch_33.png,data/processed/train/masks/22978930_15_patch_33.png,0.1492462158203125
train,22978930_15.png,34,data/processed/train/images/22978930_15_patch_34.png,data/processed/train/masks/22978930_15_patch_34.png,0.156005859375
train,22978930_15.png,35,data/processed/train/images/22978930_15_patch_35.png,data/processed/train/masks/22978930_15_patch_35.png,0.140228271484375
train,22978960_15.png,0,data/processed/train/images/22978960_15_patch_00.png,data/processed/train/masks/22978960_15_patch_00.png,0.05511474609375
train,22978960_15.png,1,data/processed/train/images/22978960_15_patch_01.png,data/processed/train/masks/22978960_15_patch_01.png,0.0343017578125
train,22978960_15.png,2,data/processed/train/images/22978960_15_patch_02.png,data/processed/train/masks/22978960_15_patch_02.png,0.067535400390625
train,22978960_15.png,3,data/processed/train/images/22978960_15_patch_03.png,data/processed/train/masks/22978960_15_patch_03.png,0.0579376220703125
train,22978960_15.png,4,data/processed/train/images/22978960_15_patch_04.png,data/processed/train/masks/22978960_15_patch_04.png,0.029541015625
train,22978960_15.png,5,data/processed/train/images/22978960_15_patch_05.png,data/processed/train/masks/22978960_15_patch_05.png,0.031890869140625
train,22978960_15.png,6,data/processed/train/images/22978960_15_patch_06.png,data/processed/train/masks/22978960_15_patch_06.png,0.0359649658203125
train,22978960_15.png,7,data/processed/train/images/22978960_15_patch_07.png,data/processed/train/masks/22978960_15_patch_07.png,0.0486602783203125
train,22978960_15.png,8,data/processed/train/images/22978960_15_patch_08.png,data/processed/train/masks/22978960_15_patch_08.png,0.0433502197265625
train,22978960_15.png,9,data/processed/train/images/22978960_15_patch_09.png,data/processed/train/masks/22978960_15_patch_09.png,0.030426025390625
train,22978960_15.png,10,data/processed/train/images/22978960_15_patch_10.png,data/processed/train/masks/22978960_15_patch_10.png,0.0230712890625
train,22978960_15.png,11,data/processed/train/images/22978960_15_patch_11.png,data/processed/train/masks/22978960_15_patch_11.png,0.0300445556640625
train,22978960_15.png,12,data/processed/train/images/22978960_15_patch_12.png,data/processed/train/masks/22978960_15_patch_12.png,0.1236572265625
train,22978960_15.png,13,data/processed/train/images/22978960_15_patch_13.png,data/processed/train/masks/22978960_15_patch_13.png,0.0041046142578125
train,22978960_15.png,14,data/processed/train/images/22978960_15_patch_14.png,data/processed/train/masks/22978960_15_patch_14.png,0.0852813720703125
train,22978960_15.png,15,data/processed/train/images/22978960_15_patch_15.png,data/processed/train/masks/22978960_15_patch_15.png,0.03057861328125
train,22978960_15.png,16,data/processed/train/images/22978960_15_patch_16.png,data/processed/train/masks/22978960_15_patch_16.png,0.092254638671875
train,22978960_15.png,17,data/processed/train/images/22978960_15_patch_17.png,data/processed/train/masks/22978960_15_patch_17.png,0.038970947265625
train,22978960_15.png,18,data/processed/train/images/22978960_15_patch_18.png,data/processed/train/masks/22978960_15_patch_18.png,0.0029449462890625
train,22978960_15.png,19,data/processed/train/images/22978960_15_patch_19.png,data/processed/train/masks/22978960_15_patch_19.png,0.037109375
train,22978960_15.png,20,data/processed/train/images/22978960_15_patch_20.png,data/processed/train/masks/22978960_15_patch_20.png,0.13677978515625
train,22978960_15.png,21,data/processed/train/images/22978960_15_patch_21.png,data/processed/train/masks/22978960_15_patch_21.png,0.02520751953125
train,22978960_15.png,22,data/processed/train/images/22978960_15_patch_22.png,data/processed/train/masks/22978960_15_patch_22.png,0.0
train,22978960_15.png,23,data/processed/train/images/22978960_15_patch_23.png,data/processed/train/masks/22978960_15_patch_23.png,0.045654296875
train,22978960_15.png,24,data/processed/train/images/22978960_15_patch_24.png,data/processed/train/masks/22978960_15_patch_24.png,0.0010223388671875
train,22978960_15.png,25,data/processed/train/images/22978960_15_patch_25.png,data/processed/train/masks/22978960_15_patch_25.png,0.0218048095703125
train,22978960_15.png,26,data/processed/train/images/22978960_15_patch_26.png,data/processed/train/masks/22978960_15_patch_26.png,0.0871429443359375
train,22978960_15.png,27,data/processed/train/images/22978960_15_patch_27.png,data/processed/train/masks/22978960_15_patch_27.png,0.030242919921875
train,22978960_15.png,28,data/processed/train/images/22978960_15_patch_28.png,data/processed/train/masks/22978960_15_patch_28.png,0.0525970458984375
train,22978960_15.png,29,data/processed/train/images/22978960_15_patch_29.png,data/processed/train/masks/22978960_15_patch_29.png,0.0994415283203125
train,22978960_15.png,30,data/processed/train/images/22978960_15_patch_30.png,data/processed/train/masks/22978960_15_patch_30.png,0.097564697265625
train,22978960_15.png,31,data/processed/train/images/22978960_15_patch_31.png,data/processed/train/masks/22978960_15_patch_31.png,0.0
train,22978960_15.png,32,data/processed/train/images/22978960_15_patch_32.png,data/processed/train/masks/22978960_15_patch_32.png,0.013397216796875
train,22978960_15.png,33,data/processed/train/images/22978960_15_patch_33.png,data/processed/train/masks/22978960_15_patch_33.png,0.1347503662109375
train,22978960_15.png,34,data/processed/train/images/22978960_15_patch_34.png,data/processed/train/masks/22978960_15_patch_34.png,0.081756591796875
train,22978960_15.png,35,data/processed/train/images/22978960_15_patch_35.png,data/processed/train/masks/22978960_15_patch_35.png,0.1312713623046875
train,22978975_15.png,0,data/processed/train/images/22978975_15_patch_00.png,data/processed/train/masks/22978975_15_patch_00.png,0.124786376953125
train,22978975_15.png,1,data/processed/train/images/22978975_15_patch_01.png,data/processed/train/masks/22978975_15_patch_01.png,0.141448974609375
train,22978975_15.png,2,data/processed/train/images/22978975_15_patch_02.png,data/processed/train/masks/22978975_15_patch_02.png,0.1246185302734375
train,22978975_15.png,3,data/processed/train/images/22978975_15_patch_03.png,data/processed/train/masks/22978975_15_patch_03.png,0.1173553466796875
train,22978975_15.png,4,data/processed/train/images/22978975_15_patch_04.png,data/processed/train/masks/22978975_15_patch_04.png,0.104736328125
train,22978975_15.png,5,data/processed/train/images/22978975_15_patch_05.png,data/processed/train/masks/22978975_15_patch_05.png,0.1178131103515625
train,22978975_15.png,6,data/processed/train/images/22978975_15_patch_06.png,data/processed/train/masks/22978975_15_patch_06.png,0.0360870361328125
train,22978975_15.png,7,data/processed/train/images/22978975_15_patch_07.png,data/processed/train/masks/22978975_15_patch_07.png,0.109954833984375
train,22978975_15.png,8,data/processed/train/images/22978975_15_patch_08.png,data/processed/train/masks/22978975_15_patch_08.png,0.10394287109375
train,22978975_15.png,9,data/processed/train/images/22978975_15_patch_09.png,data/processed/train/masks/22978975_15_patch_09.png,0.0866241455078125
train,22978975_15.png,10,data/processed/train/images/22978975_15_patch_10.png,data/processed/train/masks/22978975_15_patch_10.png,0.1385040283203125
train,22978975_15.png,11,data/processed/train/images/22978975_15_patch_11.png,data/processed/train/masks/22978975_15_patch_11.png,0.1291351318359375
train,22978975_15.png,12,data/processed/train/images/22978975_15_patch_12.png,data/processed/train/masks/22978975_15_patch_12.png,0.17724609375
train,22978975_15.png,13,data/processed/train/images/22978975_15_patch_13.png,data/processed/train/masks/22978975_15_patch_13.png,0.0655059814453125
train,22978975_15.png,14,data/processed/train/images/22978975_15_patch_14.png,data/processed/train/masks/22978975_15_patch_14.png,0.0604400634765625
train,22978975_15.png,15,data/processed/train/images/22978975_15_patch_15.png,data/processed/train/masks/22978975_15_patch_15.png,0.0609588623046875
train,22978975_15.png,16,data/processed/train/images/22978975_15_patch_16.png,data/processed/train/masks/22978975_15_patch_16.png,0.049560546875
train,22978975_15.png,17,data/processed/train/images/22978975_15_patch_17.png,data/processed/train/masks/22978975_15_patch_17.png,0.1042327880859375
train,22978975_15.png,18,data/processed/train/images/22978975_15_patch_18.png,data/processed/train/masks/22978975_15_patch_18.png,0.158966064453125
train,22978975_15.png,19,data/processed/train/images/22978975_15_patch_19.png,data/processed/train/masks/22978975_15_patch_19.png,0.11383056640625
train,22978975_15.png,20,data/processed/train/images/22978975_15_patch_20.png,data/processed/train/masks/22978975_15_patch_20.png,0.0495758056640625
train,22978975_15.png,21,data/processed/train/images/22978975_15_patch_21.png,data/processed/train/masks/22978975_15_patch_21.png,0.014984130859375
train,22978975_15.png,22,data/processed/train/images/22978975_15_patch_22.png,data/processed/train/masks/22978975_15_patch_22.png,0.06109619140625
train,22978975_15.png,23,data/processed/train/images/22978975_15_patch_23.png,data/processed/train/masks/22978975_15_patch_23.png,0.0911102294921875
train,22978975_15.png,24,data/processed/train/images/22978975_15_patch_24.png,data/processed/train/masks/22978975_15_patch_24.png,0.076141357421875
train,22978975_15.png,25,data/processed/train/images/22978975_15_patch_25.png,data/processed/train/masks/22978975_15_patch_25.png,0.0506744384765625
train,22978975_15.png,26,data/processed/train/images/22978975_15_patch_26.png,data/processed/train/masks/22978975_15_patch_26.png,0.0696258544921875
train,22978975_15.png,27,data/processed/train/images/22978975_15_patch_27.png,data/processed/train/masks/22978975_15_patch_27.png,0.05950927734375
train,22978975_15.png,28,data/processed/train/images/22978975_15_patch_28.png,data/processed/train/masks/22978975_15_patch_28.png,0.0584564208984375
train,22978975_15.png,29,data/processed/train/images/22978975_15_patch_29.png,data/processed/train/masks/22978975_15_patch_29.png,0.0337982177734375
train,22978975_15.png,30,data/processed/train/images/22978975_15_patch_30.png,data/processed/train/masks/22978975_15_patch_30.png,0.0483856201171875
train,22978975_15.png,31,data/processed/train/images/22978975_15_patch_31.png,data/processed/train/masks/22978975_15_patch_31.png,0.029296875
train,22978975_15.png,32,data/processed/train/images/22978975_15_patch_32.png,data/processed/train/masks/22978975_15_patch_32.png,0.04742431640625
train,22978975_15.png,33,data/processed/train/images/22978975_15_patch_33.png,data/processed/train/masks/22978975_15_patch_33.png,0.0419158935546875
train,22978975_15.png,34,data/processed/train/images/22978975_15_patch_34.png,data/processed/train/masks/22978975_15_patch_34.png,0.03302001953125
train,22978975_15.png,35,data/processed/train/images/22978975_15_patch_35.png,data/processed/train/masks/22978975_15_patch_35.png,0.0337677001953125
train,22978990_15.png,0,data/processed/train/images/22978990_15_patch_00.png,data/processed/train/masks/22978990_15_patch_00.png,0.1410980224609375
train,22978990_15.png,1,data/processed/train/images/22978990_15_patch_01.png,data/processed/train/masks/22978990_15_patch_01.png,0.12579345703125
train,22978990_15.png,2,data/processed/train/images/22978990_15_patch_02.png,data/processed/train/masks/22978990_15_patch_02.png,0.2456207275390625
train,22978990_15.png,3,data/processed/train/images/22978990_15_patch_03.png,data/processed/train/masks/22978990_15_patch_03.png,0.3809814453125
train,22978990_15.png,4,data/processed/train/images/22978990_15_patch_04.png,data/processed/train/masks/22978990_15_patch_04.png,0.343658447265625
train,22978990_15.png,5,data/processed/train/images/22978990_15_patch_05.png,data/processed/train/masks/22978990_15_patch_05.png,0.1772613525390625
train,22978990_15.png,6,data/processed/train/images/22978990_15_patch_06.png,data/processed/train/masks/22978990_15_patch_06.png,0.22479248046875
train,22978990_15.png,7,data/processed/train/images/22978990_15_patch_07.png,data/processed/train/masks/22978990_15_patch_07.png,0.2277984619140625
train,22978990_15.png,8,data/processed/train/images/22978990_15_patch_08.png,data/processed/train/masks/22978990_15_patch_08.png,0.278717041015625
train,22978990_15.png,9,data/processed/train/images/22978990_15_patch_09.png,data/processed/train/masks/22978990_15_patch_09.png,0.193939208984375
train,22978990_15.png,10,data/processed/train/images/22978990_15_patch_10.png,data/processed/train/masks/22978990_15_patch_10.png,0.132537841796875
train,22978990_15.png,11,data/processed/train/images/22978990_15_patch_11.png,data/processed/train/masks/22978990_15_patch_11.png,0.1291351318359375
train,22978990_15.png,12,data/processed/train/images/22978990_15_patch_12.png,data/processed/train/masks/22978990_15_patch_12.png,0.253448486328125
train,22978990_15.png,13,data/processed/train/images/22978990_15_patch_13.png,data/processed/train/masks/22978990_15_patch_13.png,0.25750732421875
train,22978990_15.png,14,data/processed/train/images/22978990_15_patch_14.png,data/processed/train/masks/22978990_15_patch_14.png,0.2320098876953125
train,22978990_15.png,15,data/processed/train/images/22978990_15_patch_15.png,data/processed/train/masks/22978990_15_patch_15.png,0.2161407470703125
train,22978990_15.png,16,data/processed/train/images/22978990_15_patch_16.png,data/processed/train/masks/22978990_15_patch_16.png,0.1259002685546875
train,22978990_15.png,17,data/processed/train/images/22978990_15_patch_17.png,data/processed/train/masks/22978990_15_patch_17.png,0.1318817138671875
train,22978990_15.png,18,data/processed/train/images/22978990_15_patch_18.png,data/processed/train/masks/22978990_15_patch_18.png,0.248779296875
train,22978990_15.png,19,data/processed/train/images/22978990_15_patch_19.png,data/processed/train/masks/22978990_15_patch_19.png,0.2136993408203125
train,22978990_15.png,20,data/processed/train/images/22978990_15_patch_20.png,data/processed/train/masks/22978990_15_patch_20.png,0.2010650634765625
train,22978990_15.png,21,data/processed/train/images/22978990_15_patch_21.png,data/processed/train/masks/22978990_15_patch_21.png,0.2188568115234375
train,22978990_15.png,22,data/processed/train/images/22978990_15_patch_22.png,data/processed/train/masks/22978990_15_patch_22.png,0.2165679931640625
train,22978990_15.png,23,data/processed/train/images/22978990_15_patch_23.png,data/processed/train/masks/22978990_15_patch_23.png,0.2124481201171875
train,22978990_15.png,24,data/processed/train/images/22978990_15_patch_24.png,data/processed/train/masks/22978990_15_patch_24.png,0.2811279296875
train,22978990_15.png,25,data/processed/train/images/22978990_15_patch_25.png,data/processed/train/masks/22978990_15_patch_25.png,0.232421875
train,22978990_15.png,26,data/processed/train/images/22978990_15_patch_26.png,data/processed/train/masks/22978990_15_patch_26.png,0.2396697998046875
train,22978990_15.png,27,data/processed/train/images/22978990_15_patch_27.png,data/processed/train/masks/22978990_15_patch_27.png,0.3239593505859375
train,22978990_15.png,28,data/processed/train/images/22978990_15_patch_28.png,data/processed/train/masks/22978990_15_patch_28.png,0.253173828125
train,22978990_15.png,29,data/processed/train/images/22978990_15_patch_29.png,data/processed/train/masks/22978990_15_patch_29.png,0.2300567626953125
train,22978990_15.png,30,data/processed/train/images/22978990_15_patch_30.png,data/processed/train/masks/22978990_15_patch_30.png,0.16900634765625
train,22978990_15.png,31,data/processed/train/images/22978990_15_patch_31.png,data/processed/train/masks/22978990_15_patch_31.png,0.085174560546875
train,22978990_15.png,32,data/processed/train/images/22978990_15_patch_32.png,data/processed/train/masks/22978990_15_patch_32.png,0.113433837890625
train,22978990_15.png,33,data/processed/train/images/22978990_15_patch_33.png,data/processed/train/masks/22978990_15_patch_33.png,0.1767578125
train,22978990_15.png,34,data/processed/train/images/22978990_15_patch_34.png,data/processed/train/masks/22978990_15_patch_34.png,0.121612548828125
train,22978990_15.png,35,data/processed/train/images/22978990_15_patch_35.png,data/processed/train/masks/22978990_15_patch_35.png,0.129150390625
train,22979005_15.png,0,data/processed/train/images/22979005_15_patch_00.png,data/processed/train/masks/22979005_15_patch_00.png,0.076568603515625
train,22979005_15.png,1,data/processed/train/images/22979005_15_patch_01.png,data/processed/train/masks/22979005_15_patch_01.png,0.2078094482421875
train,22979005_15.png,2,data/processed/train/images/22979005_15_patch_02.png,data/processed/train/masks/22979005_15_patch_02.png,0.25531005859375
train,22979005_15.png,3,data/processed/train/images/22979005_15_patch_03.png,data/processed/train/masks/22979005_15_patch_03.png,0.4052734375
train,22979005_15.png,4,data/processed/train/images/22979005_15_patch_04.png,data/processed/train/masks/22979005_15_patch_04.png,0.19696044921875
train,22979005_15.png,5,data/processed/train/images/22979005_15_patch_05.png,data/processed/train/masks/22979005_15_patch_05.png,0.2018280029296875
train,22979005_15.png,6,data/processed/train/images/22979005_15_patch_06.png,data/processed/train/masks/22979005_15_patch_06.png,0.3285980224609375
train,22979005_15.png,7,data/processed/train/images/22979005_15_patch_07.png,data/processed/train/masks/22979005_15_patch_07.png,0.3038330078125
train,22979005_15.png,8,data/processed/train/images/22979005_15_patch_08.png,data/processed/train/masks/22979005_15_patch_08.png,0.261260986328125
train,22979005_15.png,9,data/processed/train/images/22979005_15_patch_09.png,data/processed/train/masks/22979005_15_patch_09.png,0.2736663818359375
train,22979005_15.png,10,data/processed/train/images/22979005_15_patch_10.png,data/processed/train/masks/22979005_15_patch_10.png,0.208251953125
train,22979005_15.png,11,data/processed/train/images/22979005_15_patch_11.png,data/processed/train/masks/22979005_15_patch_11.png,0.1714630126953125
train,22979005_15.png,12,data/processed/train/images/22979005_15_patch_12.png,data/processed/train/masks/22979005_15_patch_12.png,0.4278411865234375
train,22979005_15.png,13,data/processed/train/images/22979005_15_patch_13.png,data/processed/train/masks/22979005_15_patch_13.png,0.281463623046875
train,22979005_15.png,14,data/processed/train/images/22979005_15_patch_14.png,data/processed/train/masks/22979005_15_patch_14.png,0.30340576171875
train,22979005_15.png,15,data/processed/train/images/22979005_15_patch_15.png,data/processed/train/masks/22979005_15_patch_15.png,0.2505950927734375
train,22979005_15.png,16,data/processed/train/images/22979005_15_patch_16.png,data/processed/train/masks/22979005_15_patch_16.png,0.2691192626953125
train,22979005_15.png,17,data/processed/train/images/22979005_15_patch_17.png,data/processed/train/masks/22979005_15_patch_17.png,0.183807373046875
train,22979005_15.png,18,data/processed/train/images/22979005_15_patch_18.png,data/processed/train/masks/22979005_15_patch_18.png,0.2440185546875
train,22979005_15.png,19,data/processed/train/images/22979005_15_patch_19.png,data/processed/train/masks/22979005_15_patch_19.png,0.1367340087890625
train,22979005_15.png,20,data/processed/train/images/22979005_15_patch_20.png,data/processed/train/masks/22979005_15_patch_20.png,0.2415618896484375
train,22979005_15.png,21,data/processed/train/images/22979005_15_patch_21.png,data/processed/train/masks/22979005_15_patch_21.png,0.3103485107421875
train,22979005_15.png,22,data/processed/train/images/22979005_15_patch_22.png,data/processed/train/masks/22979005_15_patch_22.png,0.3462982177734375
train,22979005_15.png,23,data/processed/train/images/22979005_15_patch_23.png,data/processed/train/masks/22979005_15_patch_23.png,0.2924041748046875
train,22979005_15.png,24,data/processed/train/images/22979005_15_patch_24.png,data/processed/train/masks/22979005_15_patch_24.png,0.1699676513671875
train,22979005_15.png,25,data/processed/train/images/22979005_15_patch_25.png,data/processed/train/masks/22979005_15_patch_25.png,0.162750244140625
train,22979005_15.png,26,data/processed/train/images/22979005_15_patch_26.png,data/processed/train/masks/22979005_15_patch_26.png,0.15753173828125
train,22979005_15.png,27,data/processed/train/images/22979005_15_patch_27.png,data/processed/train/masks/22979005_15_patch_27.png,0.16058349609375
train,22979005_15.png,28,data/processed/train/images/22979005_15_patch_28.png,data/processed/train/masks/22979005_15_patch_28.png,0.28271484375
train,22979005_15.png,29,data/processed/train/images/22979005_15_patch_29.png,data/processed/train/masks/22979005_15_patch_29.png,0.283294677734375
train,22979005_15.png,30,data/processed/train/images/22979005_15_patch_30.png,data/processed/train/masks/22979005_15_patch_30.png,0.297576904296875
train,22979005_15.png,31,data/processed/train/images/22979005_15_patch_31.png,data/processed/train/masks/22979005_15_patch_31.png,0.10406494140625
train,22979005_15.png,32,data/processed/train/images/22979005_15_patch_32.png,data/processed/train/masks/22979005_15_patch_32.png,0.1974029541015625
train,22979005_15.png,33,data/processed/train/images/22979005_15_patch_33.png,data/processed/train/masks/22979005_15_patch_33.png,0.18536376953125
train,22979005_15.png,34,data/processed/train/images/22979005_15_patch_34.png,data/processed/train/masks/22979005_15_patch_34.png,0.314910888671875
train,22979005_15.png,35,data/processed/train/images/22979005_15_patch_35.png,data/processed/train/masks/22979005_15_patch_35.png,0.2473602294921875
train,22979020_15.png,0,data/processed/train/images/22979020_15_patch_00.png,data/processed/train/masks/22979020_15_patch_00.png,0.0067596435546875
train,22979020_15.png,1,data/processed/train/images/22979020_15_patch_01.png,data/processed/train/masks/22979020_15_patch_01.png,0.0069580078125
train,22979020_15.png,2,data/processed/train/images/22979020_15_patch_02.png,data/processed/train/masks/22979020_15_patch_02.png,0.0569915771484375
train,22979020_15.png,3,data/processed/train/images/22979020_15_patch_03.png,data/processed/train/masks/22979020_15_patch_03.png,0.1392669677734375
train,22979020_15.png,4,data/processed/train/images/22979020_15_patch_04.png,data/processed/train/masks/22979020_15_patch_04.png,0.230743408203125
train,22979020_15.png,5,data/processed/train/images/22979020_15_patch_05.png,data/processed/train/masks/22979020_15_patch_05.png,0.0078277587890625
train,22979020_15.png,6,data/processed/train/images/22979020_15_patch_06.png,data/processed/train/masks/22979020_15_patch_06.png,0.0
train,22979020_15.png,7,data/processed/train/images/22979020_15_patch_07.png,data/processed/train/masks/22979020_15_patch_07.png,0.0032958984375
train,22979020_15.png,8,data/processed/train/images/22979020_15_patch_08.png,data/processed/train/masks/22979020_15_patch_08.png,0.046783447265625
train,22979020_15.png,9,data/processed/train/images/22979020_15_patch_09.png,data/processed/train/masks/22979020_15_patch_09.png,0.1444244384765625
train,22979020_15.png,10,data/processed/train/images/22979020_15_patch_10.png,data/processed/train/masks/22979020_15_patch_10.png,0.064697265625
train,22979020_15.png,11,data/processed/train/images/22979020_15_patch_11.png,data/processed/train/masks/22979020_15_patch_11.png,0.0
train,22979020_15.png,12,data/processed/train/images/22979020_15_patch_12.png,data/processed/train/masks/22979020_15_patch_12.png,0.0
train,22979020_15.png,13,data/processed/train/images/22979020_15_patch_13.png,data/processed/train/masks/22979020_15_patch_13.png,0.0
train,22979020_15.png,14,data/processed/train/images/22979020_15_patch_14.png,data/processed/train/masks/22979020_15_patch_14.png,0.0048980712890625
train,22979020_15.png,15,data/processed/train/images/22979020_15_patch_15.png,data/processed/train/masks/22979020_15_patch_15.png,0.0
train,22979020_15.png,16,data/processed/train/images/22979020_15_patch_16.png,data/processed/train/masks/22979020_15_patch_16.png,0.0
train,22979020_15.png,17,data/processed/train/images/22979020_15_patch_17.png,data/processed/train/masks/22979020_15_patch_17.png,0.0
train,22979020_15.png,18,data/processed/train/images/22979020_15_patch_18.png,data/processed/train/masks/22979020_15_patch_18.png,0.0396881103515625
train,22979020_15.png,19,data/processed/train/images/22979020_15_patch_19.png,data/processed/train/masks/22979020_15_patch_19.png,0.015869140625
train,22979020_15.png,20,data/processed/train/images/22979020_15_patch_20.png,data/processed/train/masks/22979020_15_patch_20.png,0.0
train,22979020_15.png,21,data/processed/train/images/22979020_15_patch_21.png,data/processed/train/masks/22979020_15_patch_21.png,0.0
train,22979020_15.png,22,data/processed/train/images/22979020_15_patch_22.png,data/processed/train/masks/22979020_15_patch_22.png,0.0072479248046875
train,22979020_15.png,23,data/processed/train/images/22979020_15_patch_23.png,data/processed/train/masks/22979020_15_patch_23.png,0.0070953369140625
train,22979020_15.png,24,data/processed/train/images/22979020_15_patch_24.png,data/processed/train/masks/22979020_15_patch_24.png,0.0577392578125
train,22979020_15.png,25,data/processed/train/images/22979020_15_patch_25.png,data/processed/train/masks/22979020_15_patch_25.png,0.0
train,22979020_15.png,26,data/processed/train/images/22979020_15_patch_26.png,data/processed/train/masks/22979020_15_patch_26.png,0.0252227783203125
train,22979020_15.png,27,data/processed/train/images/22979020_15_patch_27.png,data/processed/train/masks/22979020_15_patch_27.png,0.101593017578125
train,22979020_15.png,28,data/processed/train/images/22979020_15_patch_28.png,data/processed/train/masks/22979020_15_patch_28.png,0.1986083984375
train,22979020_15.png,29,data/processed/train/images/22979020_15_patch_29.png,data/processed/train/masks/22979020_15_patch_29.png,0.0670166015625
train,22979020_15.png,30,data/processed/train/images/22979020_15_patch_30.png,data/processed/train/masks/22979020_15_patch_30.png,0.0068511962890625
train,22979020_15.png,31,data/processed/train/images/22979020_15_patch_31.png,data/processed/train/masks/22979020_15_patch_31.png,0.1679534912109375
train,22979020_15.png,32,data/processed/train/images/22979020_15_patch_32.png,data/processed/train/masks/22979020_15_patch_32.png,0.359405517578125
train,22979020_15.png,33,data/processed/train/images/22979020_15_patch_33.png,data/processed/train/masks/22979020_15_patch_33.png,0.1379241943359375
train,22979020_15.png,34,data/processed/train/images/22979020_15_patch_34.png,data/processed/train/masks/22979020_15_patch_34.png,0.1665191650390625
train,22979020_15.png,35,data/processed/train/images/22979020_15_patch_35.png,data/processed/train/masks/22979020_15_patch_35.png,0.147125244140625
train,22979035_15.png,0,data/processed/train/images/22979035_15_patch_00.png,data/processed/train/masks/22979035_15_patch_00.png,0.0
train,22979035_15.png,1,data/processed/train/images/22979035_15_patch_01.png,data/processed/train/masks/22979035_15_patch_01.png,0.0316314697265625
train,22979035_15.png,2,data/processed/train/images/22979035_15_patch_02.png,data/processed/train/masks/22979035_15_patch_02.png,0.1947784423828125
train,22979035_15.png,3,data/processed/train/images/22979035_15_patch_03.png,data/processed/train/masks/22979035_15_patch_03.png,0.1316680908203125
train,22979035_15.png,4,data/processed/train/images/22979035_15_patch_04.png,data/processed/train/masks/22979035_15_patch_04.png,0.04718017578125
train,22979035_15.png,5,data/processed/train/images/22979035_15_patch_05.png,data/processed/train/masks/22979035_15_patch_05.png,0.1946258544921875
train,22979035_15.png,6,data/processed/train/images/22979035_15_patch_06.png,data/processed/train/masks/22979035_15_patch_06.png,0.0
train,22979035_15.png,7,data/processed/train/images/22979035_15_patch_07.png,data/processed/train/masks/22979035_15_patch_07.png,0.0
train,22979035_15.png,8,data/processed/train/images/22979035_15_patch_08.png,data/processed/train/masks/22979035_15_patch_08.png,0.1585235595703125
train,22979035_15.png,9,data/processed/train/images/22979035_15_patch_09.png,data/processed/train/masks/22979035_15_patch_09.png,0.1773529052734375
train,22979035_15.png,10,data/processed/train/images/22979035_15_patch_10.png,data/processed/train/masks/22979035_15_patch_10.png,0.245758056640625
train,22979035_15.png,11,data/processed/train/images/22979035_15_patch_11.png,data/processed/train/masks/22979035_15_patch_11.png,0.22607421875
train,22979035_15.png,12,data/processed/train/images/22979035_15_patch_12.png,data/processed/train/masks/22979035_15_patch_12.png,0.0001068115234375
train,22979035_15.png,13,data/processed/train/images/22979035_15_patch_13.png,data/processed/train/masks/22979035_15_patch_13.png,0.17352294921875
train,22979035_15.png,14,data/processed/train/images/22979035_15_patch_14.png,data/processed/train/masks/22979035_15_patch_14.png,0.2077789306640625
train,22979035_15.png,15,data/processed/train/images/22979035_15_patch_15.png,data/processed/train/masks/22979035_15_patch_15.png,0.237030029296875
train,22979035_15.png,16,data/processed/train/images/22979035_15_patch_16.png,data/processed/train/masks/22979035_15_patch_16.png,0.24383544921875
train,22979035_15.png,17,data/processed/train/images/22979035_15_patch_17.png,data/processed/train/masks/22979035_15_patch_17.png,0.2440948486328125
train,22979035_15.png,18,data/processed/train/images/22979035_15_patch_18.png,data/processed/train/masks/22979035_15_patch_18.png,0.00732421875
train,22979035_15.png,19,data/processed/train/images/22979035_15_patch_19.png,data/processed/train/masks/22979035_15_patch_19.png,0.16485595703125
train,22979035_15.png,20,data/processed/train/images/22979035_15_patch_20.png,data/processed/train/masks/22979035_15_patch_20.png,0.194671630859375
train,22979035_15.png,21,data/processed/train/images/22979035_15_patch_21.png,data/processed/train/masks/22979035_15_patch_21.png,0.198944091796875
train,22979035_15.png,22,data/processed/train/images/22979035_15_patch_22.png,data/processed/train/masks/22979035_15_patch_22.png,0.1976470947265625
train,22979035_15.png,23,data/processed/train/images/22979035_15_patch_23.png,data/processed/train/masks/22979035_15_patch_23.png,0.12884521484375
train,22979035_15.png,24,data/processed/train/images/22979035_15_patch_24.png,data/processed/train/masks/22979035_15_patch_24.png,0.1588897705078125
train,22979035_15.png,25,data/processed/train/images/22979035_15_patch_25.png,data/processed/train/masks/22979035_15_patch_25.png,0.1784515380859375
train,22979035_15.png,26,data/processed/train/images/22979035_15_patch_26.png,data/processed/train/masks/22979035_15_patch_26.png,0.1902923583984375
train,22979035_15.png,27,data/processed/train/images/22979035_15_patch_27.png,data/processed/train/masks/22979035_15_patch_27.png,0.1411285400390625
train,22979035_15.png,28,data/processed/train/images/22979035_15_patch_28.png,data/processed/train/masks/22979035_15_patch_28.png,0.1475830078125
train,22979035_15.png,29,data/processed/train/images/22979035_15_patch_29.png,data/processed/train/masks/22979035_15_patch_29.png,0.1532135009765625
train,22979035_15.png,30,data/processed/train/images/22979035_15_patch_30.png,data/processed/train/masks/22979035_15_patch_30.png,0.1692352294921875
train,22979035_15.png,31,data/processed/train/images/22979035_15_patch_31.png,data/processed/train/masks/22979035_15_patch_31.png,0.097686767578125
train,22979035_15.png,32,data/processed/train/images/22979035_15_patch_32.png,data/processed/train/masks/22979035_15_patch_32.png,0.068878173828125
train,22979035_15.png,33,data/processed/train/images/22979035_15_patch_33.png,data/processed/train/masks/22979035_15_patch_33.png,0.0959930419921875
train,22979035_15.png,34,data/processed/train/images/22979035_15_patch_34.png,data/processed/train/masks/22979035_15_patch_34.png,0.132354736328125
train,22979035_15.png,35,data/processed/train/images/22979035_15_patch_35.png,data/processed/train/masks/22979035_15_patch_35.png,0.1489410400390625
train,22979050_15.png,0,data/processed/train/images/22979050_15_patch_00.png,data/processed/train/masks/22979050_15_patch_00.png,0.0639495849609375
train,22979050_15.png,1,data/processed/train/images/22979050_15_patch_01.png,data/processed/train/masks/22979050_15_patch_01.png,0.1541290283203125
train,22979050_15.png,2,data/processed/train/images/22979050_15_patch_02.png,data/processed/train/masks/22979050_15_patch_02.png,0.23834228515625
train,22979050_15.png,3,data/processed/train/images/22979050_15_patch_03.png,data/processed/train/masks/22979050_15_patch_03.png,0.1475067138671875
train,22979050_15.png,4,data/processed/train/images/22979050_15_patch_04.png,data/processed/train/masks/22979050_15_patch_04.png,0.1952972412109375
train,22979050_15.png,5,data/processed/train/images/22979050_15_patch_05.png,data/processed/train/masks/22979050_15_patch_05.png,0.2095184326171875
train,22979050_15.png,6,data/processed/train/images/22979050_15_patch_06.png,data/processed/train/masks/22979050_15_patch_06.png,0.0
train,22979050_15.png,7,data/processed/train/images/22979050_15_patch_07.png,data/processed/train/masks/22979050_15_patch_07.png,0.022613525390625
train,22979050_15.png,8,data/processed/train/images/22979050_15_patch_08.png,data/processed/train/masks/22979050_15_patch_08.png,0.1202850341796875
train,22979050_15.png,9,data/processed/train/images/22979050_15_patch_09.png,data/processed/train/masks/22979050_15_patch_09.png,0.2672576904296875
train,22979050_15.png,10,data/processed/train/images/22979050_15_patch_10.png,data/processed/train/masks/22979050_15_patch_10.png,0.254730224609375
train,22979050_15.png,11,data/processed/train/images/22979050_15_patch_11.png,data/processed/train/masks/22979050_15_patch_11.png,0.22906494140625
train,22979050_15.png,12,data/processed/train/images/22979050_15_patch_12.png,data/processed/train/masks/22979050_15_patch_12.png,0.1529083251953125
train,22979050_15.png,13,data/processed/train/images/22979050_15_patch_13.png,data/processed/train/masks/22979050_15_patch_13.png,0.3333282470703125
train,22979050_15.png,14,data/processed/train/images/22979050_15_patch_14.png,data/processed/train/masks/22979050_15_patch_14.png,0.1397552490234375
train,22979050_15.png,15,data/processed/train/images/22979050_15_patch_15.png,data/processed/train/masks/22979050_15_patch_15.png,0.1085968017578125
train,22979050_15.png,16,data/processed/train/images/22979050_15_patch_16.png,data/processed/train/masks/22979050_15_patch_16.png,0.2357330322265625
train,22979050_15.png,17,data/processed/train/images/22979050_15_patch_17.png,data/processed/train/masks/22979050_15_patch_17.png,0.23651123046875
train,22979050_15.png,18,data/processed/train/images/22979050_15_patch_18.png,data/processed/train/masks/22979050_15_patch_18.png,0.12506103515625
train,22979050_15.png,19,data/processed/train/images/22979050_15_patch_19.png,data/processed/train/masks/22979050_15_patch_19.png,0.2541046142578125
train,22979050_15.png,20,data/processed/train/images/22979050_15_patch_20.png,data/processed/train/masks/22979050_15_patch_20.png,0.1020660400390625
train,22979050_15.png,21,data/processed/train/images/22979050_15_patch_21.png,data/processed/train/masks/22979050_15_patch_21.png,0.1172943115234375
train,22979050_15.png,22,data/processed/train/images/22979050_15_patch_22.png,data/processed/train/masks/22979050_15_patch_22.png,0.17950439453125
train,22979050_15.png,23,data/processed/train/images/22979050_15_patch_23.png,data/processed/train/masks/22979050_15_patch_23.png,0.1995849609375
train,22979050_15.png,24,data/processed/train/images/22979050_15_patch_24.png,data/processed/train/masks/22979050_15_patch_24.png,0.419921875
train,22979050_15.png,25,data/processed/train/images/22979050_15_patch_25.png,data/processed/train/masks/22979050_15_patch_25.png,0.0897979736328125
train,22979050_15.png,26,data/processed/train/images/22979050_15_patch_26.png,data/processed/train/masks/22979050_15_patch_26.png,0.120086669921875
train,22979050_15.png,27,data/processed/train/images/22979050_15_patch_27.png,data/processed/train/masks/22979050_15_patch_27.png,0.126953125
train,22979050_15.png,28,data/processed/train/images/22979050_15_patch_28.png,data/processed/train/masks/22979050_15_patch_28.png,0.123199462890625
train,22979050_15.png,29,data/processed/train/images/22979050_15_patch_29.png,data/processed/train/masks/22979050_15_patch_29.png,0.19476318359375
train,22979050_15.png,30,data/processed/train/images/22979050_15_patch_30.png,data/processed/train/masks/22979050_15_patch_30.png,0.2006683349609375
train,22979050_15.png,31,data/processed/train/images/22979050_15_patch_31.png,data/processed/train/masks/22979050_15_patch_31.png,0.1748504638671875
train,22979050_15.png,32,data/processed/train/images/22979050_15_patch_32.png,data/processed/train/masks/22979050_15_patch_32.png,0.205352783203125
train,22979050_15.png,33,data/processed/train/images/22979050_15_patch_33.png,data/processed/train/masks/22979050_15_patch_33.png,0.0
train,22979050_15.png,34,data/processed/train/images/22979050_15_patch_34.png,data/processed/train/masks/22979050_15_patch_34.png,0.0779876708984375
train,22979050_15.png,35,data/processed/train/images/22979050_15_patch_35.png,data/processed/train/masks/22979050_15_patch_35.png,0.14385986328125
train,22979065_15.png,0,data/processed/train/images/22979065_15_patch_00.png,data/processed/train/masks/22979065_15_patch_00.png,0.219757080078125
train,22979065_15.png,1,data/processed/train/images/22979065_15_patch_01.png,data/processed/train/masks/22979065_15_patch_01.png,0.2109222412109375
train,22979065_15.png,2,data/processed/train/images/22979065_15_patch_02.png,data/processed/train/masks/22979065_15_patch_02.png,0.226348876953125
train,22979065_15.png,3,data/processed/train/images/22979065_15_patch_03.png,data/processed/train/masks/22979065_15_patch_03.png,0.1169586181640625
train,22979065_15.png,4,data/processed/train/images/22979065_15_patch_04.png,data/processed/train/masks/22979065_15_patch_04.png,0.0995330810546875
train,22979065_15.png,5,data/processed/train/images/22979065_15_patch_05.png,data/processed/train/masks/22979065_15_patch_05.png,0.080047607421875
train,22979065_15.png,6,data/processed/train/images/22979065_15_patch_06.png,data/processed/train/masks/22979065_15_patch_06.png,0.2435760498046875
train,22979065_15.png,7,data/processed/train/images/22979065_15_patch_07.png,data/processed/train/masks/22979065_15_patch_07.png,0.23419189453125
train,22979065_15.png,8,data/processed/train/images/22979065_15_patch_08.png,data/processed/train/masks/22979065_15_patch_08.png,0.13958740234375
train,22979065_15.png,9,data/processed/train/images/22979065_15_patch_09.png,data/processed/train/masks/22979065_15_patch_09.png,0.19757080078125
train,22979065_15.png,10,data/processed/train/images/22979065_15_patch_10.png,data/processed/train/masks/22979065_15_patch_10.png,0.1284332275390625
train,22979065_15.png,11,data/processed/train/images/22979065_15_patch_11.png,data/processed/train/masks/22979065_15_patch_11.png,0.1632537841796875
train,22979065_15.png,12,data/processed/train/images/22979065_15_patch_12.png,data/processed/train/masks/22979065_15_patch_12.png,0.21453857421875
train,22979065_15.png,13,data/processed/train/images/22979065_15_patch_13.png,data/processed/train/masks/22979065_15_patch_13.png,0.2417144775390625
train,22979065_15.png,14,data/processed/train/images/22979065_15_patch_14.png,data/processed/train/masks/22979065_15_patch_14.png,0.209259033203125
train,22979065_15.png,15,data/processed/train/images/22979065_15_patch_15.png,data/processed/train/masks/22979065_15_patch_15.png,0.1922607421875
train,22979065_15.png,16,data/processed/train/images/22979065_15_patch_16.png,data/processed/train/masks/22979065_15_patch_16.png,0.1235198974609375
train,22979065_15.png,17,data/processed/train/images/22979065_15_patch_17.png,data/processed/train/masks/22979065_15_patch_17.png,0.08746337890625
train,22979065_15.png,18,data/processed/train/images/22979065_15_patch_18.png,data/processed/train/masks/22979065_15_patch_18.png,0.2263336181640625
train,22979065_15.png,19,data/processed/train/images/22979065_15_patch_19.png,data/processed/train/masks/22979065_15_patch_19.png,0.231903076171875
train,22979065_15.png,20,data/processed/train/images/22979065_15_patch_20.png,data/processed/train/masks/22979065_15_patch_20.png,0.19903564453125
train,22979065_15.png,21,data/processed/train/images/22979065_15_patch_21.png,data/processed/train/masks/22979065_15_patch_21.png,0.1640472412109375
train,22979065_15.png,22,data/processed/train/images/22979065_15_patch_22.png,data/processed/train/masks/22979065_15_patch_22.png,0.095916748046875
train,22979065_15.png,23,data/processed/train/images/22979065_15_patch_23.png,data/processed/train/masks/22979065_15_patch_23.png,0.19171142578125
train,22979065_15.png,24,data/processed/train/images/22979065_15_patch_24.png,data/processed/train/masks/22979065_15_patch_24.png,0.215301513671875
train,22979065_15.png,25,data/processed/train/images/22979065_15_patch_25.png,data/processed/train/masks/22979065_15_patch_25.png,0.277679443359375
train,22979065_15.png,26,data/processed/train/images/22979065_15_patch_26.png,data/processed/train/masks/22979065_15_patch_26.png,0.2776031494140625
train,22979065_15.png,27,data/processed/train/images/22979065_15_patch_27.png,data/processed/train/masks/22979065_15_patch_27.png,0.2042083740234375
train,22979065_15.png,28,data/processed/train/images/22979065_15_patch_28.png,data/processed/train/masks/22979065_15_patch_28.png,0.13177490234375
train,22979065_15.png,29,data/processed/train/images/22979065_15_patch_29.png,data/processed/train/masks/22979065_15_patch_29.png,0.2514495849609375
train,22979065_15.png,30,data/processed/train/images/22979065_15_patch_30.png,data/processed/train/masks/22979065_15_patch_30.png,0.21832275390625
train,22979065_15.png,31,data/processed/train/images/22979065_15_patch_31.png,data/processed/train/masks/22979065_15_patch_31.png,0.255218505859375
train,22979065_15.png,32,data/processed/train/images/22979065_15_patch_32.png,data/processed/train/masks/22979065_15_patch_32.png,0.25531005859375
train,22979065_15.png,33,data/processed/train/images/22979065_15_patch_33.png,data/processed/train/masks/22979065_15_patch_33.png,0.1822967529296875
train,22979065_15.png,34,data/processed/train/images/22979065_15_patch_34.png,data/processed/train/masks/22979065_15_patch_34.png,0.137481689453125
train,22979065_15.png,35,data/processed/train/images/22979065_15_patch_35.png,data/processed/train/masks/22979065_15_patch_35.png,0.1302490234375
train,23128870_15.png,0,data/processed/train/images/23128870_15_patch_00.png,data/processed/train/masks/23128870_15_patch_00.png,0.0869140625
train,23128870_15.png,1,data/processed/train/images/23128870_15_patch_01.png,data/processed/train/masks/23128870_15_patch_01.png,0.0452728271484375
train,23128870_15.png,2,data/processed/train/images/23128870_15_patch_02.png,data/processed/train/masks/23128870_15_patch_02.png,0.0420074462890625
train,23128870_15.png,3,data/processed/train/images/23128870_15_patch_03.png,data/processed/train/masks/23128870_15_patch_03.png,0.0468597412109375
train,23128870_15.png,4,data/processed/train/images/23128870_15_patch_04.png,data/processed/train/masks/23128870_15_patch_04.png,0.053802490234375
train,23128870_15.png,5,data/processed/train/images/23128870_15_patch_05.png,data/processed/train/masks/23128870_15_patch_05.png,0.0288238525390625
train,23128870_15.png,6,data/processed/train/images/23128870_15_patch_06.png,data/processed/train/masks/23128870_15_patch_06.png,0.1620941162109375
train,23128870_15.png,7,data/processed/train/images/23128870_15_patch_07.png,data/processed/train/masks/23128870_15_patch_07.png,0.0839691162109375
train,23128870_15.png,8,data/processed/train/images/23128870_15_patch_08.png,data/processed/train/masks/23128870_15_patch_08.png,0.01727294921875
train,23128870_15.png,9,data/processed/train/images/23128870_15_patch_09.png,data/processed/train/masks/23128870_15_patch_09.png,0.0406951904296875
train,23128870_15.png,10,data/processed/train/images/23128870_15_patch_10.png,data/processed/train/masks/23128870_15_patch_10.png,0.0053253173828125
train,23128870_15.png,11,data/processed/train/images/23128870_15_patch_11.png,data/processed/train/masks/23128870_15_patch_11.png,0.0502777099609375
train,23128870_15.png,12,data/processed/train/images/23128870_15_patch_12.png,data/processed/train/masks/23128870_15_patch_12.png,0.1173095703125
train,23128870_15.png,13,data/processed/train/images/23128870_15_patch_13.png,data/processed/train/masks/23128870_15_patch_13.png,0.0029449462890625
train,23128870_15.png,14,data/processed/train/images/23128870_15_patch_14.png,data/processed/train/masks/23128870_15_patch_14.png,0.0
train,23128870_15.png,15,data/processed/train/images/23128870_15_patch_15.png,data/processed/train/masks/23128870_15_patch_15.png,0.022705078125
train,23128870_15.png,16,data/processed/train/images/23128870_15_patch_16.png,data/processed/train/masks/23128870_15_patch_16.png,0.023468017578125
train,23128870_15.png,17,data/processed/train/images/23128870_15_patch_17.png,data/processed/train/masks/23128870_15_patch_17.png,0.028350830078125
train,23128870_15.png,18,data/processed/train/images/23128870_15_patch_18.png,data/processed/train/masks/23128870_15_patch_18.png,0.0211944580078125
train,23128870_15.png,19,data/processed/train/images/23128870_15_patch_19.png,data/processed/train/masks/23128870_15_patch_19.png,0.0
train,23128870_15.png,20,data/processed/train/images/23128870_15_patch_20.png,data/processed/train/masks/23128870_15_patch_20.png,0.0406494140625
train,23128870_15.png,21,data/processed/train/images/23128870_15_patch_21.png,data/processed/train/masks/23128870_15_patch_21.png,0.000335693359375
train,23128870_15.png,22,data/processed/train/images/23128870_15_patch_22.png,data/processed/train/masks/23128870_15_patch_22.png,0.0156402587890625
train,23128870_15.png,23,data/processed/train/images/23128870_15_patch_23.png,data/processed/train/masks/23128870_15_patch_23.png,0.0187530517578125
train,23128870_15.png,24,data/processed/train/images/23128870_15_patch_24.png,data/processed/train/masks/23128870_15_patch_24.png,0.0
train,23128870_15.png,25,data/processed/train/images/23128870_15_patch_25.png,data/processed/train/masks/23128870_15_patch_25.png,0.0
train,23128870_15.png,26,data/processed/train/images/23128870_15_patch_26.png,data/processed/train/masks/23128870_15_patch_26.png,0.0040740966796875
train,23128870_15.png,27,data/processed/train/images/23128870_15_patch_27.png,data/processed/train/masks/23128870_15_patch_27.png,0.0099334716796875
train,23128870_15.png,28,data/processed/train/images/23128870_15_patch_28.png,data/processed/train/masks/23128870_15_patch_28.png,0.0154571533203125
train,23128870_15.png,29,data/processed/train/images/23128870_15_patch_29.png,data/processed/train/masks/23128870_15_patch_29.png,0.00244140625
train,23128870_15.png,30,data/processed/train/images/23128870_15_patch_30.png,data/processed/train/masks/23128870_15_patch_30.png,0.0
train,23128870_15.png,31,data/processed/train/images/23128870_15_patch_31.png,data/processed/train/masks/23128870_15_patch_31.png,0.0
train,23128870_15.png,32,data/processed/train/images/23128870_15_patch_32.png,data/processed/train/masks/23128870_15_patch_32.png,0.0
train,23128870_15.png,33,data/processed/train/images/23128870_15_patch_33.png,data/processed/train/masks/23128870_15_patch_33.png,0.0266265869140625
train,23128870_15.png,34,data/processed/train/images/23128870_15_patch_34.png,data/processed/train/masks/23128870_15_patch_34.png,0.0813446044921875
train,23128870_15.png,35,data/processed/train/images/23128870_15_patch_35.png,data/processed/train/masks/23128870_15_patch_35.png,0.036895751953125
train,23128885_15.png,0,data/processed/train/images/23128885_15_patch_00.png,data/processed/train/masks/23128885_15_patch_00.png,0.25567626953125
train,23128885_15.png,1,data/processed/train/images/23128885_15_patch_01.png,data/processed/train/masks/23128885_15_patch_01.png,0.19970703125
train,23128885_15.png,2,data/processed/train/images/23128885_15_patch_02.png,data/processed/train/masks/23128885_15_patch_02.png,0.1287384033203125
train,23128885_15.png,3,data/processed/train/images/23128885_15_patch_03.png,data/processed/train/masks/23128885_15_patch_03.png,0.1397857666015625
train,23128885_15.png,4,data/processed/train/images/23128885_15_patch_04.png,data/processed/train/masks/23128885_15_patch_04.png,0.14727783203125
train,23128885_15.png,5,data/processed/train/images/23128885_15_patch_05.png,data/processed/train/masks/23128885_15_patch_05.png,0.0800628662109375
train,23128885_15.png,6,data/processed/train/images/23128885_15_patch_06.png,data/processed/train/masks/23128885_15_patch_06.png,0.1103363037109375
train,23128885_15.png,7,data/processed/train/images/23128885_15_patch_07.png,data/processed/train/masks/23128885_15_patch_07.png,0.19891357421875
train,23128885_15.png,8,data/processed/train/images/23128885_15_patch_08.png,data/processed/train/masks/23128885_15_patch_08.png,0.0919342041015625
train,23128885_15.png,9,data/processed/train/images/23128885_15_patch_09.png,data/processed/train/masks/23128885_15_patch_09.png,0.1404571533203125
train,23128885_15.png,10,data/processed/train/images/23128885_15_patch_10.png,data/processed/train/masks/23128885_15_patch_10.png,0.1376953125
train,23128885_15.png,11,data/processed/train/images/23128885_15_patch_11.png,data/processed/train/masks/23128885_15_patch_11.png,0.0962982177734375
train,23128885_15.png,12,data/processed/train/images/23128885_15_patch_12.png,data/processed/train/masks/23128885_15_patch_12.png,0.09320068359375
train,23128885_15.png,13,data/processed/train/images/23128885_15_patch_13.png,data/processed/train/masks/23128885_15_patch_13.png,0.0871124267578125
train,23128885_15.png,14,data/processed/train/images/23128885_15_patch_14.png,data/processed/train/masks/23128885_15_patch_14.png,0.145904541015625
train,23128885_15.png,15,data/processed/train/images/23128885_15_patch_15.png,data/processed/train/masks/23128885_15_patch_15.png,0.130401611328125
train,23128885_15.png,16,data/processed/train/images/23128885_15_patch_16.png,data/processed/train/masks/23128885_15_patch_16.png,0.1245880126953125
train,23128885_15.png,17,data/processed/train/images/23128885_15_patch_17.png,data/processed/train/masks/23128885_15_patch_17.png,0.08856201171875
train,23128885_15.png,18,data/processed/train/images/23128885_15_patch_18.png,data/processed/train/masks/23128885_15_patch_18.png,0.1274871826171875
train,23128885_15.png,19,data/processed/train/images/23128885_15_patch_19.png,data/processed/train/masks/23128885_15_patch_19.png,0.037353515625
train,23128885_15.png,20,data/processed/train/images/23128885_15_patch_20.png,data/processed/train/masks/23128885_15_patch_20.png,0.1438751220703125
train,23128885_15.png,21,data/processed/train/images/23128885_15_patch_21.png,data/processed/train/masks/23128885_15_patch_21.png,0.1276397705078125
train,23128885_15.png,22,data/processed/train/images/23128885_15_patch_22.png,data/processed/train/masks/23128885_15_patch_22.png,0.0930633544921875
train,23128885_15.png,23,data/processed/train/images/23128885_15_patch_23.png,data/processed/train/masks/23128885_15_patch_23.png,0.045501708984375
train,23128885_15.png,24,data/processed/train/images/23128885_15_patch_24.png,data/processed/train/masks/23128885_15_patch_24.png,0.1583709716796875
train,23128885_15.png,25,data/processed/train/images/23128885_15_patch_25.png,data/processed/train/masks/23128885_15_patch_25.png,0.1089019775390625
train,23128885_15.png,26,data/processed/train/images/23128885_15_patch_26.png,data/processed/train/masks/23128885_15_patch_26.png,0.1526641845703125
train,23128885_15.png,27,data/processed/train/images/23128885_15_patch_27.png,data/processed/train/masks/23128885_15_patch_27.png,0.0994873046875
train,23128885_15.png,28,data/processed/train/images/23128885_15_patch_28.png,data/processed/train/masks/23128885_15_patch_28.png,0.0355682373046875
train,23128885_15.png,29,data/processed/train/images/23128885_15_patch_29.png,data/processed/train/masks/23128885_15_patch_29.png,0.0617523193359375
train,23128885_15.png,30,data/processed/train/images/23128885_15_patch_30.png,data/processed/train/masks/23128885_15_patch_30.png,0.0545501708984375
train,23128885_15.png,31,data/processed/train/images/23128885_15_patch_31.png,data/processed/train/masks/23128885_15_patch_31.png,0.0696868896484375
train,23128885_15.png,32,data/processed/train/images/23128885_15_patch_32.png,data/processed/train/masks/23128885_15_patch_32.png,0.0657958984375
train,23128885_15.png,33,data/processed/train/images/23128885_15_patch_33.png,data/processed/train/masks/23128885_15_patch_33.png,0.036529541015625
train,23128885_15.png,34,data/processed/train/images/23128885_15_patch_34.png,data/processed/train/masks/23128885_15_patch_34.png,0.03033447265625
train,23128885_15.png,35,data/processed/train/images/23128885_15_patch_35.png,data/processed/train/masks/23128885_15_patch_35.png,0.062042236328125
train,23128900_15.png,0,data/processed/train/images/23128900_15_patch_00.png,data/processed/train/masks/23128900_15_patch_00.png,0.0980682373046875
train,23128900_15.png,1,data/processed/train/images/23128900_15_patch_01.png,data/processed/train/masks/23128900_15_patch_01.png,0.1300201416015625
train,23128900_15.png,2,data/processed/train/images/23128900_15_patch_02.png,data/processed/train/masks/23128900_15_patch_02.png,0.0800628662109375
train,23128900_15.png,3,data/processed/train/images/23128900_15_patch_03.png,data/processed/train/masks/23128900_15_patch_03.png,0.1536865234375
train,23128900_15.png,4,data/processed/train/images/23128900_15_patch_04.png,data/processed/train/masks/23128900_15_patch_04.png,0.1562042236328125
train,23128900_15.png,5,data/processed/train/images/23128900_15_patch_05.png,data/processed/train/masks/23128900_15_patch_05.png,0.0648345947265625
train,23128900_15.png,6,data/processed/train/images/23128900_15_patch_06.png,data/processed/train/masks/23128900_15_patch_06.png,0.0066986083984375
train,23128900_15.png,7,data/processed/train/images/23128900_15_patch_07.png,data/processed/train/masks/23128900_15_patch_07.png,0.119476318359375
train,23128900_15.png,8,data/processed/train/images/23128900_15_patch_08.png,data/processed/train/masks/23128900_15_patch_08.png,0.1237335205078125
train,23128900_15.png,9,data/processed/train/images/23128900_15_patch_09.png,data/processed/train/masks/23128900_15_patch_09.png,0.1795654296875
train,23128900_15.png,10,data/processed/train/images/23128900_15_patch_10.png,data/processed/train/masks/23128900_15_patch_10.png,0.2259368896484375
train,23128900_15.png,11,data/processed/train/images/23128900_15_patch_11.png,data/processed/train/masks/23128900_15_patch_11.png,0.0633392333984375
train,23128900_15.png,12,data/processed/train/images/23128900_15_patch_12.png,data/processed/train/masks/23128900_15_patch_12.png,0.0584869384765625
train,23128900_15.png,13,data/processed/train/images/23128900_15_patch_13.png,data/processed/train/masks/23128900_15_patch_13.png,0.1378021240234375
train,23128900_15.png,14,data/processed/train/images/23128900_15_patch_14.png,data/processed/train/masks/23128900_15_patch_14.png,0.0994110107421875
train,23128900_15.png,15,data/processed/train/images/23128900_15_patch_15.png,data/processed/train/masks/23128900_15_patch_15.png,0.1536712646484375
train,23128900_15.png,16,data/processed/train/images/23128900_15_patch_16.png,data/processed/train/masks/23128900_15_patch_16.png,0.1468658447265625
train,23128900_15.png,17,data/processed/train/images/23128900_15_patch_17.png,data/processed/train/masks/23128900_15_patch_17.png,0.112396240234375
train,23128900_15.png,18,data/processed/train/images/23128900_15_patch_18.png,data/processed/train/masks/23128900_15_patch_18.png,0.1262664794921875
train,23128900_15.png,19,data/processed/train/images/23128900_15_patch_19.png,data/processed/train/masks/23128900_15_patch_19.png,0.1999053955078125
train,23128900_15.png,20,data/processed/train/images/23128900_15_patch_20.png,data/processed/train/masks/23128900_15_patch_20.png,0.1849822998046875
train,23128900_15.png,21,data/processed/train/images/23128900_15_patch_21.png,data/processed/train/masks/23128900_15_patch_21.png,0.1674652099609375
train,23128900_15.png,22,data/processed/train/images/23128900_15_patch_22.png,data/processed/train/masks/23128900_15_patch_22.png,0.160308837890625
train,23128900_15.png,23,data/processed/train/images/23128900_15_patch_23.png,data/processed/train/masks/23128900_15_patch_23.png,0.0199432373046875
train,23128900_15.png,24,data/processed/train/images/23128900_15_patch_24.png,data/processed/train/masks/23128900_15_patch_24.png,0.14813232421875
train,23128900_15.png,25,data/processed/train/images/23128900_15_patch_25.png,data/processed/train/masks/23128900_15_patch_25.png,0.1971893310546875
train,23128900_15.png,26,data/processed/train/images/23128900_15_patch_26.png,data/processed/train/masks/23128900_15_patch_26.png,0.320770263671875
train,23128900_15.png,27,data/processed/train/images/23128900_15_patch_27.png,data/processed/train/masks/23128900_15_patch_27.png,0.20458984375
train,23128900_15.png,28,data/processed/train/images/23128900_15_patch_28.png,data/processed/train/masks/23128900_15_patch_28.png,0.08880615234375
train,23128900_15.png,29,data/processed/train/images/23128900_15_patch_29.png,data/processed/train/masks/23128900_15_patch_29.png,0.0848846435546875
train,23128900_15.png,30,data/processed/train/images/23128900_15_patch_30.png,data/processed/train/masks/23128900_15_patch_30.png,0.17047119140625
train,23128900_15.png,31,data/processed/train/images/23128900_15_patch_31.png,data/processed/train/masks/23128900_15_patch_31.png,0.1548919677734375
train,23128900_15.png,32,data/processed/train/images/23128900_15_patch_32.png,data/processed/train/masks/23128900_15_patch_32.png,0.165374755859375
train,23128900_15.png,33,data/processed/train/images/23128900_15_patch_33.png,data/processed/train/masks/23128900_15_patch_33.png,0.1261444091796875
train,23128900_15.png,34,data/processed/train/images/23128900_15_patch_34.png,data/processed/train/masks/23128900_15_patch_34.png,0.082977294921875
train,23128900_15.png,35,data/processed/train/images/23128900_15_patch_35.png,data/processed/train/masks/23128900_15_patch_35.png,0.0827178955078125
train,23128915_15.png,0,data/processed/train/images/23128915_15_patch_00.png,data/processed/train/masks/23128915_15_patch_00.png,0.1433868408203125
train,23128915_15.png,1,data/processed/train/images/23128915_15_patch_01.png,data/processed/train/masks/23128915_15_patch_01.png,0.132110595703125
train,23128915_15.png,2,data/processed/train/images/23128915_15_patch_02.png,data/processed/train/masks/23128915_15_patch_02.png,0.1247406005859375
train,23128915_15.png,3,data/processed/train/images/23128915_15_patch_03.png,data/processed/train/masks/23128915_15_patch_03.png,0.140106201171875
train,23128915_15.png,4,data/processed/train/images/23128915_15_patch_04.png,data/processed/train/masks/23128915_15_patch_04.png,0.1693267822265625
train,23128915_15.png,5,data/processed/train/images/23128915_15_patch_05.png,data/processed/train/masks/23128915_15_patch_05.png,0.0434417724609375
train,23128915_15.png,6,data/processed/train/images/23128915_15_patch_06.png,data/processed/train/masks/23128915_15_patch_06.png,0.1436920166015625
train,23128915_15.png,7,data/processed/train/images/23128915_15_patch_07.png,data/processed/train/masks/23128915_15_patch_07.png,0.1414947509765625
train,23128915_15.png,8,data/processed/train/images/23128915_15_patch_08.png,data/processed/train/masks/23128915_15_patch_08.png,0.1210174560546875
train,23128915_15.png,9,data/processed/train/images/23128915_15_patch_09.png,data/processed/train/masks/23128915_15_patch_09.png,0.142578125
train,23128915_15.png,10,data/processed/train/images/23128915_15_patch_10.png,data/processed/train/masks/23128915_15_patch_10.png,0.08746337890625
train,23128915_15.png,11,data/processed/train/images/23128915_15_patch_11.png,data/processed/train/masks/23128915_15_patch_11.png,0.0214385986328125
train,23128915_15.png,12,data/processed/train/images/23128915_15_patch_12.png,data/processed/train/masks/23128915_15_patch_12.png,0.1438140869140625
train,23128915_15.png,13,data/processed/train/images/23128915_15_patch_13.png,data/processed/train/masks/23128915_15_patch_13.png,0.137451171875
train,23128915_15.png,14,data/processed/train/images/23128915_15_patch_14.png,data/processed/train/masks/23128915_15_patch_14.png,0.1350555419921875
train,23128915_15.png,15,data/processed/train/images/23128915_15_patch_15.png,data/processed/train/masks/23128915_15_patch_15.png,0.1202545166015625
train,23128915_15.png,16,data/processed/train/images/23128915_15_patch_16.png,data/processed/train/masks/23128915_15_patch_16.png,0.1289825439453125
train,23128915_15.png,17,data/processed/train/images/23128915_15_patch_17.png,data/processed/train/masks/23128915_15_patch_17.png,0.10797119140625
train,23128915_15.png,18,data/processed/train/images/23128915_15_patch_18.png,data/processed/train/masks/23128915_15_patch_18.png,0.1567535400390625
train,23128915_15.png,19,data/processed/train/images/23128915_15_patch_19.png,data/processed/train/masks/23128915_15_patch_19.png,0.1081390380859375
train,23128915_15.png,20,data/processed/train/images/23128915_15_patch_20.png,data/processed/train/masks/23128915_15_patch_20.png,0.1067047119140625
train,23128915_15.png,21,data/processed/train/images/23128915_15_patch_21.png,data/processed/train/masks/23128915_15_patch_21.png,0.1833953857421875
train,23128915_15.png,22,data/processed/train/images/23128915_15_patch_22.png,data/processed/train/masks/23128915_15_patch_22.png,0.0218505859375
train,23128915_15.png,23,data/processed/train/images/23128915_15_patch_23.png,data/processed/train/masks/23128915_15_patch_23.png,0.0263671875
train,23128915_15.png,24,data/processed/train/images/23128915_15_patch_24.png,data/processed/train/masks/23128915_15_patch_24.png,0.1430816650390625
train,23128915_15.png,25,data/processed/train/images/23128915_15_patch_25.png,data/processed/train/masks/23128915_15_patch_25.png,0.071044921875
train,23128915_15.png,26,data/processed/train/images/23128915_15_patch_26.png,data/processed/train/masks/23128915_15_patch_26.png,0.0385894775390625
train,23128915_15.png,27,data/processed/train/images/23128915_15_patch_27.png,data/processed/train/masks/23128915_15_patch_27.png,0.1335296630859375
train,23128915_15.png,28,data/processed/train/images/23128915_15_patch_28.png,data/processed/train/masks/23128915_15_patch_28.png,0.0769195556640625
train,23128915_15.png,29,data/processed/train/images/23128915_15_patch_29.png,data/processed/train/masks/23128915_15_patch_29.png,0.0737762451171875
train,23128915_15.png,30,data/processed/train/images/23128915_15_patch_30.png,data/processed/train/masks/23128915_15_patch_30.png,0.1194305419921875
train,23128915_15.png,31,data/processed/train/images/23128915_15_patch_31.png,data/processed/train/masks/23128915_15_patch_31.png,0.1194000244140625
train,23128915_15.png,32,data/processed/train/images/23128915_15_patch_32.png,data/processed/train/masks/23128915_15_patch_32.png,0.06365966796875
train,23128915_15.png,33,data/processed/train/images/23128915_15_patch_33.png,data/processed/train/masks/23128915_15_patch_33.png,0.13134765625
train,23128915_15.png,34,data/processed/train/images/23128915_15_patch_34.png,data/processed/train/masks/23128915_15_patch_34.png,0.1075897216796875
train,23128915_15.png,35,data/processed/train/images/23128915_15_patch_35.png,data/processed/train/masks/23128915_15_patch_35.png,0.0644683837890625
train,23128930_15.png,0,data/processed/train/images/23128930_15_patch_00.png,data/processed/train/masks/23128930_15_patch_00.png,0.0579681396484375
train,23128930_15.png,1,data/processed/train/images/23128930_15_patch_01.png,data/processed/train/masks/23128930_15_patch_01.png,0.0059661865234375
train,23128930_15.png,2,data/processed/train/images/23128930_15_patch_02.png,data/processed/train/masks/23128930_15_patch_02.png,0.222320556640625
train,23128930_15.png,3,data/processed/train/images/23128930_15_patch_03.png,data/processed/train/masks/23128930_15_patch_03.png,0.179443359375
train,23128930_15.png,4,data/processed/train/images/23128930_15_patch_04.png,data/processed/train/masks/23128930_15_patch_04.png,0.207763671875
train,23128930_15.png,5,data/processed/train/images/23128930_15_patch_05.png,data/processed/train/masks/23128930_15_patch_05.png,0.1075897216796875
train,23128930_15.png,6,data/processed/train/images/23128930_15_patch_06.png,data/processed/train/masks/23128930_15_patch_06.png,0.1781158447265625
train,23128930_15.png,7,data/processed/train/images/23128930_15_patch_07.png,data/processed/train/masks/23128930_15_patch_07.png,0.1131134033203125
train,23128930_15.png,8,data/processed/train/images/23128930_15_patch_08.png,data/processed/train/masks/23128930_15_patch_08.png,0.24920654296875
train,23128930_15.png,9,data/processed/train/images/23128930_15_patch_09.png,data/processed/train/masks/23128930_15_patch_09.png,0.1195068359375
train,23128930_15.png,10,data/processed/train/images/23128930_15_patch_10.png,data/processed/train/masks/23128930_15_patch_10.png,0.1699981689453125
train,23128930_15.png,11,data/processed/train/images/23128930_15_patch_11.png,data/processed/train/masks/23128930_15_patch_11.png,0.122406005859375
train,23128930_15.png,12,data/processed/train/images/23128930_15_patch_12.png,data/processed/train/masks/23128930_15_patch_12.png,0.158447265625
train,23128930_15.png,13,data/processed/train/images/23128930_15_patch_13.png,data/processed/train/masks/23128930_15_patch_13.png,0.229339599609375
train,23128930_15.png,14,data/processed/train/images/23128930_15_patch_14.png,data/processed/train/masks/23128930_15_patch_14.png,0.152374267578125
train,23128930_15.png,15,data/processed/train/images/23128930_15_patch_15.png,data/processed/train/masks/23128930_15_patch_15.png,0.1728057861328125
train,23128930_15.png,16,data/processed/train/images/23128930_15_patch_16.png,data/processed/train/masks/23128930_15_patch_16.png,0.1590118408203125
train,23128930_15.png,17,data/processed/train/images/23128930_15_patch_17.png,data/processed/train/masks/23128930_15_patch_17.png,0.13446044921875
train,23128930_15.png,18,data/processed/train/images/23128930_15_patch_18.png,data/processed/train/masks/23128930_15_patch_18.png,0.3249053955078125
train,23128930_15.png,19,data/processed/train/images/23128930_15_patch_19.png,data/processed/train/masks/23128930_15_patch_19.png,0.2144622802734375
train,23128930_15.png,20,data/processed/train/images/23128930_15_patch_20.png,data/processed/train/masks/23128930_15_patch_20.png,0.1879425048828125
train,23128930_15.png,21,data/processed/train/images/23128930_15_patch_21.png,data/processed/train/masks/23128930_15_patch_21.png,0.1429901123046875
train,23128930_15.png,22,data/processed/train/images/23128930_15_patch_22.png,data/processed/train/masks/23128930_15_patch_22.png,0.1930084228515625
train,23128930_15.png,23,data/processed/train/images/23128930_15_patch_23.png,data/processed/train/masks/23128930_15_patch_23.png,0.0777587890625
train,23128930_15.png,24,data/processed/train/images/23128930_15_patch_24.png,data/processed/train/masks/23128930_15_patch_24.png,0.2004852294921875
train,23128930_15.png,25,data/processed/train/images/23128930_15_patch_25.png,data/processed/train/masks/23128930_15_patch_25.png,0.165130615234375
train,23128930_15.png,26,data/processed/train/images/23128930_15_patch_26.png,data/processed/train/masks/23128930_15_patch_26.png,0.19024658203125
train,23128930_15.png,27,data/processed/train/images/23128930_15_patch_27.png,data/processed/train/masks/23128930_15_patch_27.png,0.1096954345703125
train,23128930_15.png,28,data/processed/train/images/23128930_15_patch_28.png,data/processed/train/masks/23128930_15_patch_28.png,0.134765625
train,23128930_15.png,29,data/processed/train/images/23128930_15_patch_29.png,data/processed/train/masks/23128930_15_patch_29.png,0.132568359375
train,23128930_15.png,30,data/processed/train/images/23128930_15_patch_30.png,data/processed/train/masks/23128930_15_patch_30.png,0.1541595458984375
train,23128930_15.png,31,data/processed/train/images/23128930_15_patch_31.png,data/processed/train/masks/23128930_15_patch_31.png,0.1377105712890625
train,23128930_15.png,32,data/processed/train/images/23128930_15_patch_32.png,data/processed/train/masks/23128930_15_patch_32.png,0.1722259521484375
train,23128930_15.png,33,data/processed/train/images/23128930_15_patch_33.png,data/processed/train/masks/23128930_15_patch_33.png,0.1125946044921875
train,23128930_15.png,34,data/processed/train/images/23128930_15_patch_34.png,data/processed/train/masks/23128930_15_patch_34.png,0.08612060546875
train,23128930_15.png,35,data/processed/train/images/23128930_15_patch_35.png,data/processed/train/masks/23128930_15_patch_35.png,0.1072235107421875
train,23128945_15.png,0,data/processed/train/images/23128945_15_patch_00.png,data/processed/train/masks/23128945_15_patch_00.png,0.0952911376953125
train,23128945_15.png,1,data/processed/train/images/23128945_15_patch_01.png,data/processed/train/masks/23128945_15_patch_01.png,0.1093597412109375
train,23128945_15.png,2,data/processed/train/images/23128945_15_patch_02.png,data/processed/train/masks/23128945_15_patch_02.png,0.0297088623046875
train,23128945_15.png,3,data/processed/train/images/23128945_15_patch_03.png,data/processed/train/masks/23128945_15_patch_03.png,0.10601806640625
train,23128945_15.png,4,data/processed/train/images/23128945_15_patch_04.png,data/processed/train/masks/23128945_15_patch_04.png,0.2042999267578125
train,23128945_15.png,5,data/processed/train/images/23128945_15_patch_05.png,data/processed/train/masks/23128945_15_patch_05.png,0.2268524169921875
train,23128945_15.png,6,data/processed/train/images/23128945_15_patch_06.png,data/processed/train/masks/23128945_15_patch_06.png,0.0947113037109375
train,23128945_15.png,7,data/processed/train/images/23128945_15_patch_07.png,data/processed/train/masks/23128945_15_patch_07.png,0.08349609375
train,23128945_15.png,8,data/processed/train/images/23128945_15_patch_08.png,data/processed/train/masks/23128945_15_patch_08.png,0.0009765625
train,23128945_15.png,9,data/processed/train/images/23128945_15_patch_09.png,data/processed/train/masks/23128945_15_patch_09.png,0.0442962646484375
train,23128945_15.png,10,data/processed/train/images/23128945_15_patch_10.png,data/processed/train/masks/23128945_15_patch_10.png,0.236785888671875
train,23128945_15.png,11,data/processed/train/images/23128945_15_patch_11.png,data/processed/train/masks/23128945_15_patch_11.png,0.146697998046875
train,23128945_15.png,12,data/processed/train/images/23128945_15_patch_12.png,data/processed/train/masks/23128945_15_patch_12.png,0.2496185302734375
train,23128945_15.png,13,data/processed/train/images/23128945_15_patch_13.png,data/processed/train/masks/23128945_15_patch_13.png,0.0244140625
train,23128945_15.png,14,data/processed/train/images/23128945_15_patch_14.png,data/processed/train/masks/23128945_15_patch_14.png,0.0
train,23128945_15.png,15,data/processed/train/images/23128945_15_patch_15.png,data/processed/train/masks/23128945_15_patch_15.png,0.054534912109375
train,23128945_15.png,16,data/processed/train/images/23128945_15_patch_16.png,data/processed/train/masks/23128945_15_patch_16.png,0.0628204345703125
train,23128945_15.png,17,data/processed/train/images/23128945_15_patch_17.png,data/processed/train/masks/23128945_15_patch_17.png,0.1180267333984375
train,23128945_15.png,18,data/processed/train/images/23128945_15_patch_18.png,data/processed/train/masks/23128945_15_patch_18.png,0.0364532470703125
train,23128945_15.png,19,data/processed/train/images/23128945_15_patch_19.png,data/processed/train/masks/23128945_15_patch_19.png,0.0
train,23128945_15.png,20,data/processed/train/images/23128945_15_patch_20.png,data/processed/train/masks/23128945_15_patch_20.png,0.0
train,23128945_15.png,21,data/processed/train/images/23128945_15_patch_21.png,data/processed/train/masks/23128945_15_patch_21.png,0.001953125
train,23128945_15.png,22,data/processed/train/images/23128945_15_patch_22.png,data/processed/train/masks/23128945_15_patch_22.png,0.0329132080078125
train,23128945_15.png,23,data/processed/train/images/23128945_15_patch_23.png,data/processed/train/masks/23128945_15_patch_23.png,0.2108154296875
train,23128945_15.png,24,data/processed/train/images/23128945_15_patch_24.png,data/processed/train/masks/23128945_15_patch_24.png,0.0202789306640625
train,23128945_15.png,25,data/processed/train/images/23128945_15_patch_25.png,data/processed/train/masks/23128945_15_patch_25.png,0.0
train,23128945_15.png,26,data/processed/train/images/23128945_15_patch_26.png,data/processed/train/masks/23128945_15_patch_26.png,0.0
train,23128945_15.png,27,data/processed/train/images/23128945_15_patch_27.png,data/processed/train/masks/23128945_15_patch_27.png,0.0194091796875
train,23128945_15.png,28,data/processed/train/images/23128945_15_patch_28.png,data/processed/train/masks/23128945_15_patch_28.png,0.0830230712890625
train,23128945_15.png,29,data/processed/train/images/23128945_15_patch_29.png,data/processed/train/masks/23128945_15_patch_29.png,0.14605712890625
train,23128945_15.png,30,data/processed/train/images/23128945_15_patch_30.png,data/processed/train/masks/23128945_15_patch_30.png,0.0
train,23128945_15.png,31,data/processed/train/images/23128945_15_patch_31.png,data/processed/train/masks/23128945_15_patch_31.png,0.0
train,23128945_15.png,32,data/processed/train/images/23128945_15_patch_32.png,data/processed/train/masks/23128945_15_patch_32.png,0.052886962890625
train,23128945_15.png,33,data/processed/train/images/23128945_15_patch_33.png,data/processed/train/masks/23128945_15_patch_33.png,0.190582275390625
train,23128945_15.png,34,data/processed/train/images/23128945_15_patch_34.png,data/processed/train/masks/23128945_15_patch_34.png,0.1586761474609375
train,23128945_15.png,35,data/processed/train/images/23128945_15_patch_35.png,data/processed/train/masks/23128945_15_patch_35.png,0.048187255859375
train,23128960_15.png,0,data/processed/train/images/23128960_15_patch_00.png,data/processed/train/masks/23128960_15_patch_00.png,0.0321044921875
train,23128960_15.png,1,data/processed/train/images/23128960_15_patch_01.png,data/processed/train/masks/23128960_15_patch_01.png,0.023345947265625
train,23128960_15.png,2,data/processed/train/images/23128960_15_patch_02.png,data/processed/train/masks/23128960_15_patch_02.png,0.007781982421875
train,23128960_15.png,3,data/processed/train/images/23128960_15_patch_03.png,data/processed/train/masks/23128960_15_patch_03.png,0.0037841796875
train,23128960_15.png,4,data/processed/train/images/23128960_15_patch_04.png,data/processed/train/masks/23128960_15_patch_04.png,0.1583709716796875
train,23128960_15.png,5,data/processed/train/images/23128960_15_patch_05.png,data/processed/train/masks/23128960_15_patch_05.png,0.2760162353515625
train,23128960_15.png,6,data/processed/train/images/23128960_15_patch_06.png,data/processed/train/masks/23128960_15_patch_06.png,0.097015380859375
train,23128960_15.png,7,data/processed/train/images/23128960_15_patch_07.png,data/processed/train/masks/23128960_15_patch_07.png,0.022857666015625
train,23128960_15.png,8,data/processed/train/images/23128960_15_patch_08.png,data/processed/train/masks/23128960_15_patch_08.png,0.0
train,23128960_15.png,9,data/processed/train/images/23128960_15_patch_09.png,data/processed/train/masks/23128960_15_patch_09.png,0.0
train,23128960_15.png,10,data/processed/train/images/23128960_15_patch_10.png,data/processed/train/masks/23128960_15_patch_10.png,0.14141845703125
train,23128960_15.png,11,data/processed/train/images/23128960_15_patch_11.png,data/processed/train/masks/23128960_15_patch_11.png,0.183746337890625
train,23128960_15.png,12,data/processed/train/images/23128960_15_patch_12.png,data/processed/train/masks/23128960_15_patch_12.png,0.0490875244140625
train,23128960_15.png,13,data/processed/train/images/23128960_15_patch_13.png,data/processed/train/masks/23128960_15_patch_13.png,0.0249481201171875
train,23128960_15.png,14,data/processed/train/images/23128960_15_patch_14.png,data/processed/train/masks/23128960_15_patch_14.png,0.011932373046875
train,23128960_15.png,15,data/processed/train/images/23128960_15_patch_15.png,data/processed/train/masks/23128960_15_patch_15.png,0.0092620849609375
train,23128960_15.png,16,data/processed/train/images/23128960_15_patch_16.png,data/processed/train/masks/23128960_15_patch_16.png,0.1729583740234375
train,23128960_15.png,17,data/processed/train/images/23128960_15_patch_17.png,data/processed/train/masks/23128960_15_patch_17.png,0.1714935302734375
train,23128960_15.png,18,data/processed/train/images/23128960_15_patch_18.png,data/processed/train/masks/23128960_15_patch_18.png,0.0788421630859375
train,23128960_15.png,19,data/processed/train/images/23128960_15_patch_19.png,data/processed/train/masks/23128960_15_patch_19.png,0.0998992919921875
train,23128960_15.png,20,data/processed/train/images/23128960_15_patch_20.png,data/processed/train/masks/23128960_15_patch_20.png,0.101837158203125
train,23128960_15.png,21,data/processed/train/images/23128960_15_patch_21.png,data/processed/train/masks/23128960_15_patch_21.png,0.1656341552734375
train,23128960_15.png,22,data/processed/train/images/23128960_15_patch_22.png,data/processed/train/masks/23128960_15_patch_22.png,0.173858642578125
train,23128960_15.png,23,data/processed/train/images/23128960_15_patch_23.png,data/processed/train/masks/23128960_15_patch_23.png,0.2640838623046875
train,23128960_15.png,24,data/processed/train/images/23128960_15_patch_24.png,data/processed/train/masks/23128960_15_patch_24.png,0.119781494140625
train,23128960_15.png,25,data/processed/train/images/23128960_15_patch_25.png,data/processed/train/masks/23128960_15_patch_25.png,0.1215972900390625
train,23128960_15.png,26,data/processed/train/images/23128960_15_patch_26.png,data/processed/train/masks/23128960_15_patch_26.png,0.1233673095703125
train,23128960_15.png,27,data/processed/train/images/23128960_15_patch_27.png,data/processed/train/masks/23128960_15_patch_27.png,0.2235565185546875
train,23128960_15.png,28,data/processed/train/images/23128960_15_patch_28.png,data/processed/train/masks/23128960_15_patch_28.png,0.2082672119140625
train,23128960_15.png,29,data/processed/train/images/23128960_15_patch_29.png,data/processed/train/masks/23128960_15_patch_29.png,0.17974853515625
train,23128960_15.png,30,data/processed/train/images/23128960_15_patch_30.png,data/processed/train/masks/23128960_15_patch_30.png,0.0873565673828125
train,23128960_15.png,31,data/processed/train/images/23128960_15_patch_31.png,data/processed/train/masks/23128960_15_patch_31.png,0.150390625
train,23128960_15.png,32,data/processed/train/images/23128960_15_patch_32.png,data/processed/train/masks/23128960_15_patch_32.png,0.0703277587890625
train,23128960_15.png,33,data/processed/train/images/23128960_15_patch_33.png,data/processed/train/masks/23128960_15_patch_33.png,0.13946533203125
train,23128960_15.png,34,data/processed/train/images/23128960_15_patch_34.png,data/processed/train/masks/23128960_15_patch_34.png,0.2055206298828125
train,23128960_15.png,35,data/processed/train/images/23128960_15_patch_35.png,data/processed/train/masks/23128960_15_patch_35.png,0.142852783203125
train,23128975_15.png,0,data/processed/train/images/23128975_15_patch_00.png,data/processed/train/masks/23128975_15_patch_00.png,0.2765045166015625
train,23128975_15.png,1,data/processed/train/images/23128975_15_patch_01.png,data/processed/train/masks/23128975_15_patch_01.png,0.242645263671875
train,23128975_15.png,2,data/processed/train/images/23128975_15_patch_02.png,data/processed/train/masks/23128975_15_patch_02.png,0.2139739990234375
train,23128975_15.png,3,data/processed/train/images/23128975_15_patch_03.png,data/processed/train/masks/23128975_15_patch_03.png,0.3654937744140625
train,23128975_15.png,4,data/processed/train/images/23128975_15_patch_04.png,data/processed/train/masks/23128975_15_patch_04.png,0.321868896484375
train,23128975_15.png,5,data/processed/train/images/23128975_15_patch_05.png,data/processed/train/masks/23128975_15_patch_05.png,0.1574249267578125
train,23128975_15.png,6,data/processed/train/images/23128975_15_patch_06.png,data/processed/train/masks/23128975_15_patch_06.png,0.2114105224609375
train,23128975_15.png,7,data/processed/train/images/23128975_15_patch_07.png,data/processed/train/masks/23128975_15_patch_07.png,0.186920166015625
train,23128975_15.png,8,data/processed/train/images/23128975_15_patch_08.png,data/processed/train/masks/23128975_15_patch_08.png,0.17449951171875
train,23128975_15.png,9,data/processed/train/images/23128975_15_patch_09.png,data/processed/train/masks/23128975_15_patch_09.png,0.2640838623046875
train,23128975_15.png,10,data/processed/train/images/23128975_15_patch_10.png,data/processed/train/masks/23128975_15_patch_10.png,0.2673187255859375
train,23128975_15.png,11,data/processed/train/images/23128975_15_patch_11.png,data/processed/train/masks/23128975_15_patch_11.png,0.077056884765625
train,23128975_15.png,12,data/processed/train/images/23128975_15_patch_12.png,data/processed/train/masks/23128975_15_patch_12.png,0.1373748779296875
train,23128975_15.png,13,data/processed/train/images/23128975_15_patch_13.png,data/processed/train/masks/23128975_15_patch_13.png,0.1996917724609375
train,23128975_15.png,14,data/processed/train/images/23128975_15_patch_14.png,data/processed/train/masks/23128975_15_patch_14.png,0.1266021728515625
train,23128975_15.png,15,data/processed/train/images/23128975_15_patch_15.png,data/processed/train/masks/23128975_15_patch_15.png,0.1390380859375
train,23128975_15.png,16,data/processed/train/images/23128975_15_patch_16.png,data/processed/train/masks/23128975_15_patch_16.png,0.115692138671875
train,23128975_15.png,17,data/processed/train/images/23128975_15_patch_17.png,data/processed/train/masks/23128975_15_patch_17.png,0.0
train,23128975_15.png,18,data/processed/train/images/23128975_15_patch_18.png,data/processed/train/masks/23128975_15_patch_18.png,0.064910888671875
train,23128975_15.png,19,data/processed/train/images/23128975_15_patch_19.png,data/processed/train/masks/23128975_15_patch_19.png,0.1702423095703125
train,23128975_15.png,20,data/processed/train/images/23128975_15_patch_20.png,data/processed/train/masks/23128975_15_patch_20.png,0.21014404296875
train,23128975_15.png,21,data/processed/train/images/23128975_15_patch_21.png,data/processed/train/masks/23128975_15_patch_21.png,0.16021728515625
train,23128975_15.png,22,data/processed/train/images/23128975_15_patch_22.png,data/processed/train/masks/23128975_15_patch_22.png,0.07257080078125
train,23128975_15.png,23,data/processed/train/images/23128975_15_patch_23.png,data/processed/train/masks/23128975_15_patch_23.png,0.032257080078125
train,23128975_15.png,24,data/processed/train/images/23128975_15_patch_24.png,data/processed/train/masks/23128975_15_patch_24.png,0.0563812255859375
train,23128975_15.png,25,data/processed/train/images/23128975_15_patch_25.png,data/processed/train/masks/23128975_15_patch_25.png,0.051422119140625
train,23128975_15.png,26,data/processed/train/images/23128975_15_patch_26.png,data/processed/train/masks/23128975_15_patch_26.png,0.133544921875
train,23128975_15.png,27,data/processed/train/images/23128975_15_patch_27.png,data/processed/train/masks/23128975_15_patch_27.png,0.090576171875
train,23128975_15.png,28,data/processed/train/images/23128975_15_patch_28.png,data/processed/train/masks/23128975_15_patch_28.png,0.01898193359375
train,23128975_15.png,29,data/processed/train/images/23128975_15_patch_29.png,data/processed/train/masks/23128975_15_patch_29.png,0.1895599365234375
train,23128975_15.png,30,data/processed/train/images/23128975_15_patch_30.png,data/processed/train/masks/23128975_15_patch_30.png,0.03521728515625
train,23128975_15.png,31,data/processed/train/images/23128975_15_patch_31.png,data/processed/train/masks/23128975_15_patch_31.png,0.036895751953125
train,23128975_15.png,32,data/processed/train/images/23128975_15_patch_32.png,data/processed/train/masks/23128975_15_patch_32.png,0.1455841064453125
train,23128975_15.png,33,data/processed/train/images/23128975_15_patch_33.png,data/processed/train/masks/23128975_15_patch_33.png,0.0194854736328125
train,23128975_15.png,34,data/processed/train/images/23128975_15_patch_34.png,data/processed/train/masks/23128975_15_patch_34.png,0.1684722900390625
train,23128975_15.png,35,data/processed/train/images/23128975_15_patch_35.png,data/processed/train/masks/23128975_15_patch_35.png,0.18865966796875
train,23128990_15.png,0,data/processed/train/images/23128990_15_patch_00.png,data/processed/train/masks/23128990_15_patch_00.png,0.2023162841796875
train,23128990_15.png,1,data/processed/train/images/23128990_15_patch_01.png,data/processed/train/masks/23128990_15_patch_01.png,0.2302093505859375
train,23128990_15.png,2,data/processed/train/images/23128990_15_patch_02.png,data/processed/train/masks/23128990_15_patch_02.png,0.206695556640625
train,23128990_15.png,3,data/processed/train/images/23128990_15_patch_03.png,data/processed/train/masks/23128990_15_patch_03.png,0.30084228515625
train,23128990_15.png,4,data/processed/train/images/23128990_15_patch_04.png,data/processed/train/masks/23128990_15_patch_04.png,0.1666717529296875
train,23128990_15.png,5,data/processed/train/images/23128990_15_patch_05.png,data/processed/train/masks/23128990_15_patch_05.png,0.030517578125
train,23128990_15.png,6,data/processed/train/images/23128990_15_patch_06.png,data/processed/train/masks/23128990_15_patch_06.png,0.2432861328125
train,23128990_15.png,7,data/processed/train/images/23128990_15_patch_07.png,data/processed/train/masks/23128990_15_patch_07.png,0.2759552001953125
train,23128990_15.png,8,data/processed/train/images/23128990_15_patch_08.png,data/processed/train/masks/23128990_15_patch_08.png,0.3193511962890625
train,23128990_15.png,9,data/processed/train/images/23128990_15_patch_09.png,data/processed/train/masks/23128990_15_patch_09.png,0.302581787109375
train,23128990_15.png,10,data/processed/train/images/23128990_15_patch_10.png,data/processed/train/masks/23128990_15_patch_10.png,0.3236846923828125
train,23128990_15.png,11,data/processed/train/images/23128990_15_patch_11.png,data/processed/train/masks/23128990_15_patch_11.png,0.156219482421875
train,23128990_15.png,12,data/processed/train/images/23128990_15_patch_12.png,data/processed/train/masks/23128990_15_patch_12.png,0.2088775634765625
train,23128990_15.png,13,data/processed/train/images/23128990_15_patch_13.png,data/processed/train/masks/23128990_15_patch_13.png,0.273590087890625
train,23128990_15.png,14,data/processed/train/images/23128990_15_patch_14.png,data/processed/train/masks/23128990_15_patch_14.png,0.37200927734375
train,23128990_15.png,15,data/processed/train/images/23128990_15_patch_15.png,data/processed/train/masks/23128990_15_patch_15.png,0.308349609375
train,23128990_15.png,16,data/processed/train/images/23128990_15_patch_16.png,data/processed/train/masks/23128990_15_patch_16.png,0.30987548828125
train,23128990_15.png,17,data/processed/train/images/23128990_15_patch_17.png,data/processed/train/masks/23128990_15_patch_17.png,0.1189422607421875
train,23128990_15.png,18,data/processed/train/images/23128990_15_patch_18.png,data/processed/train/masks/23128990_15_patch_18.png,0.231231689453125
train,23128990_15.png,19,data/processed/train/images/23128990_15_patch_19.png,data/processed/train/masks/23128990_15_patch_19.png,0.251190185546875
train,23128990_15.png,20,data/processed/train/images/23128990_15_patch_20.png,data/processed/train/masks/23128990_15_patch_20.png,0.3067626953125
train,23128990_15.png,21,data/processed/train/images/23128990_15_patch_21.png,data/processed/train/masks/23128990_15_patch_21.png,0.3467559814453125
train,23128990_15.png,22,data/processed/train/images/23128990_15_patch_22.png,data/processed/train/masks/23128990_15_patch_22.png,0.208587646484375
train,23128990_15.png,23,data/processed/train/images/23128990_15_patch_23.png,data/processed/train/masks/23128990_15_patch_23.png,0.163604736328125
train,23128990_15.png,24,data/processed/train/images/23128990_15_patch_24.png,data/processed/train/masks/23128990_15_patch_24.png,0.201568603515625
train,23128990_15.png,25,data/processed/train/images/23128990_15_patch_25.png,data/processed/train/masks/23128990_15_patch_25.png,0.2438507080078125
train,23128990_15.png,26,data/processed/train/images/23128990_15_patch_26.png,data/processed/train/masks/23128990_15_patch_26.png,0.2663116455078125
train,23128990_15.png,27,data/processed/train/images/23128990_15_patch_27.png,data/processed/train/masks/23128990_15_patch_27.png,0.3096160888671875
train,23128990_15.png,28,data/processed/train/images/23128990_15_patch_28.png,data/processed/train/masks/23128990_15_patch_28.png,0.1994781494140625
train,23128990_15.png,29,data/processed/train/images/23128990_15_patch_29.png,data/processed/train/masks/23128990_15_patch_29.png,0.13385009765625
train,23128990_15.png,30,data/processed/train/images/23128990_15_patch_30.png,data/processed/train/masks/23128990_15_patch_30.png,0.12530517578125
train,23128990_15.png,31,data/processed/train/images/23128990_15_patch_31.png,data/processed/train/masks/23128990_15_patch_31.png,0.16546630859375
train,23128990_15.png,32,data/processed/train/images/23128990_15_patch_32.png,data/processed/train/masks/23128990_15_patch_32.png,0.2270660400390625
train,23128990_15.png,33,data/processed/train/images/23128990_15_patch_33.png,data/processed/train/masks/23128990_15_patch_33.png,0.2722625732421875
train,23128990_15.png,34,data/processed/train/images/23128990_15_patch_34.png,data/processed/train/masks/23128990_15_patch_34.png,0.2491455078125
train,23128990_15.png,35,data/processed/train/images/23128990_15_patch_35.png,data/processed/train/masks/23128990_15_patch_35.png,0.1290740966796875
train,23129005_15.png,0,data/processed/train/images/23129005_15_patch_00.png,data/processed/train/masks/23129005_15_patch_00.png,0.1712493896484375
train,23129005_15.png,1,data/processed/train/images/23129005_15_patch_01.png,data/processed/train/masks/23129005_15_patch_01.png,0.18939208984375
train,23129005_15.png,2,data/processed/train/images/23129005_15_patch_02.png,data/processed/train/masks/23129005_15_patch_02.png,0.192169189453125
train,23129005_15.png,3,data/processed/train/images/23129005_15_patch_03.png,data/processed/train/masks/23129005_15_patch_03.png,0.1017303466796875
train,23129005_15.png,4,data/processed/train/images/23129005_15_patch_04.png,data/processed/train/masks/23129005_15_patch_04.png,0.1358642578125
train,23129005_15.png,5,data/processed/train/images/23129005_15_patch_05.png,data/processed/train/masks/23129005_15_patch_05.png,0.2801666259765625
train,23129005_15.png,6,data/processed/train/images/23129005_15_patch_06.png,data/processed/train/masks/23129005_15_patch_06.png,0.18896484375
train,23129005_15.png,7,data/processed/train/images/23129005_15_patch_07.png,data/processed/train/masks/23129005_15_patch_07.png,0.073486328125
train,23129005_15.png,8,data/processed/train/images/23129005_15_patch_08.png,data/processed/train/masks/23129005_15_patch_08.png,0.021270751953125
train,23129005_15.png,9,data/processed/train/images/23129005_15_patch_09.png,data/processed/train/masks/23129005_15_patch_09.png,0.0346221923828125
train,23129005_15.png,10,data/processed/train/images/23129005_15_patch_10.png,data/processed/train/masks/23129005_15_patch_10.png,0.0800018310546875
train,23129005_15.png,11,data/processed/train/images/23129005_15_patch_11.png,data/processed/train/masks/23129005_15_patch_11.png,0.2333221435546875
train,23129005_15.png,12,data/processed/train/images/23129005_15_patch_12.png,data/processed/train/masks/23129005_15_patch_12.png,0.1211090087890625
train,23129005_15.png,13,data/processed/train/images/23129005_15_patch_13.png,data/processed/train/masks/23129005_15_patch_13.png,0.1209869384765625
train,23129005_15.png,14,data/processed/train/images/23129005_15_patch_14.png,data/processed/train/masks/23129005_15_patch_14.png,0.1243438720703125
train,23129005_15.png,15,data/processed/train/images/23129005_15_patch_15.png,data/processed/train/masks/23129005_15_patch_15.png,0.0016632080078125
train,23129005_15.png,16,data/processed/train/images/23129005_15_patch_16.png,data/processed/train/masks/23129005_15_patch_16.png,0.0032501220703125
train,23129005_15.png,17,data/processed/train/images/23129005_15_patch_17.png,data/processed/train/masks/23129005_15_patch_17.png,0.1294403076171875
train,23129005_15.png,18,data/processed/train/images/23129005_15_patch_18.png,data/processed/train/masks/23129005_15_patch_18.png,0.31231689453125
train,23129005_15.png,19,data/processed/train/images/23129005_15_patch_19.png,data/processed/train/masks/23129005_15_patch_19.png,0.3168182373046875
train,23129005_15.png,20,data/processed/train/images/23129005_15_patch_20.png,data/processed/train/masks/23129005_15_patch_20.png,0.3922576904296875
train,23129005_15.png,21,data/processed/train/images/23129005_15_patch_21.png,data/processed/train/masks/23129005_15_patch_21.png,0.2323760986328125
train,23129005_15.png,22,data/processed/train/images/23129005_15_patch_22.png,data/processed/train/masks/23129005_15_patch_22.png,0.082916259765625
train,23129005_15.png,23,data/processed/train/images/23129005_15_patch_23.png,data/processed/train/masks/23129005_15_patch_23.png,0.0
train,23129005_15.png,24,data/processed/train/images/23129005_15_patch_24.png,data/processed/train/masks/23129005_15_patch_24.png,0.36407470703125
train,23129005_15.png,25,data/processed/train/images/23129005_15_patch_25.png,data/processed/train/masks/23129005_15_patch_25.png,0.33392333984375
train,23129005_15.png,26,data/processed/train/images/23129005_15_patch_26.png,data/processed/train/masks/23129005_15_patch_26.png,0.248748779296875
train,23129005_15.png,27,data/processed/train/images/23129005_15_patch_27.png,data/processed/train/masks/23129005_15_patch_27.png,0.308135986328125
train,23129005_15.png,28,data/processed/train/images/23129005_15_patch_28.png,data/processed/train/masks/23129005_15_patch_28.png,0.3674774169921875
train,23129005_15.png,29,data/processed/train/images/23129005_15_patch_29.png,data/processed/train/masks/23129005_15_patch_29.png,0.1515045166015625
train,23129005_15.png,30,data/processed/train/images/23129005_15_patch_30.png,data/processed/train/masks/23129005_15_patch_30.png,0.2631072998046875
train,23129005_15.png,31,data/processed/train/images/23129005_15_patch_31.png,data/processed/train/masks/23129005_15_patch_31.png,0.2431793212890625
train,23129005_15.png,32,data/processed/train/images/23129005_15_patch_32.png,data/processed/train/masks/23129005_15_patch_32.png,0.2041015625
train,23129005_15.png,33,data/processed/train/images/23129005_15_patch_33.png,data/processed/train/masks/23129005_15_patch_33.png,0.1856231689453125
train,23129005_15.png,34,data/processed/train/images/23129005_15_patch_34.png,data/processed/train/masks/23129005_15_patch_34.png,0.209014892578125
train,23129005_15.png,35,data/processed/train/images/23129005_15_patch_35.png,data/processed/train/masks/23129005_15_patch_35.png,0.091094970703125
train,23129020_15.png,0,data/processed/train/images/23129020_15_patch_00.png,data/processed/train/masks/23129020_15_patch_00.png,0.0170135498046875
train,23129020_15.png,1,data/processed/train/images/23129020_15_patch_01.png,data/processed/train/masks/23129020_15_patch_01.png,0.2608642578125
train,23129020_15.png,2,data/processed/train/images/23129020_15_patch_02.png,data/processed/train/masks/23129020_15_patch_02.png,0.428924560546875
train,23129020_15.png,3,data/processed/train/images/23129020_15_patch_03.png,data/processed/train/masks/23129020_15_patch_03.png,0.4098968505859375
train,23129020_15.png,4,data/processed/train/images/23129020_15_patch_04.png,data/processed/train/masks/23129020_15_patch_04.png,0.289794921875
train,23129020_15.png,5,data/processed/train/images/23129020_15_patch_05.png,data/processed/train/masks/23129020_15_patch_05.png,0.3556060791015625
train,23129020_15.png,6,data/processed/train/images/23129020_15_patch_06.png,data/processed/train/masks/23129020_15_patch_06.png,0.0
train,23129020_15.png,7,data/processed/train/images/23129020_15_patch_07.png,data/processed/train/masks/23129020_15_patch_07.png,0.042816162109375
train,23129020_15.png,8,data/processed/train/images/23129020_15_patch_08.png,data/processed/train/masks/23129020_15_patch_08.png,0.3386383056640625
train,23129020_15.png,9,data/processed/train/images/23129020_15_patch_09.png,data/processed/train/masks/23129020_15_patch_09.png,0.40374755859375
train,23129020_15.png,10,data/processed/train/images/23129020_15_patch_10.png,data/processed/train/masks/23129020_15_patch_10.png,0.3603668212890625
train,23129020_15.png,11,data/processed/train/images/23129020_15_patch_11.png,data/processed/train/masks/23129020_15_patch_11.png,0.2777862548828125
train,23129020_15.png,12,data/processed/train/images/23129020_15_patch_12.png,data/processed/train/masks/23129020_15_patch_12.png,0.144500732421875
train,23129020_15.png,13,data/processed/train/images/23129020_15_patch_13.png,data/processed/train/masks/23129020_15_patch_13.png,0.1171112060546875
train,23129020_15.png,14,data/processed/train/images/23129020_15_patch_14.png,data/processed/train/masks/23129020_15_patch_14.png,0.0015411376953125
train,23129020_15.png,15,data/processed/train/images/23129020_15_patch_15.png,data/processed/train/masks/23129020_15_patch_15.png,0.030487060546875
train,23129020_15.png,16,data/processed/train/images/23129020_15_patch_16.png,data/processed/train/masks/23129020_15_patch_16.png,0.2565765380859375
train,23129020_15.png,17,data/processed/train/images/23129020_15_patch_17.png,data/processed/train/masks/23129020_15_patch_17.png,0.2725982666015625
train,23129020_15.png,18,data/processed/train/images/23129020_15_patch_18.png,data/processed/train/masks/23129020_15_patch_18.png,0.178741455078125
train,23129020_15.png,19,data/processed/train/images/23129020_15_patch_19.png,data/processed/train/masks/23129020_15_patch_19.png,0.3113250732421875
train,23129020_15.png,20,data/processed/train/images/23129020_15_patch_20.png,data/processed/train/masks/23129020_15_patch_20.png,0.2133331298828125
train,23129020_15.png,21,data/processed/train/images/23129020_15_patch_21.png,data/processed/train/masks/23129020_15_patch_21.png,0.1446685791015625
train,23129020_15.png,22,data/processed/train/images/23129020_15_patch_22.png,data/processed/train/masks/23129020_15_patch_22.png,0.112060546875
train,23129020_15.png,23,data/processed/train/images/23129020_15_patch_23.png,data/processed/train/masks/23129020_15_patch_23.png,0.269012451171875
train,23129020_15.png,24,data/processed/train/images/23129020_15_patch_24.png,data/processed/train/masks/23129020_15_patch_24.png,0.1254425048828125
train,23129020_15.png,25,data/processed/train/images/23129020_15_patch_25.png,data/processed/train/masks/23129020_15_patch_25.png,0.0878448486328125
train,23129020_15.png,26,data/processed/train/images/23129020_15_patch_26.png,data/processed/train/masks/23129020_15_patch_26.png,0.0919036865234375
train,23129020_15.png,27,data/processed/train/images/23129020_15_patch_27.png,data/processed/train/masks/23129020_15_patch_27.png,0.170654296875
train,23129020_15.png,28,data/processed/train/images/23129020_15_patch_28.png,data/processed/train/masks/23129020_15_patch_28.png,0.084442138671875
train,23129020_15.png,29,data/processed/train/images/23129020_15_patch_29.png,data/processed/train/masks/23129020_15_patch_29.png,0.1843109130859375
train,23129020_15.png,30,data/processed/train/images/23129020_15_patch_30.png,data/processed/train/masks/23129020_15_patch_30.png,0.2053070068359375
train,23129020_15.png,31,data/processed/train/images/23129020_15_patch_31.png,data/processed/train/masks/23129020_15_patch_31.png,0.3012237548828125
train,23129020_15.png,32,data/processed/train/images/23129020_15_patch_32.png,data/processed/train/masks/23129020_15_patch_32.png,0.2382049560546875
train,23129020_15.png,33,data/processed/train/images/23129020_15_patch_33.png,data/processed/train/masks/23129020_15_patch_33.png,0.1027679443359375
train,23129020_15.png,34,data/processed/train/images/23129020_15_patch_34.png,data/processed/train/masks/23129020_15_patch_34.png,0.0647125244140625
train,23129020_15.png,35,data/processed/train/images/23129020_15_patch_35.png,data/processed/train/masks/23129020_15_patch_35.png,0.186981201171875
train,23129035_15.png,0,data/processed/train/images/23129035_15_patch_00.png,data/processed/train/masks/23129035_15_patch_00.png,0.1766815185546875
train,23129035_15.png,1,data/processed/train/images/23129035_15_patch_01.png,data/processed/train/masks/23129035_15_patch_01.png,0.228240966796875
train,23129035_15.png,2,data/processed/train/images/23129035_15_patch_02.png,data/processed/train/masks/23129035_15_patch_02.png,0.2164154052734375
train,23129035_15.png,3,data/processed/train/images/23129035_15_patch_03.png,data/processed/train/masks/23129035_15_patch_03.png,0.2744598388671875
train,23129035_15.png,4,data/processed/train/images/23129035_15_patch_04.png,data/processed/train/masks/23129035_15_patch_04.png,0.22393798828125
train,23129035_15.png,5,data/processed/train/images/23129035_15_patch_05.png,data/processed/train/masks/23129035_15_patch_05.png,0.2111358642578125
train,23129035_15.png,6,data/processed/train/images/23129035_15_patch_06.png,data/processed/train/masks/23129035_15_patch_06.png,0.2456512451171875
train,23129035_15.png,7,data/processed/train/images/23129035_15_patch_07.png,data/processed/train/masks/23129035_15_patch_07.png,0.163543701171875
train,23129035_15.png,8,data/processed/train/images/23129035_15_patch_08.png,data/processed/train/masks/23129035_15_patch_08.png,0.2229156494140625
train,23129035_15.png,9,data/processed/train/images/23129035_15_patch_09.png,data/processed/train/masks/23129035_15_patch_09.png,0.291473388671875
train,23129035_15.png,10,data/processed/train/images/23129035_15_patch_10.png,data/processed/train/masks/23129035_15_patch_10.png,0.25701904296875
train,23129035_15.png,11,data/processed/train/images/23129035_15_patch_11.png,data/processed/train/masks/23129035_15_patch_11.png,0.2265777587890625
train,23129035_15.png,12,data/processed/train/images/23129035_15_patch_12.png,data/processed/train/masks/23129035_15_patch_12.png,0.174896240234375
train,23129035_15.png,13,data/processed/train/images/23129035_15_patch_13.png,data/processed/train/masks/23129035_15_patch_13.png,0.310638427734375
train,23129035_15.png,14,data/processed/train/images/23129035_15_patch_14.png,data/processed/train/masks/23129035_15_patch_14.png,0.2634429931640625
train,23129035_15.png,15,data/processed/train/images/23129035_15_patch_15.png,data/processed/train/masks/23129035_15_patch_15.png,0.2418670654296875
train,23129035_15.png,16,data/processed/train/images/23129035_15_patch_16.png,data/processed/train/masks/23129035_15_patch_16.png,0.2699432373046875
train,23129035_15.png,17,data/processed/train/images/23129035_15_patch_17.png,data/processed/train/masks/23129035_15_patch_17.png,0.2326202392578125
train,23129035_15.png,18,data/processed/train/images/23129035_15_patch_18.png,data/processed/train/masks/23129035_15_patch_18.png,0.2304229736328125
train,23129035_15.png,19,data/processed/train/images/23129035_15_patch_19.png,data/processed/train/masks/23129035_15_patch_19.png,0.2508697509765625
train,23129035_15.png,20,data/processed/train/images/23129035_15_patch_20.png,data/processed/train/masks/23129035_15_patch_20.png,0.2957305908203125
train,23129035_15.png,21,data/processed/train/images/23129035_15_patch_21.png,data/processed/train/masks/23129035_15_patch_21.png,0.26483154296875
train,23129035_15.png,22,data/processed/train/images/23129035_15_patch_22.png,data/processed/train/masks/23129035_15_patch_22.png,0.301483154296875
train,23129035_15.png,23,data/processed/train/images/23129035_15_patch_23.png,data/processed/train/masks/23129035_15_patch_23.png,0.1942138671875
train,23129035_15.png,24,data/processed/train/images/23129035_15_patch_24.png,data/processed/train/masks/23129035_15_patch_24.png,0.1363372802734375
train,23129035_15.png,25,data/processed/train/images/23129035_15_patch_25.png,data/processed/train/masks/23129035_15_patch_25.png,0.1816864013671875
train,23129035_15.png,26,data/processed/train/images/23129035_15_patch_26.png,data/processed/train/masks/23129035_15_patch_26.png,0.207916259765625
train,23129035_15.png,27,data/processed/train/images/23129035_15_patch_27.png,data/processed/train/masks/23129035_15_patch_27.png,0.2386627197265625
train,23129035_15.png,28,data/processed/train/images/23129035_15_patch_28.png,data/processed/train/masks/23129035_15_patch_28.png,0.3851318359375
train,23129035_15.png,29,data/processed/train/images/23129035_15_patch_29.png,data/processed/train/masks/23129035_15_patch_29.png,0.190338134765625
train,23129035_15.png,30,data/processed/train/images/23129035_15_patch_30.png,data/processed/train/masks/23129035_15_patch_30.png,0.135162353515625
train,23129035_15.png,31,data/processed/train/images/23129035_15_patch_31.png,data/processed/train/masks/23129035_15_patch_31.png,0.1951141357421875
train,23129035_15.png,32,data/processed/train/images/23129035_15_patch_32.png,data/processed/train/masks/23129035_15_patch_32.png,0.2005157470703125
train,23129035_15.png,33,data/processed/train/images/23129035_15_patch_33.png,data/processed/train/masks/23129035_15_patch_33.png,0.0731048583984375
train,23129035_15.png,34,data/processed/train/images/23129035_15_patch_34.png,data/processed/train/masks/23129035_15_patch_34.png,0.260986328125
train,23129035_15.png,35,data/processed/train/images/23129035_15_patch_35.png,data/processed/train/masks/23129035_15_patch_35.png,0.2309417724609375
train,23129050_15.png,0,data/processed/train/images/23129050_15_patch_00.png,data/processed/train/masks/23129050_15_patch_00.png,0.2653961181640625
train,23129050_15.png,1,data/processed/train/images/23129050_15_patch_01.png,data/processed/train/masks/23129050_15_patch_01.png,0.284088134765625
train,23129050_15.png,2,data/processed/train/images/23129050_15_patch_02.png,data/processed/train/masks/23129050_15_patch_02.png,0.2685699462890625
train,23129050_15.png,3,data/processed/train/images/23129050_15_patch_03.png,data/processed/train/masks/23129050_15_patch_03.png,0.25543212890625
train,23129050_15.png,4,data/processed/train/images/23129050_15_patch_04.png,data/processed/train/masks/23129050_15_patch_04.png,0.1532135009765625
train,23129050_15.png,5,data/processed/train/images/23129050_15_patch_05.png,data/processed/train/masks/23129050_15_patch_05.png,0.24835205078125
train,23129050_15.png,6,data/processed/train/images/23129050_15_patch_06.png,data/processed/train/masks/23129050_15_patch_06.png,0.239105224609375
train,23129050_15.png,7,data/processed/train/images/23129050_15_patch_07.png,data/processed/train/masks/23129050_15_patch_07.png,0.266143798828125
train,23129050_15.png,8,data/processed/train/images/23129050_15_patch_08.png,data/processed/train/masks/23129050_15_patch_08.png,0.2897796630859375
train,23129050_15.png,9,data/processed/train/images/23129050_15_patch_09.png,data/processed/train/masks/23129050_15_patch_09.png,0.271453857421875
train,23129050_15.png,10,data/processed/train/images/23129050_15_patch_10.png,data/processed/train/masks/23129050_15_patch_10.png,0.2899017333984375
train,23129050_15.png,11,data/processed/train/images/23129050_15_patch_11.png,data/processed/train/masks/23129050_15_patch_11.png,0.2450714111328125
train,23129050_15.png,12,data/processed/train/images/23129050_15_patch_12.png,data/processed/train/masks/23129050_15_patch_12.png,0.2563629150390625
train,23129050_15.png,13,data/processed/train/images/23129050_15_patch_13.png,data/processed/train/masks/23129050_15_patch_13.png,0.312225341796875
train,23129050_15.png,14,data/processed/train/images/23129050_15_patch_14.png,data/processed/train/masks/23129050_15_patch_14.png,0.3775634765625
train,23129050_15.png,15,data/processed/train/images/23129050_15_patch_15.png,data/processed/train/masks/23129050_15_patch_15.png,0.295440673828125
train,23129050_15.png,16,data/processed/train/images/23129050_15_patch_16.png,data/processed/train/masks/23129050_15_patch_16.png,0.2729339599609375
train,23129050_15.png,17,data/processed/train/images/23129050_15_patch_17.png,data/processed/train/masks/23129050_15_patch_17.png,0.1888580322265625
train,23129050_15.png,18,data/processed/train/images/23129050_15_patch_18.png,data/processed/train/masks/23129050_15_patch_18.png,0.2433929443359375
train,23129050_15.png,19,data/processed/train/images/23129050_15_patch_19.png,data/processed/train/masks/23129050_15_patch_19.png,0.2371368408203125
train,23129050_15.png,20,data/processed/train/images/23129050_15_patch_20.png,data/processed/train/masks/23129050_15_patch_20.png,0.28387451171875
train,23129050_15.png,21,data/processed/train/images/23129050_15_patch_21.png,data/processed/train/masks/23129050_15_patch_21.png,0.283203125
train,23129050_15.png,22,data/processed/train/images/23129050_15_patch_22.png,data/processed/train/masks/23129050_15_patch_22.png,0.30133056640625
train,23129050_15.png,23,data/processed/train/images/23129050_15_patch_23.png,data/processed/train/masks/23129050_15_patch_23.png,0.2089996337890625
train,23129050_15.png,24,data/processed/train/images/23129050_15_patch_24.png,data/processed/train/masks/23129050_15_patch_24.png,0.211456298828125
train,23129050_15.png,25,data/processed/train/images/23129050_15_patch_25.png,data/processed/train/masks/23129050_15_patch_25.png,0.23956298828125
train,23129050_15.png,26,data/processed/train/images/23129050_15_patch_26.png,data/processed/train/masks/23129050_15_patch_26.png,0.25
train,23129050_15.png,27,data/processed/train/images/23129050_15_patch_27.png,data/processed/train/masks/23129050_15_patch_27.png,0.2559967041015625
train,23129050_15.png,28,data/processed/train/images/23129050_15_patch_28.png,data/processed/train/masks/23129050_15_patch_28.png,0.32696533203125
train,23129050_15.png,29,data/processed/train/images/23129050_15_patch_29.png,data/processed/train/masks/23129050_15_patch_29.png,0.214630126953125
train,23129050_15.png,30,data/processed/train/images/23129050_15_patch_30.png,data/processed/train/masks/23129050_15_patch_30.png,0.1436309814453125
train,23129050_15.png,31,data/processed/train/images/23129050_15_patch_31.png,data/processed/train/masks/23129050_15_patch_31.png,0.2096405029296875
train,23129050_15.png,32,data/processed/train/images/23129050_15_patch_32.png,data/processed/train/masks/23129050_15_patch_32.png,0.30621337890625
train,23129050_15.png,33,data/processed/train/images/23129050_15_patch_33.png,data/processed/train/masks/23129050_15_patch_33.png,0.2791290283203125
train,23129050_15.png,34,data/processed/train/images/23129050_15_patch_34.png,data/processed/train/masks/23129050_15_patch_34.png,0.23590087890625
train,23129050_15.png,35,data/processed/train/images/23129050_15_patch_35.png,data/processed/train/masks/23129050_15_patch_35.png,0.155059814453125
train,23129065_15.png,0,data/processed/train/images/23129065_15_patch_00.png,data/processed/train/masks/23129065_15_patch_00.png,0.26300048828125
train,23129065_15.png,1,data/processed/train/images/23129065_15_patch_01.png,data/processed/train/masks/23129065_15_patch_01.png,0.218017578125
train,23129065_15.png,2,data/processed/train/images/23129065_15_patch_02.png,data/processed/train/masks/23129065_15_patch_02.png,0.2420654296875
train,23129065_15.png,3,data/processed/train/images/23129065_15_patch_03.png,data/processed/train/masks/23129065_15_patch_03.png,0.1922760009765625
train,23129065_15.png,4,data/processed/train/images/23129065_15_patch_04.png,data/processed/train/masks/23129065_15_patch_04.png,0.1453857421875
train,23129065_15.png,5,data/processed/train/images/23129065_15_patch_05.png,data/processed/train/masks/23129065_15_patch_05.png,0.1636962890625
train,23129065_15.png,6,data/processed/train/images/23129065_15_patch_06.png,data/processed/train/masks/23129065_15_patch_06.png,0.31463623046875
train,23129065_15.png,7,data/processed/train/images/23129065_15_patch_07.png,data/processed/train/masks/23129065_15_patch_07.png,0.2224273681640625
train,23129065_15.png,8,data/processed/train/images/23129065_15_patch_08.png,data/processed/train/masks/23129065_15_patch_08.png,0.20166015625
train,23129065_15.png,9,data/processed/train/images/23129065_15_patch_09.png,data/processed/train/masks/23129065_15_patch_09.png,0.2071990966796875
train,23129065_15.png,10,data/processed/train/images/23129065_15_patch_10.png,data/processed/train/masks/23129065_15_patch_10.png,0.2162322998046875
train,23129065_15.png,11,data/processed/train/images/23129065_15_patch_11.png,data/processed/train/masks/23129065_15_patch_11.png,0.145416259765625
train,23129065_15.png,12,data/processed/train/images/23129065_15_patch_12.png,data/processed/train/masks/23129065_15_patch_12.png,0.319061279296875
train,23129065_15.png,13,data/processed/train/images/23129065_15_patch_13.png,data/processed/train/masks/23129065_15_patch_13.png,0.2607421875
train,23129065_15.png,14,data/processed/train/images/23129065_15_patch_14.png,data/processed/train/masks/23129065_15_patch_14.png,0.1507568359375
train,23129065_15.png,15,data/processed/train/images/23129065_15_patch_15.png,data/processed/train/masks/23129065_15_patch_15.png,0.141571044921875
train,23129065_15.png,16,data/processed/train/images/23129065_15_patch_16.png,data/processed/train/masks/23129065_15_patch_16.png,0.2879638671875
train,23129065_15.png,17,data/processed/train/images/23129065_15_patch_17.png,data/processed/train/masks/23129065_15_patch_17.png,0.23541259765625
train,23129065_15.png,18,data/processed/train/images/23129065_15_patch_18.png,data/processed/train/masks/23129065_15_patch_18.png,0.2943572998046875
train,23129065_15.png,19,data/processed/train/images/23129065_15_patch_19.png,data/processed/train/masks/23129065_15_patch_19.png,0.2068939208984375
train,23129065_15.png,20,data/processed/train/images/23129065_15_patch_20.png,data/processed/train/masks/23129065_15_patch_20.png,0.15478515625
train,23129065_15.png,21,data/processed/train/images/23129065_15_patch_21.png,data/processed/train/masks/23129065_15_patch_21.png,0.19293212890625
train,23129065_15.png,22,data/processed/train/images/23129065_15_patch_22.png,data/processed/train/masks/23129065_15_patch_22.png,0.060211181640625
train,23129065_15.png,23,data/processed/train/images/23129065_15_patch_23.png,data/processed/train/masks/23129065_15_patch_23.png,0.0355224609375
train,23129065_15.png,24,data/processed/train/images/23129065_15_patch_24.png,data/processed/train/masks/23129065_15_patch_24.png,0.28851318359375
train,23129065_15.png,25,data/processed/train/images/23129065_15_patch_25.png,data/processed/train/masks/23129065_15_patch_25.png,0.2817840576171875
train,23129065_15.png,26,data/processed/train/images/23129065_15_patch_26.png,data/processed/train/masks/23129065_15_patch_26.png,0.237152099609375
train,23129065_15.png,27,data/processed/train/images/23129065_15_patch_27.png,data/processed/train/masks/23129065_15_patch_27.png,0.2171630859375
train,23129065_15.png,28,data/processed/train/images/23129065_15_patch_28.png,data/processed/train/masks/23129065_15_patch_28.png,0.2587738037109375
train,23129065_15.png,29,data/processed/train/images/23129065_15_patch_29.png,data/processed/train/masks/23129065_15_patch_29.png,0.231689453125
train,23129065_15.png,30,data/processed/train/images/23129065_15_patch_30.png,data/processed/train/masks/23129065_15_patch_30.png,0.291046142578125
train,23129065_15.png,31,data/processed/train/images/23129065_15_patch_31.png,data/processed/train/masks/23129065_15_patch_31.png,0.246490478515625
train,23129065_15.png,32,data/processed/train/images/23129065_15_patch_32.png,data/processed/train/masks/23129065_15_patch_32.png,0.2543792724609375
train,23129065_15.png,33,data/processed/train/images/23129065_15_patch_33.png,data/processed/train/masks/23129065_15_patch_33.png,0.0554962158203125
train,23129065_15.png,34,data/processed/train/images/23129065_15_patch_34.png,data/processed/train/masks/23129065_15_patch_34.png,0.26544189453125
train,23129065_15.png,35,data/processed/train/images/23129065_15_patch_35.png,data/processed/train/masks/23129065_15_patch_35.png,0.2022552490234375
train,23129125_15.png,0,data/processed/train/images/23129125_15_patch_00.png,data/processed/train/masks/23129125_15_patch_00.png,0.09228515625
train,23129125_15.png,1,data/processed/train/images/23129125_15_patch_01.png,data/processed/train/masks/23129125_15_patch_01.png,0.068359375
train,23129125_15.png,2,data/processed/train/images/23129125_15_patch_02.png,data/processed/train/masks/23129125_15_patch_02.png,0.0753631591796875
train,23129125_15.png,3,data/processed/train/images/23129125_15_patch_03.png,data/processed/train/masks/23129125_15_patch_03.png,0.076751708984375
train,23129125_15.png,4,data/processed/train/images/23129125_15_patch_04.png,data/processed/train/masks/23129125_15_patch_04.png,0.0224761962890625
train,23129125_15.png,5,data/processed/train/images/23129125_15_patch_05.png,data/processed/train/masks/23129125_15_patch_05.png,0.129425048828125
train,23129125_15.png,6,data/processed/train/images/23129125_15_patch_06.png,data/processed/train/masks/23129125_15_patch_06.png,0.130584716796875
train,23129125_15.png,7,data/processed/train/images/23129125_15_patch_07.png,data/processed/train/masks/23129125_15_patch_07.png,0.1389617919921875
train,23129125_15.png,8,data/processed/train/images/23129125_15_patch_08.png,data/processed/train/masks/23129125_15_patch_08.png,0.1446380615234375
train,23129125_15.png,9,data/processed/train/images/23129125_15_patch_09.png,data/processed/train/masks/23129125_15_patch_09.png,0.0031585693359375
train,23129125_15.png,10,data/processed/train/images/23129125_15_patch_10.png,data/processed/train/masks/23129125_15_patch_10.png,0.0
train,23129125_15.png,11,data/processed/train/images/23129125_15_patch_11.png,data/processed/train/masks/23129125_15_patch_11.png,0.0
train,23129125_15.png,12,data/processed/train/images/23129125_15_patch_12.png,data/processed/train/masks/23129125_15_patch_12.png,0.095703125
train,23129125_15.png,13,data/processed/train/images/23129125_15_patch_13.png,data/processed/train/masks/23129125_15_patch_13.png,0.113922119140625
train,23129125_15.png,14,data/processed/train/images/23129125_15_patch_14.png,data/processed/train/masks/23129125_15_patch_14.png,0.093963623046875
train,23129125_15.png,15,data/processed/train/images/23129125_15_patch_15.png,data/processed/train/masks/23129125_15_patch_15.png,0.0014190673828125
train,23129125_15.png,16,data/processed/train/images/23129125_15_patch_16.png,data/processed/train/masks/23129125_15_patch_16.png,0.0
train,23129125_15.png,17,data/processed/train/images/23129125_15_patch_17.png,data/processed/train/masks/23129125_15_patch_17.png,0.0
train,23129125_15.png,18,data/processed/train/images/23129125_15_patch_18.png,data/processed/train/masks/23129125_15_patch_18.png,0.13018798828125
train,23129125_15.png,19,data/processed/train/images/23129125_15_patch_19.png,data/processed/train/masks/23129125_15_patch_19.png,0.1278228759765625
train,23129125_15.png,20,data/processed/train/images/23129125_15_patch_20.png,data/processed/train/masks/23129125_15_patch_20.png,0.07867431640625
train,23129125_15.png,21,data/processed/train/images/23129125_15_patch_21.png,data/processed/train/masks/23129125_15_patch_21.png,0.0
train,23129125_15.png,22,data/processed/train/images/23129125_15_patch_22.png,data/processed/train/masks/23129125_15_patch_22.png,0.0
train,23129125_15.png,23,data/processed/train/images/23129125_15_patch_23.png,data/processed/train/masks/23129125_15_patch_23.png,0.0
train,23129125_15.png,24,data/processed/train/images/23129125_15_patch_24.png,data/processed/train/masks/23129125_15_patch_24.png,0.153839111328125
train,23129125_15.png,25,data/processed/train/images/23129125_15_patch_25.png,data/processed/train/masks/23129125_15_patch_25.png,0.0636749267578125
train,23129125_15.png,26,data/processed/train/images/23129125_15_patch_26.png,data/processed/train/masks/23129125_15_patch_26.png,0.057281494140625
train,23129125_15.png,27,data/processed/train/images/23129125_15_patch_27.png,data/processed/train/masks/23129125_15_patch_27.png,0.0117950439453125
train,23129125_15.png,28,data/processed/train/images/23129125_15_patch_28.png,data/processed/train/masks/23129125_15_patch_28.png,0.0
train,23129125_15.png,29,data/processed/train/images/23129125_15_patch_29.png,data/processed/train/masks/23129125_15_patch_29.png,0.0
train,23129125_15.png,30,data/processed/train/images/23129125_15_patch_30.png,data/processed/train/masks/23129125_15_patch_30.png,0.0919189453125
train,23129125_15.png,31,data/processed/train/images/23129125_15_patch_31.png,data/processed/train/masks/23129125_15_patch_31.png,0.0
train,23129125_15.png,32,data/processed/train/images/23129125_15_patch_32.png,data/processed/train/masks/23129125_15_patch_32.png,0.0
train,23129125_15.png,33,data/processed/train/images/23129125_15_patch_33.png,data/processed/train/masks/23129125_15_patch_33.png,0.0
train,23129125_15.png,34,data/processed/train/images/23129125_15_patch_34.png,data/processed/train/masks/23129125_15_patch_34.png,0.0
train,23129125_15.png,35,data/processed/train/images/23129125_15_patch_35.png,data/processed/train/masks/23129125_15_patch_35.png,0.0
train,23129140_15.png,0,data/processed/train/images/23129140_15_patch_00.png,data/processed/train/masks/23129140_15_patch_00.png,0.0271453857421875
train,23129140_15.png,1,data/processed/train/images/23129140_15_patch_01.png,data/processed/train/masks/23129140_15_patch_01.png,0.082427978515625
train,23129140_15.png,2,data/processed/train/images/23129140_15_patch_02.png,data/processed/train/masks/23129140_15_patch_02.png,0.0955657958984375
train,23129140_15.png,3,data/processed/train/images/23129140_15_patch_03.png,data/processed/train/masks/23129140_15_patch_03.png,0.1065216064453125
train,23129140_15.png,4,data/processed/train/images/23129140_15_patch_04.png,data/processed/train/masks/23129140_15_patch_04.png,0.0521087646484375
train,23129140_15.png,5,data/processed/train/images/23129140_15_patch_05.png,data/processed/train/masks/23129140_15_patch_05.png,0.1223297119140625
train,23129140_15.png,6,data/processed/train/images/23129140_15_patch_06.png,data/processed/train/masks/23129140_15_patch_06.png,0.1204376220703125
train,23129140_15.png,7,data/processed/train/images/23129140_15_patch_07.png,data/processed/train/masks/23129140_15_patch_07.png,0.0751190185546875
train,23129140_15.png,8,data/processed/train/images/23129140_15_patch_08.png,data/processed/train/masks/23129140_15_patch_08.png,0.12432861328125
train,23129140_15.png,9,data/processed/train/images/23129140_15_patch_09.png,data/processed/train/masks/23129140_15_patch_09.png,0.0593109130859375
train,23129140_15.png,10,data/processed/train/images/23129140_15_patch_10.png,data/processed/train/masks/23129140_15_patch_10.png,0.016510009765625
train,23129140_15.png,11,data/processed/train/images/23129140_15_patch_11.png,data/processed/train/masks/23129140_15_patch_11.png,0.1253662109375
train,23129140_15.png,12,data/processed/train/images/23129140_15_patch_12.png,data/processed/train/masks/23129140_15_patch_12.png,0.142120361328125
train,23129140_15.png,13,data/processed/train/images/23129140_15_patch_13.png,data/processed/train/masks/23129140_15_patch_13.png,0.04119873046875
train,23129140_15.png,14,data/processed/train/images/23129140_15_patch_14.png,data/processed/train/masks/23129140_15_patch_14.png,0.06414794921875
train,23129140_15.png,15,data/processed/train/images/23129140_15_patch_15.png,data/processed/train/masks/23129140_15_patch_15.png,0.17779541015625
train,23129140_15.png,16,data/processed/train/images/23129140_15_patch_16.png,data/processed/train/masks/23129140_15_patch_16.png,0.3534088134765625
train,23129140_15.png,17,data/processed/train/images/23129140_15_patch_17.png,data/processed/train/masks/23129140_15_patch_17.png,0.005157470703125
train,23129140_15.png,18,data/processed/train/images/23129140_15_patch_18.png,data/processed/train/masks/23129140_15_patch_18.png,0.105987548828125
train,23129140_15.png,19,data/processed/train/images/23129140_15_patch_19.png,data/processed/train/masks/23129140_15_patch_19.png,0.011260986328125
train,23129140_15.png,20,data/processed/train/images/23129140_15_patch_20.png,data/processed/train/masks/23129140_15_patch_20.png,0.022003173828125
train,23129140_15.png,21,data/processed/train/images/23129140_15_patch_21.png,data/processed/train/masks/23129140_15_patch_21.png,0.034332275390625
train,23129140_15.png,22,data/processed/train/images/23129140_15_patch_22.png,data/processed/train/masks/23129140_15_patch_22.png,0.050567626953125
train,23129140_15.png,23,data/processed/train/images/23129140_15_patch_23.png,data/processed/train/masks/23129140_15_patch_23.png,0.0
train,23129140_15.png,24,data/processed/train/images/23129140_15_patch_24.png,data/processed/train/masks/23129140_15_patch_24.png,0.0
train,23129140_15.png,25,data/processed/train/images/23129140_15_patch_25.png,data/processed/train/masks/23129140_15_patch_25.png,0.03363037109375
train,23129140_15.png,26,data/processed/train/images/23129140_15_patch_26.png,data/processed/train/masks/23129140_15_patch_26.png,0.0150909423828125
train,23129140_15.png,27,data/processed/train/images/23129140_15_patch_27.png,data/processed/train/masks/23129140_15_patch_27.png,0.0978851318359375
train,23129140_15.png,28,data/processed/train/images/23129140_15_patch_28.png,data/processed/train/masks/23129140_15_patch_28.png,0.075958251953125
train,23129140_15.png,29,data/processed/train/images/23129140_15_patch_29.png,data/processed/train/masks/23129140_15_patch_29.png,0.0803070068359375
train,23129140_15.png,30,data/processed/train/images/23129140_15_patch_30.png,data/processed/train/masks/23129140_15_patch_30.png,0.044403076171875
train,23129140_15.png,31,data/processed/train/images/23129140_15_patch_31.png,data/processed/train/masks/23129140_15_patch_31.png,0.0148162841796875
train,23129140_15.png,32,data/processed/train/images/23129140_15_patch_32.png,data/processed/train/masks/23129140_15_patch_32.png,0.094818115234375
train,23129140_15.png,33,data/processed/train/images/23129140_15_patch_33.png,data/processed/train/masks/23129140_15_patch_33.png,0.091766357421875
train,23129140_15.png,34,data/processed/train/images/23129140_15_patch_34.png,data/processed/train/masks/23129140_15_patch_34.png,0.050567626953125
train,23129140_15.png,35,data/processed/train/images/23129140_15_patch_35.png,data/processed/train/masks/23129140_15_patch_35.png,0.045928955078125
train,23129155_15.png,0,data/processed/train/images/23129155_15_patch_00.png,data/processed/train/masks/23129155_15_patch_00.png,0.1925506591796875
train,23129155_15.png,1,data/processed/train/images/23129155_15_patch_01.png,data/processed/train/masks/23129155_15_patch_01.png,0.1427154541015625
train,23129155_15.png,2,data/processed/train/images/23129155_15_patch_02.png,data/processed/train/masks/23129155_15_patch_02.png,0.1932525634765625
train,23129155_15.png,3,data/processed/train/images/23129155_15_patch_03.png,data/processed/train/masks/23129155_15_patch_03.png,0.1084747314453125
train,23129155_15.png,4,data/processed/train/images/23129155_15_patch_04.png,data/processed/train/masks/23129155_15_patch_04.png,0.05975341796875
train,23129155_15.png,5,data/processed/train/images/23129155_15_patch_05.png,data/processed/train/masks/23129155_15_patch_05.png,0.0904998779296875
train,23129155_15.png,6,data/processed/train/images/23129155_15_patch_06.png,data/processed/train/masks/23129155_15_patch_06.png,0.109405517578125
train,23129155_15.png,7,data/processed/train/images/23129155_15_patch_07.png,data/processed/train/masks/23129155_15_patch_07.png,0.057373046875
train,23129155_15.png,8,data/processed/train/images/23129155_15_patch_08.png,data/processed/train/masks/23129155_15_patch_08.png,0.0907745361328125
train,23129155_15.png,9,data/processed/train/images/23129155_15_patch_09.png,data/processed/train/masks/23129155_15_patch_09.png,0.056121826171875
train,23129155_15.png,10,data/processed/train/images/23129155_15_patch_10.png,data/processed/train/masks/23129155_15_patch_10.png,0.1324615478515625
train,23129155_15.png,11,data/processed/train/images/23129155_15_patch_11.png,data/processed/train/masks/23129155_15_patch_11.png,0.1156463623046875
train,23129155_15.png,12,data/processed/train/images/23129155_15_patch_12.png,data/processed/train/masks/23129155_15_patch_12.png,0.10736083984375
train,23129155_15.png,13,data/processed/train/images/23129155_15_patch_13.png,data/processed/train/masks/23129155_15_patch_13.png,0.0594329833984375
train,23129155_15.png,14,data/processed/train/images/23129155_15_patch_14.png,data/processed/train/masks/23129155_15_patch_14.png,0.1003265380859375
train,23129155_15.png,15,data/processed/train/images/23129155_15_patch_15.png,data/processed/train/masks/23129155_15_patch_15.png,0.09356689453125
train,23129155_15.png,16,data/processed/train/images/23129155_15_patch_16.png,data/processed/train/masks/23129155_15_patch_16.png,0.106719970703125
train,23129155_15.png,17,data/processed/train/images/23129155_15_patch_17.png,data/processed/train/masks/23129155_15_patch_17.png,0.124969482421875
train,23129155_15.png,18,data/processed/train/images/23129155_15_patch_18.png,data/processed/train/masks/23129155_15_patch_18.png,0.1014404296875
train,23129155_15.png,19,data/processed/train/images/23129155_15_patch_19.png,data/processed/train/masks/23129155_15_patch_19.png,0.037933349609375
train,23129155_15.png,20,data/processed/train/images/23129155_15_patch_20.png,data/processed/train/masks/23129155_15_patch_20.png,0.0594329833984375
train,23129155_15.png,21,data/processed/train/images/23129155_15_patch_21.png,data/processed/train/masks/23129155_15_patch_21.png,0.0386962890625
train,23129155_15.png,22,data/processed/train/images/23129155_15_patch_22.png,data/processed/train/masks/23129155_15_patch_22.png,0.089263916015625
train,23129155_15.png,23,data/processed/train/images/23129155_15_patch_23.png,data/processed/train/masks/23129155_15_patch_23.png,0.02203369140625
train,23129155_15.png,24,data/processed/train/images/23129155_15_patch_24.png,data/processed/train/masks/23129155_15_patch_24.png,0.1407012939453125
train,23129155_15.png,25,data/processed/train/images/23129155_15_patch_25.png,data/processed/train/masks/23129155_15_patch_25.png,0.1158447265625
train,23129155_15.png,26,data/processed/train/images/23129155_15_patch_26.png,data/processed/train/masks/23129155_15_patch_26.png,0.0359649658203125
train,23129155_15.png,27,data/processed/train/images/23129155_15_patch_27.png,data/processed/train/masks/23129155_15_patch_27.png,0.0793914794921875
train,23129155_15.png,28,data/processed/train/images/23129155_15_patch_28.png,data/processed/train/masks/23129155_15_patch_28.png,0.106842041015625
train,23129155_15.png,29,data/processed/train/images/23129155_15_patch_29.png,data/processed/train/masks/23129155_15_patch_29.png,0.0
train,23129155_15.png,30,data/processed/train/images/23129155_15_patch_30.png,data/processed/train/masks/23129155_15_patch_30.png,0.0445404052734375
train,23129155_15.png,31,data/processed/train/images/23129155_15_patch_31.png,data/processed/train/masks/23129155_15_patch_31.png,0.0985107421875
train,23129155_15.png,32,data/processed/train/images/23129155_15_patch_32.png,data/processed/train/masks/23129155_15_patch_32.png,0.06402587890625
train,23129155_15.png,33,data/processed/train/images/23129155_15_patch_33.png,data/processed/train/masks/23129155_15_patch_33.png,0.0271453857421875
train,23129155_15.png,34,data/processed/train/images/23129155_15_patch_34.png,data/processed/train/masks/23129155_15_patch_34.png,0.0637664794921875
train,23129155_15.png,35,data/processed/train/images/23129155_15_patch_35.png,data/processed/train/masks/23129155_15_patch_35.png,0.011444091796875
train,23129170_15.png,0,data/processed/train/images/23129170_15_patch_00.png,data/processed/train/masks/23129170_15_patch_00.png,0.0034637451171875
train,23129170_15.png,1,data/processed/train/images/23129170_15_patch_01.png,data/processed/train/masks/23129170_15_patch_01.png,0.0299835205078125
train,23129170_15.png,2,data/processed/train/images/23129170_15_patch_02.png,data/processed/train/masks/23129170_15_patch_02.png,0.0601348876953125
train,23129170_15.png,3,data/processed/train/images/23129170_15_patch_03.png,data/processed/train/masks/23129170_15_patch_03.png,0.08807373046875
train,23129170_15.png,4,data/processed/train/images/23129170_15_patch_04.png,data/processed/train/masks/23129170_15_patch_04.png,0.1035919189453125
train,23129170_15.png,5,data/processed/train/images/23129170_15_patch_05.png,data/processed/train/masks/23129170_15_patch_05.png,0.086181640625
train,23129170_15.png,6,data/processed/train/images/23129170_15_patch_06.png,data/processed/train/masks/23129170_15_patch_06.png,0.3100433349609375
train,23129170_15.png,7,data/processed/train/images/23129170_15_patch_07.png,data/processed/train/masks/23129170_15_patch_07.png,0.074554443359375
train,23129170_15.png,8,data/processed/train/images/23129170_15_patch_08.png,data/processed/train/masks/23129170_15_patch_08.png,0.02471923828125
train,23129170_15.png,9,data/processed/train/images/23129170_15_patch_09.png,data/processed/train/masks/23129170_15_patch_09.png,0.08056640625
train,23129170_15.png,10,data/processed/train/images/23129170_15_patch_10.png,data/processed/train/masks/23129170_15_patch_10.png,0.0515899658203125
train,23129170_15.png,11,data/processed/train/images/23129170_15_patch_11.png,data/processed/train/masks/23129170_15_patch_11.png,0.0759429931640625
train,23129170_15.png,12,data/processed/train/images/23129170_15_patch_12.png,data/processed/train/masks/23129170_15_patch_12.png,0.0390777587890625
train,23129170_15.png,13,data/processed/train/images/23129170_15_patch_13.png,data/processed/train/masks/23129170_15_patch_13.png,0.213043212890625
train,23129170_15.png,14,data/processed/train/images/23129170_15_patch_14.png,data/processed/train/masks/23129170_15_patch_14.png,0.03631591796875
train,23129170_15.png,15,data/processed/train/images/23129170_15_patch_15.png,data/processed/train/masks/23129170_15_patch_15.png,0.035797119140625
train,23129170_15.png,16,data/processed/train/images/23129170_15_patch_16.png,data/processed/train/masks/23129170_15_patch_16.png,0.030029296875
train,23129170_15.png,17,data/processed/train/images/23129170_15_patch_17.png,data/processed/train/masks/23129170_15_patch_17.png,0.05340576171875
train,23129170_15.png,18,data/processed/train/images/23129170_15_patch_18.png,data/processed/train/masks/23129170_15_patch_18.png,0.0921173095703125
train,23129170_15.png,19,data/processed/train/images/23129170_15_patch_19.png,data/processed/train/masks/23129170_15_patch_19.png,0.14141845703125
train,23129170_15.png,20,data/processed/train/images/23129170_15_patch_20.png,data/processed/train/masks/23129170_15_patch_20.png,0.0
train,23129170_15.png,21,data/processed/train/images/23129170_15_patch_21.png,data/processed/train/masks/23129170_15_patch_21.png,0.0
train,23129170_15.png,22,data/processed/train/images/23129170_15_patch_22.png,data/processed/train/masks/23129170_15_patch_22.png,0.017333984375
train,23129170_15.png,23,data/processed/train/images/23129170_15_patch_23.png,data/processed/train/masks/23129170_15_patch_23.png,0.0178985595703125
train,23129170_15.png,24,data/processed/train/images/23129170_15_patch_24.png,data/processed/train/masks/23129170_15_patch_24.png,0.1769866943359375
train,23129170_15.png,25,data/processed/train/images/23129170_15_patch_25.png,data/processed/train/masks/23129170_15_patch_25.png,0.32757568359375
train,23129170_15.png,26,data/processed/train/images/23129170_15_patch_26.png,data/processed/train/masks/23129170_15_patch_26.png,0.262420654296875
train,23129170_15.png,27,data/processed/train/images/23129170_15_patch_27.png,data/processed/train/masks/23129170_15_patch_27.png,0.072662353515625
train,23129170_15.png,28,data/processed/train/images/23129170_15_patch_28.png,data/processed/train/masks/23129170_15_patch_28.png,0.1548309326171875
train,23129170_15.png,29,data/processed/train/images/23129170_15_patch_29.png,data/processed/train/masks/23129170_15_patch_29.png,0.089874267578125
train,23129170_15.png,30,data/processed/train/images/23129170_15_patch_30.png,data/processed/train/masks/23129170_15_patch_30.png,0.23876953125
train,23129170_15.png,31,data/processed/train/images/23129170_15_patch_31.png,data/processed/train/masks/23129170_15_patch_31.png,0.203948974609375
train,23129170_15.png,32,data/processed/train/images/23129170_15_patch_32.png,data/processed/train/masks/23129170_15_patch_32.png,0.13507080078125
train,23129170_15.png,33,data/processed/train/images/23129170_15_patch_33.png,data/processed/train/masks/23129170_15_patch_33.png,0.03057861328125
train,23129170_15.png,34,data/processed/train/images/23129170_15_patch_34.png,data/processed/train/masks/23129170_15_patch_34.png,0.08673095703125
train,23129170_15.png,35,data/processed/train/images/23129170_15_patch_35.png,data/processed/train/masks/23129170_15_patch_35.png,0.0801239013671875
train,23278885_15.png,0,data/processed/train/images/23278885_15_patch_00.png,data/processed/train/masks/23278885_15_patch_00.png,0.1105194091796875
train,23278885_15.png,1,data/processed/train/images/23278885_15_patch_01.png,data/processed/train/masks/23278885_15_patch_01.png,0.050323486328125
train,23278885_15.png,2,data/processed/train/images/23278885_15_patch_02.png,data/processed/train/masks/23278885_15_patch_02.png,0.0451812744140625
train,23278885_15.png,3,data/processed/train/images/23278885_15_patch_03.png,data/processed/train/masks/23278885_15_patch_03.png,0.081512451171875
train,23278885_15.png,4,data/processed/train/images/23278885_15_patch_04.png,data/processed/train/masks/23278885_15_patch_04.png,0.1051025390625
train,23278885_15.png,5,data/processed/train/images/23278885_15_patch_05.png,data/processed/train/masks/23278885_15_patch_05.png,0.0004730224609375
train,23278885_15.png,6,data/processed/train/images/23278885_15_patch_06.png,data/processed/train/masks/23278885_15_patch_06.png,0.0866546630859375
train,23278885_15.png,7,data/processed/train/images/23278885_15_patch_07.png,data/processed/train/masks/23278885_15_patch_07.png,0.0386962890625
train,23278885_15.png,8,data/processed/train/images/23278885_15_patch_08.png,data/processed/train/masks/23278885_15_patch_08.png,0.0625152587890625
train,23278885_15.png,9,data/processed/train/images/23278885_15_patch_09.png,data/processed/train/masks/23278885_15_patch_09.png,0.095184326171875
train,23278885_15.png,10,data/processed/train/images/23278885_15_patch_10.png,data/processed/train/masks/23278885_15_patch_10.png,0.0891265869140625
train,23278885_15.png,11,data/processed/train/images/23278885_15_patch_11.png,data/processed/train/masks/23278885_15_patch_11.png,0.0139923095703125
train,23278885_15.png,12,data/processed/train/images/23278885_15_patch_12.png,data/processed/train/masks/23278885_15_patch_12.png,0.081268310546875
train,23278885_15.png,13,data/processed/train/images/23278885_15_patch_13.png,data/processed/train/masks/23278885_15_patch_13.png,0.0423431396484375
train,23278885_15.png,14,data/processed/train/images/23278885_15_patch_14.png,data/processed/train/masks/23278885_15_patch_14.png,0.0869293212890625
train,23278885_15.png,15,data/processed/train/images/23278885_15_patch_15.png,data/processed/train/masks/23278885_15_patch_15.png,0.0828399658203125
train,23278885_15.png,16,data/processed/train/images/23278885_15_patch_16.png,data/processed/train/masks/23278885_15_patch_16.png,0.0764312744140625
train,23278885_15.png,17,data/processed/train/images/23278885_15_patch_17.png,data/processed/train/masks/23278885_15_patch_17.png,0.0142364501953125
train,23278885_15.png,18,data/processed/train/images/23278885_15_patch_18.png,data/processed/train/masks/23278885_15_patch_18.png,0.034271240234375
train,23278885_15.png,19,data/processed/train/images/23278885_15_patch_19.png,data/processed/train/masks/23278885_15_patch_19.png,0.0228729248046875
train,23278885_15.png,20,data/processed/train/images/23278885_15_patch_20.png,data/processed/train/masks/23278885_15_patch_20.png,0.0527801513671875
train,23278885_15.png,21,data/processed/train/images/23278885_15_patch_21.png,data/processed/train/masks/23278885_15_patch_21.png,0.0433502197265625
train,23278885_15.png,22,data/processed/train/images/23278885_15_patch_22.png,data/processed/train/masks/23278885_15_patch_22.png,0.053375244140625
train,23278885_15.png,23,data/processed/train/images/23278885_15_patch_23.png,data/processed/train/masks/23278885_15_patch_23.png,0.0494232177734375
train,23278885_15.png,24,data/processed/train/images/23278885_15_patch_24.png,data/processed/train/masks/23278885_15_patch_24.png,0.0267181396484375
train,23278885_15.png,25,data/processed/train/images/23278885_15_patch_25.png,data/processed/train/masks/23278885_15_patch_25.png,0.0118560791015625
train,23278885_15.png,26,data/processed/train/images/23278885_15_patch_26.png,data/processed/train/masks/23278885_15_patch_26.png,0.0382843017578125
train,23278885_15.png,27,data/processed/train/images/23278885_15_patch_27.png,data/processed/train/masks/23278885_15_patch_27.png,0.048126220703125
train,23278885_15.png,28,data/processed/train/images/23278885_15_patch_28.png,data/processed/train/masks/23278885_15_patch_28.png,0.0524139404296875
train,23278885_15.png,29,data/processed/train/images/23278885_15_patch_29.png,data/processed/train/masks/23278885_15_patch_29.png,0.051513671875
train,23278885_15.png,30,data/processed/train/images/23278885_15_patch_30.png,data/processed/train/masks/23278885_15_patch_30.png,0.00750732421875
train,23278885_15.png,31,data/processed/train/images/23278885_15_patch_31.png,data/processed/train/masks/23278885_15_patch_31.png,0.031219482421875
train,23278885_15.png,32,data/processed/train/images/23278885_15_patch_32.png,data/processed/train/masks/23278885_15_patch_32.png,0.03729248046875
train,23278885_15.png,33,data/processed/train/images/23278885_15_patch_33.png,data/processed/train/masks/23278885_15_patch_33.png,0.035400390625
train,23278885_15.png,34,data/processed/train/images/23278885_15_patch_34.png,data/processed/train/masks/23278885_15_patch_34.png,0.0396575927734375
train,23278885_15.png,35,data/processed/train/images/23278885_15_patch_35.png,data/processed/train/masks/23278885_15_patch_35.png,0.030853271484375
train,23278900_15.png,0,data/processed/train/images/23278900_15_patch_00.png,data/processed/train/masks/23278900_15_patch_00.png,0.1439208984375
train,23278900_15.png,1,data/processed/train/images/23278900_15_patch_01.png,data/processed/train/masks/23278900_15_patch_01.png,0.13336181640625
train,23278900_15.png,2,data/processed/train/images/23278900_15_patch_02.png,data/processed/train/masks/23278900_15_patch_02.png,0.12908935546875
train,23278900_15.png,3,data/processed/train/images/23278900_15_patch_03.png,data/processed/train/masks/23278900_15_patch_03.png,0.171600341796875
train,23278900_15.png,4,data/processed/train/images/23278900_15_patch_04.png,data/processed/train/masks/23278900_15_patch_04.png,0.1842498779296875
train,23278900_15.png,5,data/processed/train/images/23278900_15_patch_05.png,data/processed/train/masks/23278900_15_patch_05.png,0.0626678466796875
train,23278900_15.png,6,data/processed/train/images/23278900_15_patch_06.png,data/processed/train/masks/23278900_15_patch_06.png,0.113250732421875
train,23278900_15.png,7,data/processed/train/images/23278900_15_patch_07.png,data/processed/train/masks/23278900_15_patch_07.png,0.14117431640625
train,23278900_15.png,8,data/processed/train/images/23278900_15_patch_08.png,data/processed/train/masks/23278900_15_patch_08.png,0.1466064453125
train,23278900_15.png,9,data/processed/train/images/23278900_15_patch_09.png,data/processed/train/masks/23278900_15_patch_09.png,0.1570281982421875
train,23278900_15.png,10,data/processed/train/images/23278900_15_patch_10.png,data/processed/train/masks/23278900_15_patch_10.png,0.0903167724609375
train,23278900_15.png,11,data/processed/train/images/23278900_15_patch_11.png,data/processed/train/masks/23278900_15_patch_11.png,0.120758056640625
train,23278900_15.png,12,data/processed/train/images/23278900_15_patch_12.png,data/processed/train/masks/23278900_15_patch_12.png,0.09521484375
train,23278900_15.png,13,data/processed/train/images/23278900_15_patch_13.png,data/processed/train/masks/23278900_15_patch_13.png,0.0564117431640625
train,23278900_15.png,14,data/processed/train/images/23278900_15_patch_14.png,data/processed/train/masks/23278900_15_patch_14.png,0.103546142578125
train,23278900_15.png,15,data/processed/train/images/23278900_15_patch_15.png,data/processed/train/masks/23278900_15_patch_15.png,0.0842132568359375
train,23278900_15.png,16,data/processed/train/images/23278900_15_patch_16.png,data/processed/train/masks/23278900_15_patch_16.png,0.1202239990234375
train,23278900_15.png,17,data/processed/train/images/23278900_15_patch_17.png,data/processed/train/masks/23278900_15_patch_17.png,0.13446044921875
train,23278900_15.png,18,data/processed/train/images/23278900_15_patch_18.png,data/processed/train/masks/23278900_15_patch_18.png,0.0493621826171875
train,23278900_15.png,19,data/processed/train/images/23278900_15_patch_19.png,data/processed/train/masks/23278900_15_patch_19.png,0.0446014404296875
train,23278900_15.png,20,data/processed/train/images/23278900_15_patch_20.png,data/processed/train/masks/23278900_15_patch_20.png,0.0371856689453125
train,23278900_15.png,21,data/processed/train/images/23278900_15_patch_21.png,data/processed/train/masks/23278900_15_patch_21.png,0.0622406005859375
train,23278900_15.png,22,data/processed/train/images/23278900_15_patch_22.png,data/processed/train/masks/23278900_15_patch_22.png,0.1419677734375
train,23278900_15.png,23,data/processed/train/images/23278900_15_patch_23.png,data/processed/train/masks/23278900_15_patch_23.png,0.1179962158203125
train,23278900_15.png,24,data/processed/train/images/23278900_15_patch_24.png,data/processed/train/masks/23278900_15_patch_24.png,0.1004638671875
train,23278900_15.png,25,data/processed/train/images/23278900_15_patch_25.png,data/processed/train/masks/23278900_15_patch_25.png,0.0504608154296875
train,23278900_15.png,26,data/processed/train/images/23278900_15_patch_26.png,data/processed/train/masks/23278900_15_patch_26.png,0.0460052490234375
train,23278900_15.png,27,data/processed/train/images/23278900_15_patch_27.png,data/processed/train/masks/23278900_15_patch_27.png,0.0464630126953125
train,23278900_15.png,28,data/processed/train/images/23278900_15_patch_28.png,data/processed/train/masks/23278900_15_patch_28.png,0.1153106689453125
train,23278900_15.png,29,data/processed/train/images/23278900_15_patch_29.png,data/processed/train/masks/23278900_15_patch_29.png,0.1280975341796875
train,23278900_15.png,30,data/processed/train/images/23278900_15_patch_30.png,data/processed/train/masks/23278900_15_patch_30.png,0.0861968994140625
train,23278900_15.png,31,data/processed/train/images/23278900_15_patch_31.png,data/processed/train/masks/23278900_15_patch_31.png,0.0481109619140625
train,23278900_15.png,32,data/processed/train/images/23278900_15_patch_32.png,data/processed/train/masks/23278900_15_patch_32.png,0.0345916748046875
train,23278900_15.png,33,data/processed/train/images/23278900_15_patch_33.png,data/processed/train/masks/23278900_15_patch_33.png,0.0460968017578125
train,23278900_15.png,34,data/processed/train/images/23278900_15_patch_34.png,data/processed/train/masks/23278900_15_patch_34.png,0.091827392578125
train,23278900_15.png,35,data/processed/train/images/23278900_15_patch_35.png,data/processed/train/masks/23278900_15_patch_35.png,0.0685577392578125
train,23278915_15.png,0,data/processed/train/images/23278915_15_patch_00.png,data/processed/train/masks/23278915_15_patch_00.png,0.0
train,23278915_15.png,1,data/processed/train/images/23278915_15_patch_01.png,data/processed/train/masks/23278915_15_patch_01.png,0.0017242431640625
train,23278915_15.png,2,data/processed/train/images/23278915_15_patch_02.png,data/processed/train/masks/23278915_15_patch_02.png,0.0
train,23278915_15.png,3,data/processed/train/images/23278915_15_patch_03.png,data/processed/train/masks/23278915_15_patch_03.png,0.0095062255859375
train,23278915_15.png,4,data/processed/train/images/23278915_15_patch_04.png,data/processed/train/masks/23278915_15_patch_04.png,0.168426513671875
train,23278915_15.png,5,data/processed/train/images/23278915_15_patch_05.png,data/processed/train/masks/23278915_15_patch_05.png,0.1891326904296875
train,23278915_15.png,6,data/processed/train/images/23278915_15_patch_06.png,data/processed/train/masks/23278915_15_patch_06.png,0.00213623046875
train,23278915_15.png,7,data/processed/train/images/23278915_15_patch_07.png,data/processed/train/masks/23278915_15_patch_07.png,0.0318603515625
train,23278915_15.png,8,data/processed/train/images/23278915_15_patch_08.png,data/processed/train/masks/23278915_15_patch_08.png,0.11126708984375
train,23278915_15.png,9,data/processed/train/images/23278915_15_patch_09.png,data/processed/train/masks/23278915_15_patch_09.png,0.1152801513671875
train,23278915_15.png,10,data/processed/train/images/23278915_15_patch_10.png,data/processed/train/masks/23278915_15_patch_10.png,0.1517791748046875
train,23278915_15.png,11,data/processed/train/images/23278915_15_patch_11.png,data/processed/train/masks/23278915_15_patch_11.png,0.1800994873046875
train,23278915_15.png,12,data/processed/train/images/23278915_15_patch_12.png,data/processed/train/masks/23278915_15_patch_12.png,0.078277587890625
train,23278915_15.png,13,data/processed/train/images/23278915_15_patch_13.png,data/processed/train/masks/23278915_15_patch_13.png,0.0887603759765625
train,23278915_15.png,14,data/processed/train/images/23278915_15_patch_14.png,data/processed/train/masks/23278915_15_patch_14.png,0.02423095703125
train,23278915_15.png,15,data/processed/train/images/23278915_15_patch_15.png,data/processed/train/masks/23278915_15_patch_15.png,0.137603759765625
train,23278915_15.png,16,data/processed/train/images/23278915_15_patch_16.png,data/processed/train/masks/23278915_15_patch_16.png,0.051544189453125
train,23278915_15.png,17,data/processed/train/images/23278915_15_patch_17.png,data/processed/train/masks/23278915_15_patch_17.png,0.064788818359375
train,23278915_15.png,18,data/processed/train/images/23278915_15_patch_18.png,data/processed/train/masks/23278915_15_patch_18.png,0.1674957275390625
train,23278915_15.png,19,data/processed/train/images/23278915_15_patch_19.png,data/processed/train/masks/23278915_15_patch_19.png,0.164337158203125
train,23278915_15.png,20,data/processed/train/images/23278915_15_patch_20.png,data/processed/train/masks/23278915_15_patch_20.png,0.1167144775390625
train,23278915_15.png,21,data/processed/train/images/23278915_15_patch_21.png,data/processed/train/masks/23278915_15_patch_21.png,0.18634033203125
train,23278915_15.png,22,data/processed/train/images/23278915_15_patch_22.png,data/processed/train/masks/23278915_15_patch_22.png,0.164703369140625
train,23278915_15.png,23,data/processed/train/images/23278915_15_patch_23.png,data/processed/train/masks/23278915_15_patch_23.png,0.0804595947265625
train,23278915_15.png,24,data/processed/train/images/23278915_15_patch_24.png,data/processed/train/masks/23278915_15_patch_24.png,0.1377105712890625
train,23278915_15.png,25,data/processed/train/images/23278915_15_patch_25.png,data/processed/train/masks/23278915_15_patch_25.png,0.1620635986328125
train,23278915_15.png,26,data/processed/train/images/23278915_15_patch_26.png,data/processed/train/masks/23278915_15_patch_26.png,0.1691436767578125
train,23278915_15.png,27,data/processed/train/images/23278915_15_patch_27.png,data/processed/train/masks/23278915_15_patch_27.png,0.1781463623046875
train,23278915_15.png,28,data/processed/train/images/23278915_15_patch_28.png,data/processed/train/masks/23278915_15_patch_28.png,0.16680908203125
train,23278915_15.png,29,data/processed/train/images/23278915_15_patch_29.png,data/processed/train/masks/23278915_15_patch_29.png,0.2098236083984375
train,23278915_15.png,30,data/processed/train/images/23278915_15_patch_30.png,data/processed/train/masks/23278915_15_patch_30.png,0.113128662109375
train,23278915_15.png,31,data/processed/train/images/23278915_15_patch_31.png,data/processed/train/masks/23278915_15_patch_31.png,0.104522705078125
train,23278915_15.png,32,data/processed/train/images/23278915_15_patch_32.png,data/processed/train/masks/23278915_15_patch_32.png,0.1426849365234375
train,23278915_15.png,33,data/processed/train/images/23278915_15_patch_33.png,data/processed/train/masks/23278915_15_patch_33.png,0.1372528076171875
train,23278915_15.png,34,data/processed/train/images/23278915_15_patch_34.png,data/processed/train/masks/23278915_15_patch_34.png,0.18145751953125
train,23278915_15.png,35,data/processed/train/images/23278915_15_patch_35.png,data/processed/train/masks/23278915_15_patch_35.png,0.186187744140625
train,23278930_15.png,0,data/processed/train/images/23278930_15_patch_00.png,data/processed/train/masks/23278930_15_patch_00.png,6.103515625e-05
train,23278930_15.png,1,data/processed/train/images/23278930_15_patch_01.png,data/processed/train/masks/23278930_15_patch_01.png,0.0
train,23278930_15.png,2,data/processed/train/images/23278930_15_patch_02.png,data/processed/train/masks/23278930_15_patch_02.png,0.0065460205078125
train,23278930_15.png,3,data/processed/train/images/23278930_15_patch_03.png,data/processed/train/masks/23278930_15_patch_03.png,0.009002685546875
train,23278930_15.png,4,data/processed/train/images/23278930_15_patch_04.png,data/processed/train/masks/23278930_15_patch_04.png,0.0
train,23278930_15.png,5,data/processed/train/images/23278930_15_patch_05.png,data/processed/train/masks/23278930_15_patch_05.png,0.0237884521484375
train,23278930_15.png,6,data/processed/train/images/23278930_15_patch_06.png,data/processed/train/masks/23278930_15_patch_06.png,0.0130462646484375
train,23278930_15.png,7,data/processed/train/images/23278930_15_patch_07.png,data/processed/train/masks/23278930_15_patch_07.png,0.0
train,23278930_15.png,8,data/processed/train/images/23278930_15_patch_08.png,data/processed/train/masks/23278930_15_patch_08.png,0.0213623046875
train,23278930_15.png,9,data/processed/train/images/23278930_15_patch_09.png,data/processed/train/masks/23278930_15_patch_09.png,0.001953125
train,23278930_15.png,10,data/processed/train/images/23278930_15_patch_10.png,data/processed/train/masks/23278930_15_patch_10.png,0.0
train,23278930_15.png,11,data/processed/train/images/23278930_15_patch_11.png,data/processed/train/masks/23278930_15_patch_11.png,0.0
train,23278930_15.png,12,data/processed/train/images/23278930_15_patch_12.png,data/processed/train/masks/23278930_15_patch_12.png,0.059906005859375
train,23278930_15.png,13,data/processed/train/images/23278930_15_patch_13.png,data/processed/train/masks/23278930_15_patch_13.png,0.08184814453125
train,23278930_15.png,14,data/processed/train/images/23278930_15_patch_14.png,data/processed/train/masks/23278930_15_patch_14.png,0.0
train,23278930_15.png,15,data/processed/train/images/23278930_15_patch_15.png,data/processed/train/masks/23278930_15_patch_15.png,0.0067596435546875
train,23278930_15.png,16,data/processed/train/images/23278930_15_patch_16.png,data/processed/train/masks/23278930_15_patch_16.png,0.0004730224609375
train,23278930_15.png,17,data/processed/train/images/23278930_15_patch_17.png,data/processed/train/masks/23278930_15_patch_17.png,0.0206298828125
train,23278930_15.png,18,data/processed/train/images/23278930_15_patch_18.png,data/processed/train/masks/23278930_15_patch_18.png,0.0900726318359375
train,23278930_15.png,19,data/processed/train/images/23278930_15_patch_19.png,data/processed/train/masks/23278930_15_patch_19.png,0.10528564453125
train,23278930_15.png,20,data/processed/train/images/23278930_15_patch_20.png,data/processed/train/masks/23278930_15_patch_20.png,0.00543212890625
train,23278930_15.png,21,data/processed/train/images/23278930_15_patch_21.png,data/processed/train/masks/23278930_15_patch_21.png,0.0179901123046875
train,23278930_15.png,22,data/processed/train/images/23278930_15_patch_22.png,data/processed/train/masks/23278930_15_patch_22.png,0.0402069091796875
train,23278930_15.png,23,data/processed/train/images/23278930_15_patch_23.png,data/processed/train/masks/23278930_15_patch_23.png,0.169677734375
train,23278930_15.png,24,data/processed/train/images/23278930_15_patch_24.png,data/processed/train/masks/23278930_15_patch_24.png,0.1679534912109375
train,23278930_15.png,25,data/processed/train/images/23278930_15_patch_25.png,data/processed/train/masks/23278930_15_patch_25.png,0.0
train,23278930_15.png,26,data/processed/train/images/23278930_15_patch_26.png,data/processed/train/masks/23278930_15_patch_26.png,0.0009613037109375
train,23278930_15.png,27,data/processed/train/images/23278930_15_patch_27.png,data/processed/train/masks/23278930_15_patch_27.png,0.00762939453125
train,23278930_15.png,28,data/processed/train/images/23278930_15_patch_28.png,data/processed/train/masks/23278930_15_patch_28.png,0.1313018798828125
train,23278930_15.png,29,data/processed/train/images/23278930_15_patch_29.png,data/processed/train/masks/23278930_15_patch_29.png,0.1854400634765625
train,23278930_15.png,30,data/processed/train/images/23278930_15_patch_30.png,data/processed/train/masks/23278930_15_patch_30.png,0.0087127685546875
train,23278930_15.png,31,data/processed/train/images/23278930_15_patch_31.png,data/processed/train/masks/23278930_15_patch_31.png,0.0004425048828125
train,23278930_15.png,32,data/processed/train/images/23278930_15_patch_32.png,data/processed/train/masks/23278930_15_patch_32.png,0.0
train,23278930_15.png,33,data/processed/train/images/23278930_15_patch_33.png,data/processed/train/masks/23278930_15_patch_33.png,0.001678466796875
train,23278930_15.png,34,data/processed/train/images/23278930_15_patch_34.png,data/processed/train/masks/23278930_15_patch_34.png,0.1375274658203125
train,23278930_15.png,35,data/processed/train/images/23278930_15_patch_35.png,data/processed/train/masks/23278930_15_patch_35.png,0.160919189453125
train,23278945_15.png,0,data/processed/train/images/23278945_15_patch_00.png,data/processed/train/masks/23278945_15_patch_00.png,0.232666015625
train,23278945_15.png,1,data/processed/train/images/23278945_15_patch_01.png,data/processed/train/masks/23278945_15_patch_01.png,0.1360321044921875
train,23278945_15.png,2,data/processed/train/images/23278945_15_patch_02.png,data/processed/train/masks/23278945_15_patch_02.png,0.1633148193359375
train,23278945_15.png,3,data/processed/train/images/23278945_15_patch_03.png,data/processed/train/masks/23278945_15_patch_03.png,0.02825927734375
train,23278945_15.png,4,data/processed/train/images/23278945_15_patch_04.png,data/processed/train/masks/23278945_15_patch_04.png,0.0
train,23278945_15.png,5,data/processed/train/images/23278945_15_patch_05.png,data/processed/train/masks/23278945_15_patch_05.png,0.0021820068359375
train,23278945_15.png,6,data/processed/train/images/23278945_15_patch_06.png,data/processed/train/masks/23278945_15_patch_06.png,0.130035400390625
train,23278945_15.png,7,data/processed/train/images/23278945_15_patch_07.png,data/processed/train/masks/23278945_15_patch_07.png,0.174896240234375
train,23278945_15.png,8,data/processed/train/images/23278945_15_patch_08.png,data/processed/train/masks/23278945_15_patch_08.png,0.1317291259765625
train,23278945_15.png,9,data/processed/train/images/23278945_15_patch_09.png,data/processed/train/masks/23278945_15_patch_09.png,0.0
train,23278945_15.png,10,data/processed/train/images/23278945_15_patch_10.png,data/processed/train/masks/23278945_15_patch_10.png,0.0
train,23278945_15.png,11,data/processed/train/images/23278945_15_patch_11.png,data/processed/train/masks/23278945_15_patch_11.png,0.0
train,23278945_15.png,12,data/processed/train/images/23278945_15_patch_12.png,data/processed/train/masks/23278945_15_patch_12.png,0.080963134765625
train,23278945_15.png,13,data/processed/train/images/23278945_15_patch_13.png,data/processed/train/masks/23278945_15_patch_13.png,0.11383056640625
train,23278945_15.png,14,data/processed/train/images/23278945_15_patch_14.png,data/processed/train/masks/23278945_15_patch_14.png,0.042633056640625
train,23278945_15.png,15,data/processed/train/images/23278945_15_patch_15.png,data/processed/train/masks/23278945_15_patch_15.png,0.0035247802734375
train,23278945_15.png,16,data/processed/train/images/23278945_15_patch_16.png,data/processed/train/masks/23278945_15_patch_16.png,0.0
train,23278945_15.png,17,data/processed/train/images/23278945_15_patch_17.png,data/processed/train/masks/23278945_15_patch_17.png,0.0
train,23278945_15.png,18,data/processed/train/images/23278945_15_patch_18.png,data/processed/train/masks/23278945_15_patch_18.png,0.1346435546875
train,23278945_15.png,19,data/processed/train/images/23278945_15_patch_19.png,data/processed/train/masks/23278945_15_patch_19.png,0.091949462890625
train,23278945_15.png,20,data/processed/train/images/23278945_15_patch_20.png,data/processed/train/masks/23278945_15_patch_20.png,0.01422119140625
train,23278945_15.png,21,data/processed/train/images/23278945_15_patch_21.png,data/processed/train/masks/23278945_15_patch_21.png,0.1563720703125
train,23278945_15.png,22,data/processed/train/images/23278945_15_patch_22.png,data/processed/train/masks/23278945_15_patch_22.png,0.0
train,23278945_15.png,23,data/processed/train/images/23278945_15_patch_23.png,data/processed/train/masks/23278945_15_patch_23.png,0.0
train,23278945_15.png,24,data/processed/train/images/23278945_15_patch_24.png,data/processed/train/masks/23278945_15_patch_24.png,0.050689697265625
train,23278945_15.png,25,data/processed/train/images/23278945_15_patch_25.png,data/processed/train/masks/23278945_15_patch_25.png,0.0
train,23278945_15.png,26,data/processed/train/images/23278945_15_patch_26.png,data/processed/train/masks/23278945_15_patch_26.png,0.0
train,23278945_15.png,27,data/processed/train/images/23278945_15_patch_27.png,data/processed/train/masks/23278945_15_patch_27.png,0.00042724609375
train,23278945_15.png,28,data/processed/train/images/23278945_15_patch_28.png,data/processed/train/masks/23278945_15_patch_28.png,0.0
train,23278945_15.png,29,data/processed/train/images/23278945_15_patch_29.png,data/processed/train/masks/23278945_15_patch_29.png,0.0
train,23278945_15.png,30,data/processed/train/images/23278945_15_patch_30.png,data/processed/train/masks/23278945_15_patch_30.png,0.0
train,23278945_15.png,31,data/processed/train/images/23278945_15_patch_31.png,data/processed/train/masks/23278945_15_patch_31.png,0.00103759765625
train,23278945_15.png,32,data/processed/train/images/23278945_15_patch_32.png,data/processed/train/masks/23278945_15_patch_32.png,0.0
train,23278945_15.png,33,data/processed/train/images/23278945_15_patch_33.png,data/processed/train/masks/23278945_15_patch_33.png,0.0
train,23278945_15.png,34,data/processed/train/images/23278945_15_patch_34.png,data/processed/train/masks/23278945_15_patch_34.png,0.0
train,23278945_15.png,35,data/processed/train/images/23278945_15_patch_35.png,data/processed/train/masks/23278945_15_patch_35.png,0.07763671875
train,23278960_15.png,0,data/processed/train/images/23278960_15_patch_00.png,data/processed/train/masks/23278960_15_patch_00.png,0.262359619140625
train,23278960_15.png,1,data/processed/train/images/23278960_15_patch_01.png,data/processed/train/masks/23278960_15_patch_01.png,0.2109222412109375
train,23278960_15.png,2,data/processed/train/images/23278960_15_patch_02.png,data/processed/train/masks/23278960_15_patch_02.png,0.1902008056640625
train,23278960_15.png,3,data/processed/train/images/23278960_15_patch_03.png,data/processed/train/masks/23278960_15_patch_03.png,0.1864166259765625
train,23278960_15.png,4,data/processed/train/images/23278960_15_patch_04.png,data/processed/train/masks/23278960_15_patch_04.png,0.2638397216796875
train,23278960_15.png,5,data/processed/train/images/23278960_15_patch_05.png,data/processed/train/masks/23278960_15_patch_05.png,0.0775146484375
train,23278960_15.png,6,data/processed/train/images/23278960_15_patch_06.png,data/processed/train/masks/23278960_15_patch_06.png,0.2563629150390625
train,23278960_15.png,7,data/processed/train/images/23278960_15_patch_07.png,data/processed/train/masks/23278960_15_patch_07.png,0.2387237548828125
train,23278960_15.png,8,data/processed/train/images/23278960_15_patch_08.png,data/processed/train/masks/23278960_15_patch_08.png,0.1906280517578125
train,23278960_15.png,9,data/processed/train/images/23278960_15_patch_09.png,data/processed/train/masks/23278960_15_patch_09.png,0.2422637939453125
train,23278960_15.png,10,data/processed/train/images/23278960_15_patch_10.png,data/processed/train/masks/23278960_15_patch_10.png,0.2282562255859375
train,23278960_15.png,11,data/processed/train/images/23278960_15_patch_11.png,data/processed/train/masks/23278960_15_patch_11.png,0.1172637939453125
train,23278960_15.png,12,data/processed/train/images/23278960_15_patch_12.png,data/processed/train/masks/23278960_15_patch_12.png,0.1791839599609375
train,23278960_15.png,13,data/processed/train/images/23278960_15_patch_13.png,data/processed/train/masks/23278960_15_patch_13.png,0.1645965576171875
train,23278960_15.png,14,data/processed/train/images/23278960_15_patch_14.png,data/processed/train/masks/23278960_15_patch_14.png,0.2160797119140625
train,23278960_15.png,15,data/processed/train/images/23278960_15_patch_15.png,data/processed/train/masks/23278960_15_patch_15.png,0.3155517578125
train,23278960_15.png,16,data/processed/train/images/23278960_15_patch_16.png,data/processed/train/masks/23278960_15_patch_16.png,0.28424072265625
train,23278960_15.png,17,data/processed/train/images/23278960_15_patch_17.png,data/processed/train/masks/23278960_15_patch_17.png,0.216583251953125
train,23278960_15.png,18,data/processed/train/images/23278960_15_patch_18.png,data/processed/train/masks/23278960_15_patch_18.png,0.2672576904296875
train,23278960_15.png,19,data/processed/train/images/23278960_15_patch_19.png,data/processed/train/masks/23278960_15_patch_19.png,0.123565673828125
train,23278960_15.png,20,data/processed/train/images/23278960_15_patch_20.png,data/processed/train/masks/23278960_15_patch_20.png,0.2265625
train,23278960_15.png,21,data/processed/train/images/23278960_15_patch_21.png,data/processed/train/masks/23278960_15_patch_21.png,0.30377197265625
train,23278960_15.png,22,data/processed/train/images/23278960_15_patch_22.png,data/processed/train/masks/23278960_15_patch_22.png,0.20123291015625
train,23278960_15.png,23,data/processed/train/images/23278960_15_patch_23.png,data/processed/train/masks/23278960_15_patch_23.png,0.0555419921875
train,23278960_15.png,24,data/processed/train/images/23278960_15_patch_24.png,data/processed/train/masks/23278960_15_patch_24.png,0.1819915771484375
train,23278960_15.png,25,data/processed/train/images/23278960_15_patch_25.png,data/processed/train/masks/23278960_15_patch_25.png,0.124908447265625
train,23278960_15.png,26,data/processed/train/images/23278960_15_patch_26.png,data/processed/train/masks/23278960_15_patch_26.png,0.269012451171875
train,23278960_15.png,27,data/processed/train/images/23278960_15_patch_27.png,data/processed/train/masks/23278960_15_patch_27.png,0.210968017578125
train,23278960_15.png,28,data/processed/train/images/23278960_15_patch_28.png,data/processed/train/masks/23278960_15_patch_28.png,0.11669921875
train,23278960_15.png,29,data/processed/train/images/23278960_15_patch_29.png,data/processed/train/masks/23278960_15_patch_29.png,0.0389251708984375
train,23278960_15.png,30,data/processed/train/images/23278960_15_patch_30.png,data/processed/train/masks/23278960_15_patch_30.png,0.1291351318359375
train,23278960_15.png,31,data/processed/train/images/23278960_15_patch_31.png,data/processed/train/masks/23278960_15_patch_31.png,0.1048126220703125
train,23278960_15.png,32,data/processed/train/images/23278960_15_patch_32.png,data/processed/train/masks/23278960_15_patch_32.png,0.20263671875
train,23278960_15.png,33,data/processed/train/images/23278960_15_patch_33.png,data/processed/train/masks/23278960_15_patch_33.png,0.1063995361328125
train,23278960_15.png,34,data/processed/train/images/23278960_15_patch_34.png,data/processed/train/masks/23278960_15_patch_34.png,0.00531005859375
train,23278960_15.png,35,data/processed/train/images/23278960_15_patch_35.png,data/processed/train/masks/23278960_15_patch_35.png,0.0
train,23278975_15.png,0,data/processed/train/images/23278975_15_patch_00.png,data/processed/train/masks/23278975_15_patch_00.png,0.2274932861328125
train,23278975_15.png,1,data/processed/train/images/23278975_15_patch_01.png,data/processed/train/masks/23278975_15_patch_01.png,0.236083984375
train,23278975_15.png,2,data/processed/train/images/23278975_15_patch_02.png,data/processed/train/masks/23278975_15_patch_02.png,0.1537628173828125
train,23278975_15.png,3,data/processed/train/images/23278975_15_patch_03.png,data/processed/train/masks/23278975_15_patch_03.png,0.244476318359375
train,23278975_15.png,4,data/processed/train/images/23278975_15_patch_04.png,data/processed/train/masks/23278975_15_patch_04.png,0.2305755615234375
train,23278975_15.png,5,data/processed/train/images/23278975_15_patch_05.png,data/processed/train/masks/23278975_15_patch_05.png,0.07147216796875
train,23278975_15.png,6,data/processed/train/images/23278975_15_patch_06.png,data/processed/train/masks/23278975_15_patch_06.png,0.171112060546875
train,23278975_15.png,7,data/processed/train/images/23278975_15_patch_07.png,data/processed/train/masks/23278975_15_patch_07.png,0.197174072265625
train,23278975_15.png,8,data/processed/train/images/23278975_15_patch_08.png,data/processed/train/masks/23278975_15_patch_08.png,0.224029541015625
train,23278975_15.png,9,data/processed/train/images/23278975_15_patch_09.png,data/processed/train/masks/23278975_15_patch_09.png,0.2047576904296875
train,23278975_15.png,10,data/processed/train/images/23278975_15_patch_10.png,data/processed/train/masks/23278975_15_patch_10.png,0.191314697265625
train,23278975_15.png,11,data/processed/train/images/23278975_15_patch_11.png,data/processed/train/masks/23278975_15_patch_11.png,0.1038818359375
train,23278975_15.png,12,data/processed/train/images/23278975_15_patch_12.png,data/processed/train/masks/23278975_15_patch_12.png,0.14984130859375
train,23278975_15.png,13,data/processed/train/images/23278975_15_patch_13.png,data/processed/train/masks/23278975_15_patch_13.png,0.240478515625
train,23278975_15.png,14,data/processed/train/images/23278975_15_patch_14.png,data/processed/train/masks/23278975_15_patch_14.png,0.0854034423828125
train,23278975_15.png,15,data/processed/train/images/23278975_15_patch_15.png,data/processed/train/masks/23278975_15_patch_15.png,0.1081085205078125
train,23278975_15.png,16,data/processed/train/images/23278975_15_patch_16.png,data/processed/train/masks/23278975_15_patch_16.png,0.0967864990234375
train,23278975_15.png,17,data/processed/train/images/23278975_15_patch_17.png,data/processed/train/masks/23278975_15_patch_17.png,0.1187591552734375
train,23278975_15.png,18,data/processed/train/images/23278975_15_patch_18.png,data/processed/train/masks/23278975_15_patch_18.png,0.2433624267578125
train,23278975_15.png,19,data/processed/train/images/23278975_15_patch_19.png,data/processed/train/masks/23278975_15_patch_19.png,0.219879150390625
train,23278975_15.png,20,data/processed/train/images/23278975_15_patch_20.png,data/processed/train/masks/23278975_15_patch_20.png,0.1744232177734375
train,23278975_15.png,21,data/processed/train/images/23278975_15_patch_21.png,data/processed/train/masks/23278975_15_patch_21.png,0.1532745361328125
train,23278975_15.png,22,data/processed/train/images/23278975_15_patch_22.png,data/processed/train/masks/23278975_15_patch_22.png,0.0906829833984375
train,23278975_15.png,23,data/processed/train/images/23278975_15_patch_23.png,data/processed/train/masks/23278975_15_patch_23.png,0.12445068359375
train,23278975_15.png,24,data/processed/train/images/23278975_15_patch_24.png,data/processed/train/masks/23278975_15_patch_24.png,0.2087554931640625
train,23278975_15.png,25,data/processed/train/images/23278975_15_patch_25.png,data/processed/train/masks/23278975_15_patch_25.png,0.2308502197265625
train,23278975_15.png,26,data/processed/train/images/23278975_15_patch_26.png,data/processed/train/masks/23278975_15_patch_26.png,0.24798583984375
train,23278975_15.png,27,data/processed/train/images/23278975_15_patch_27.png,data/processed/train/masks/23278975_15_patch_27.png,0.203125
train,23278975_15.png,28,data/processed/train/images/23278975_15_patch_28.png,data/processed/train/masks/23278975_15_patch_28.png,0.0901336669921875
train,23278975_15.png,29,data/processed/train/images/23278975_15_patch_29.png,data/processed/train/masks/23278975_15_patch_29.png,0.0956268310546875
train,23278975_15.png,30,data/processed/train/images/23278975_15_patch_30.png,data/processed/train/masks/23278975_15_patch_30.png,0.2200164794921875
train,23278975_15.png,31,data/processed/train/images/23278975_15_patch_31.png,data/processed/train/masks/23278975_15_patch_31.png,0.2185821533203125
train,23278975_15.png,32,data/processed/train/images/23278975_15_patch_32.png,data/processed/train/masks/23278975_15_patch_32.png,0.2346954345703125
train,23278975_15.png,33,data/processed/train/images/23278975_15_patch_33.png,data/processed/train/masks/23278975_15_patch_33.png,0.1251373291015625
train,23278975_15.png,34,data/processed/train/images/23278975_15_patch_34.png,data/processed/train/masks/23278975_15_patch_34.png,0.152099609375
train,23278975_15.png,35,data/processed/train/images/23278975_15_patch_35.png,data/processed/train/masks/23278975_15_patch_35.png,0.0958404541015625
train,23278990_15.png,0,data/processed/train/images/23278990_15_patch_00.png,data/processed/train/masks/23278990_15_patch_00.png,0.1365509033203125
train,23278990_15.png,1,data/processed/train/images/23278990_15_patch_01.png,data/processed/train/masks/23278990_15_patch_01.png,0.3208770751953125
train,23278990_15.png,2,data/processed/train/images/23278990_15_patch_02.png,data/processed/train/masks/23278990_15_patch_02.png,0.3480377197265625
train,23278990_15.png,3,data/processed/train/images/23278990_15_patch_03.png,data/processed/train/masks/23278990_15_patch_03.png,0.3302001953125
train,23278990_15.png,4,data/processed/train/images/23278990_15_patch_04.png,data/processed/train/masks/23278990_15_patch_04.png,0.433380126953125
train,23278990_15.png,5,data/processed/train/images/23278990_15_patch_05.png,data/processed/train/masks/23278990_15_patch_05.png,0.38720703125
train,23278990_15.png,6,data/processed/train/images/23278990_15_patch_06.png,data/processed/train/masks/23278990_15_patch_06.png,0.2234039306640625
train,23278990_15.png,7,data/processed/train/images/23278990_15_patch_07.png,data/processed/train/masks/23278990_15_patch_07.png,0.1859588623046875
train,23278990_15.png,8,data/processed/train/images/23278990_15_patch_08.png,data/processed/train/masks/23278990_15_patch_08.png,0.1981353759765625
train,23278990_15.png,9,data/processed/train/images/23278990_15_patch_09.png,data/processed/train/masks/23278990_15_patch_09.png,0.3962554931640625
train,23278990_15.png,10,data/processed/train/images/23278990_15_patch_10.png,data/processed/train/masks/23278990_15_patch_10.png,0.296844482421875
train,23278990_15.png,11,data/processed/train/images/23278990_15_patch_11.png,data/processed/train/masks/23278990_15_patch_11.png,0.170806884765625
train,23278990_15.png,12,data/processed/train/images/23278990_15_patch_12.png,data/processed/train/masks/23278990_15_patch_12.png,0.11199951171875
train,23278990_15.png,13,data/processed/train/images/23278990_15_patch_13.png,data/processed/train/masks/23278990_15_patch_13.png,0.1317291259765625
train,23278990_15.png,14,data/processed/train/images/23278990_15_patch_14.png,data/processed/train/masks/23278990_15_patch_14.png,0.2293701171875
train,23278990_15.png,15,data/processed/train/images/23278990_15_patch_15.png,data/processed/train/masks/23278990_15_patch_15.png,0.1866607666015625
train,23278990_15.png,16,data/processed/train/images/23278990_15_patch_16.png,data/processed/train/masks/23278990_15_patch_16.png,0.2843017578125
train,23278990_15.png,17,data/processed/train/images/23278990_15_patch_17.png,data/processed/train/masks/23278990_15_patch_17.png,0.072357177734375
train,23278990_15.png,18,data/processed/train/images/23278990_15_patch_18.png,data/processed/train/masks/23278990_15_patch_18.png,0.1965789794921875
train,23278990_15.png,19,data/processed/train/images/23278990_15_patch_19.png,data/processed/train/masks/23278990_15_patch_19.png,0.3179168701171875
train,23278990_15.png,20,data/processed/train/images/23278990_15_patch_20.png,data/processed/train/masks/23278990_15_patch_20.png,0.5310516357421875
train,23278990_15.png,21,data/processed/train/images/23278990_15_patch_21.png,data/processed/train/masks/23278990_15_patch_21.png,0.2011871337890625
train,23278990_15.png,22,data/processed/train/images/23278990_15_patch_22.png,data/processed/train/masks/23278990_15_patch_22.png,0.03826904296875
train,23278990_15.png,23,data/processed/train/images/23278990_15_patch_23.png,data/processed/train/masks/23278990_15_patch_23.png,0.2464141845703125
train,23278990_15.png,24,data/processed/train/images/23278990_15_patch_24.png,data/processed/train/masks/23278990_15_patch_24.png,0.2270965576171875
train,23278990_15.png,25,data/processed/train/images/23278990_15_patch_25.png,data/processed/train/masks/23278990_15_patch_25.png,0.605804443359375
train,23278990_15.png,26,data/processed/train/images/23278990_15_patch_26.png,data/processed/train/masks/23278990_15_patch_26.png,0.520477294921875
train,23278990_15.png,27,data/processed/train/images/23278990_15_patch_27.png,data/processed/train/masks/23278990_15_patch_27.png,0.4484710693359375
train,23278990_15.png,28,data/processed/train/images/23278990_15_patch_28.png,data/processed/train/masks/23278990_15_patch_28.png,0.229705810546875
train,23278990_15.png,29,data/processed/train/images/23278990_15_patch_29.png,data/processed/train/masks/23278990_15_patch_29.png,0.1416168212890625
train,23278990_15.png,30,data/processed/train/images/23278990_15_patch_30.png,data/processed/train/masks/23278990_15_patch_30.png,0.0817108154296875
train,23278990_15.png,31,data/processed/train/images/23278990_15_patch_31.png,data/processed/train/masks/23278990_15_patch_31.png,0.3238372802734375
train,23278990_15.png,32,data/processed/train/images/23278990_15_patch_32.png,data/processed/train/masks/23278990_15_patch_32.png,0.3593597412109375
train,23278990_15.png,33,data/processed/train/images/23278990_15_patch_33.png,data/processed/train/masks/23278990_15_patch_33.png,0.297210693359375
train,23278990_15.png,34,data/processed/train/images/23278990_15_patch_34.png,data/processed/train/masks/23278990_15_patch_34.png,0.19647216796875
train,23278990_15.png,35,data/processed/train/images/23278990_15_patch_35.png,data/processed/train/masks/23278990_15_patch_35.png,0.228607177734375
train,23279005_15.png,0,data/processed/train/images/23279005_15_patch_00.png,data/processed/train/masks/23279005_15_patch_00.png,0.2674407958984375
train,23279005_15.png,1,data/processed/train/images/23279005_15_patch_01.png,data/processed/train/masks/23279005_15_patch_01.png,0.310882568359375
train,23279005_15.png,2,data/processed/train/images/23279005_15_patch_02.png,data/processed/train/masks/23279005_15_patch_02.png,0.4387359619140625
train,23279005_15.png,3,data/processed/train/images/23279005_15_patch_03.png,data/processed/train/masks/23279005_15_patch_03.png,0.3698577880859375
train,23279005_15.png,4,data/processed/train/images/23279005_15_patch_04.png,data/processed/train/masks/23279005_15_patch_04.png,0.5017547607421875
train,23279005_15.png,5,data/processed/train/images/23279005_15_patch_05.png,data/processed/train/masks/23279005_15_patch_05.png,0.3112335205078125
train,23279005_15.png,6,data/processed/train/images/23279005_15_patch_06.png,data/processed/train/masks/23279005_15_patch_06.png,0.2651824951171875
train,23279005_15.png,7,data/processed/train/images/23279005_15_patch_07.png,data/processed/train/masks/23279005_15_patch_07.png,0.277099609375
train,23279005_15.png,8,data/processed/train/images/23279005_15_patch_08.png,data/processed/train/masks/23279005_15_patch_08.png,0.334503173828125
train,23279005_15.png,9,data/processed/train/images/23279005_15_patch_09.png,data/processed/train/masks/23279005_15_patch_09.png,0.2335205078125
train,23279005_15.png,10,data/processed/train/images/23279005_15_patch_10.png,data/processed/train/masks/23279005_15_patch_10.png,0.1412811279296875
train,23279005_15.png,11,data/processed/train/images/23279005_15_patch_11.png,data/processed/train/masks/23279005_15_patch_11.png,0.2127838134765625
train,23279005_15.png,12,data/processed/train/images/23279005_15_patch_12.png,data/processed/train/masks/23279005_15_patch_12.png,0.198699951171875
train,23279005_15.png,13,data/processed/train/images/23279005_15_patch_13.png,data/processed/train/masks/23279005_15_patch_13.png,0.3007354736328125
train,23279005_15.png,14,data/processed/train/images/23279005_15_patch_14.png,data/processed/train/masks/23279005_15_patch_14.png,0.1243743896484375
train,23279005_15.png,15,data/processed/train/images/23279005_15_patch_15.png,data/processed/train/masks/23279005_15_patch_15.png,0.1043853759765625
train,23279005_15.png,16,data/processed/train/images/23279005_15_patch_16.png,data/processed/train/masks/23279005_15_patch_16.png,0.0915679931640625
train,23279005_15.png,17,data/processed/train/images/23279005_15_patch_17.png,data/processed/train/masks/23279005_15_patch_17.png,0.004119873046875
train,23279005_15.png,18,data/processed/train/images/23279005_15_patch_18.png,data/processed/train/masks/23279005_15_patch_18.png,0.0611724853515625
train,23279005_15.png,19,data/processed/train/images/23279005_15_patch_19.png,data/processed/train/masks/23279005_15_patch_19.png,0.0558624267578125
train,23279005_15.png,20,data/processed/train/images/23279005_15_patch_20.png,data/processed/train/masks/23279005_15_patch_20.png,0.0051727294921875
train,23279005_15.png,21,data/processed/train/images/23279005_15_patch_21.png,data/processed/train/masks/23279005_15_patch_21.png,0.0
train,23279005_15.png,22,data/processed/train/images/23279005_15_patch_22.png,data/processed/train/masks/23279005_15_patch_22.png,0.0
train,23279005_15.png,23,data/processed/train/images/23279005_15_patch_23.png,data/processed/train/masks/23279005_15_patch_23.png,0.0
train,23279005_15.png,24,data/processed/train/images/23279005_15_patch_24.png,data/processed/train/masks/23279005_15_patch_24.png,0.0816192626953125
train,23279005_15.png,25,data/processed/train/images/23279005_15_patch_25.png,data/processed/train/masks/23279005_15_patch_25.png,0.1299591064453125
train,23279005_15.png,26,data/processed/train/images/23279005_15_patch_26.png,data/processed/train/masks/23279005_15_patch_26.png,0.150360107421875
train,23279005_15.png,27,data/processed/train/images/23279005_15_patch_27.png,data/processed/train/masks/23279005_15_patch_27.png,0.17193603515625
train,23279005_15.png,28,data/processed/train/images/23279005_15_patch_28.png,data/processed/train/masks/23279005_15_patch_28.png,0.102264404296875
train,23279005_15.png,29,data/processed/train/images/23279005_15_patch_29.png,data/processed/train/masks/23279005_15_patch_29.png,0.09844970703125
train,23279005_15.png,30,data/processed/train/images/23279005_15_patch_30.png,data/processed/train/masks/23279005_15_patch_30.png,0.1026611328125
train,23279005_15.png,31,data/processed/train/images/23279005_15_patch_31.png,data/processed/train/masks/23279005_15_patch_31.png,0.2555694580078125
train,23279005_15.png,32,data/processed/train/images/23279005_15_patch_32.png,data/processed/train/masks/23279005_15_patch_32.png,0.2838134765625
train,23279005_15.png,33,data/processed/train/images/23279005_15_patch_33.png,data/processed/train/masks/23279005_15_patch_33.png,0.245635986328125
train,23279005_15.png,34,data/processed/train/images/23279005_15_patch_34.png,data/processed/train/masks/23279005_15_patch_34.png,0.2424163818359375
train,23279005_15.png,35,data/processed/train/images/23279005_15_patch_35.png,data/processed/train/masks/23279005_15_patch_35.png,0.213226318359375
train,23279020_15.png,0,data/processed/train/images/23279020_15_patch_00.png,data/processed/train/masks/23279020_15_patch_00.png,0.3241729736328125
train,23279020_15.png,1,data/processed/train/images/23279020_15_patch_01.png,data/processed/train/masks/23279020_15_patch_01.png,0.28753662109375
train,23279020_15.png,2,data/processed/train/images/23279020_15_patch_02.png,data/processed/train/masks/23279020_15_patch_02.png,0.295318603515625
train,23279020_15.png,3,data/processed/train/images/23279020_15_patch_03.png,data/processed/train/masks/23279020_15_patch_03.png,0.29852294921875
train,23279020_15.png,4,data/processed/train/images/23279020_15_patch_04.png,data/processed/train/masks/23279020_15_patch_04.png,0.33026123046875
train,23279020_15.png,5,data/processed/train/images/23279020_15_patch_05.png,data/processed/train/masks/23279020_15_patch_05.png,0.2850799560546875
train,23279020_15.png,6,data/processed/train/images/23279020_15_patch_06.png,data/processed/train/masks/23279020_15_patch_06.png,0.30108642578125
train,23279020_15.png,7,data/processed/train/images/23279020_15_patch_07.png,data/processed/train/masks/23279020_15_patch_07.png,0.2845306396484375
train,23279020_15.png,8,data/processed/train/images/23279020_15_patch_08.png,data/processed/train/masks/23279020_15_patch_08.png,0.292022705078125
train,23279020_15.png,9,data/processed/train/images/23279020_15_patch_09.png,data/processed/train/masks/23279020_15_patch_09.png,0.2838592529296875
train,23279020_15.png,10,data/processed/train/images/23279020_15_patch_10.png,data/processed/train/masks/23279020_15_patch_10.png,0.313140869140625
train,23279020_15.png,11,data/processed/train/images/23279020_15_patch_11.png,data/processed/train/masks/23279020_15_patch_11.png,0.2479400634765625
train,23279020_15.png,12,data/processed/train/images/23279020_15_patch_12.png,data/processed/train/masks/23279020_15_patch_12.png,0.365234375
train,23279020_15.png,13,data/processed/train/images/23279020_15_patch_13.png,data/processed/train/masks/23279020_15_patch_13.png,0.2907257080078125
train,23279020_15.png,14,data/processed/train/images/23279020_15_patch_14.png,data/processed/train/masks/23279020_15_patch_14.png,0.3121490478515625
train,23279020_15.png,15,data/processed/train/images/23279020_15_patch_15.png,data/processed/train/masks/23279020_15_patch_15.png,0.2108306884765625
train,23279020_15.png,16,data/processed/train/images/23279020_15_patch_16.png,data/processed/train/masks/23279020_15_patch_16.png,0.2905426025390625
train,23279020_15.png,17,data/processed/train/images/23279020_15_patch_17.png,data/processed/train/masks/23279020_15_patch_17.png,0.2429656982421875
train,23279020_15.png,18,data/processed/train/images/23279020_15_patch_18.png,data/processed/train/masks/23279020_15_patch_18.png,0.28009033203125
train,23279020_15.png,19,data/processed/train/images/23279020_15_patch_19.png,data/processed/train/masks/23279020_15_patch_19.png,0.3530426025390625
train,23279020_15.png,20,data/processed/train/images/23279020_15_patch_20.png,data/processed/train/masks/23279020_15_patch_20.png,0.3465576171875
train,23279020_15.png,21,data/processed/train/images/23279020_15_patch_21.png,data/processed/train/masks/23279020_15_patch_21.png,0.3053436279296875
train,23279020_15.png,22,data/processed/train/images/23279020_15_patch_22.png,data/processed/train/masks/23279020_15_patch_22.png,0.2938385009765625
train,23279020_15.png,23,data/processed/train/images/23279020_15_patch_23.png,data/processed/train/masks/23279020_15_patch_23.png,0.2266845703125
train,23279020_15.png,24,data/processed/train/images/23279020_15_patch_24.png,data/processed/train/masks/23279020_15_patch_24.png,0.2877197265625
train,23279020_15.png,25,data/processed/train/images/23279020_15_patch_25.png,data/processed/train/masks/23279020_15_patch_25.png,0.2941741943359375
train,23279020_15.png,26,data/processed/train/images/23279020_15_patch_26.png,data/processed/train/masks/23279020_15_patch_26.png,0.463134765625
train,23279020_15.png,27,data/processed/train/images/23279020_15_patch_27.png,data/processed/train/masks/23279020_15_patch_27.png,0.34320068359375
train,23279020_15.png,28,data/processed/train/images/23279020_15_patch_28.png,data/processed/train/masks/23279020_15_patch_28.png,0.2395782470703125
train,23279020_15.png,29,data/processed/train/images/23279020_15_patch_29.png,data/processed/train/masks/23279020_15_patch_29.png,0.1840972900390625
train,23279020_15.png,30,data/processed/train/images/23279020_15_patch_30.png,data/processed/train/masks/23279020_15_patch_30.png,0.2563934326171875
train,23279020_15.png,31,data/processed/train/images/23279020_15_patch_31.png,data/processed/train/masks/23279020_15_patch_31.png,0.23345947265625
train,23279020_15.png,32,data/processed/train/images/23279020_15_patch_32.png,data/processed/train/masks/23279020_15_patch_32.png,0.256561279296875
train,23279020_15.png,33,data/processed/train/images/23279020_15_patch_33.png,data/processed/train/masks/23279020_15_patch_33.png,0.38690185546875
train,23279020_15.png,34,data/processed/train/images/23279020_15_patch_34.png,data/processed/train/masks/23279020_15_patch_34.png,0.3364410400390625
train,23279020_15.png,35,data/processed/train/images/23279020_15_patch_35.png,data/processed/train/masks/23279020_15_patch_35.png,0.16748046875
train,23279035_15.png,0,data/processed/train/images/23279035_15_patch_00.png,data/processed/train/masks/23279035_15_patch_00.png,0.2241973876953125
train,23279035_15.png,1,data/processed/train/images/23279035_15_patch_01.png,data/processed/train/masks/23279035_15_patch_01.png,0.20159912109375
train,23279035_15.png,2,data/processed/train/images/23279035_15_patch_02.png,data/processed/train/masks/23279035_15_patch_02.png,0.26190185546875
train,23279035_15.png,3,data/processed/train/images/23279035_15_patch_03.png,data/processed/train/masks/23279035_15_patch_03.png,0.2520294189453125
train,23279035_15.png,4,data/processed/train/images/23279035_15_patch_04.png,data/processed/train/masks/23279035_15_patch_04.png,0.2271270751953125
train,23279035_15.png,5,data/processed/train/images/23279035_15_patch_05.png,data/processed/train/masks/23279035_15_patch_05.png,0.187713623046875
train,23279035_15.png,6,data/processed/train/images/23279035_15_patch_06.png,data/processed/train/masks/23279035_15_patch_06.png,0.2920684814453125
train,23279035_15.png,7,data/processed/train/images/23279035_15_patch_07.png,data/processed/train/masks/23279035_15_patch_07.png,0.22265625
train,23279035_15.png,8,data/processed/train/images/23279035_15_patch_08.png,data/processed/train/masks/23279035_15_patch_08.png,0.237640380859375
train,23279035_15.png,9,data/processed/train/images/23279035_15_patch_09.png,data/processed/train/masks/23279035_15_patch_09.png,0.234130859375
train,23279035_15.png,10,data/processed/train/images/23279035_15_patch_10.png,data/processed/train/masks/23279035_15_patch_10.png,0.228485107421875
train,23279035_15.png,11,data/processed/train/images/23279035_15_patch_11.png,data/processed/train/masks/23279035_15_patch_11.png,0.1936492919921875
train,23279035_15.png,12,data/processed/train/images/23279035_15_patch_12.png,data/processed/train/masks/23279035_15_patch_12.png,0.2564697265625
train,23279035_15.png,13,data/processed/train/images/23279035_15_patch_13.png,data/processed/train/masks/23279035_15_patch_13.png,0.3412933349609375
train,23279035_15.png,14,data/processed/train/images/23279035_15_patch_14.png,data/processed/train/masks/23279035_15_patch_14.png,0.3406982421875
train,23279035_15.png,15,data/processed/train/images/23279035_15_patch_15.png,data/processed/train/masks/23279035_15_patch_15.png,0.2299652099609375
train,23279035_15.png,16,data/processed/train/images/23279035_15_patch_16.png,data/processed/train/masks/23279035_15_patch_16.png,0.2278594970703125
train,23279035_15.png,17,data/processed/train/images/23279035_15_patch_17.png,data/processed/train/masks/23279035_15_patch_17.png,0.159454345703125
train,23279035_15.png,18,data/processed/train/images/23279035_15_patch_18.png,data/processed/train/masks/23279035_15_patch_18.png,0.114837646484375
train,23279035_15.png,19,data/processed/train/images/23279035_15_patch_19.png,data/processed/train/masks/23279035_15_patch_19.png,0.24005126953125
train,23279035_15.png,20,data/processed/train/images/23279035_15_patch_20.png,data/processed/train/masks/23279035_15_patch_20.png,0.31787109375
train,23279035_15.png,21,data/processed/train/images/23279035_15_patch_21.png,data/processed/train/masks/23279035_15_patch_21.png,0.3297119140625
train,23279035_15.png,22,data/processed/train/images/23279035_15_patch_22.png,data/processed/train/masks/23279035_15_patch_22.png,0.3223114013671875
train,23279035_15.png,23,data/processed/train/images/23279035_15_patch_23.png,data/processed/train/masks/23279035_15_patch_23.png,0.212615966796875
train,23279035_15.png,24,data/processed/train/images/23279035_15_patch_24.png,data/processed/train/masks/23279035_15_patch_24.png,0.2029571533203125
train,23279035_15.png,25,data/processed/train/images/23279035_15_patch_25.png,data/processed/train/masks/23279035_15_patch_25.png,0.2930450439453125
train,23279035_15.png,26,data/processed/train/images/23279035_15_patch_26.png,data/processed/train/masks/23279035_15_patch_26.png,0.3407440185546875
train,23279035_15.png,27,data/processed/train/images/23279035_15_patch_27.png,data/processed/train/masks/23279035_15_patch_27.png,0.1861114501953125
train,23279035_15.png,28,data/processed/train/images/23279035_15_patch_28.png,data/processed/train/masks/23279035_15_patch_28.png,0.2234649658203125
train,23279035_15.png,29,data/processed/train/images/23279035_15_patch_29.png,data/processed/train/masks/23279035_15_patch_29.png,0.1599273681640625
train,23279035_15.png,30,data/processed/train/images/23279035_15_patch_30.png,data/processed/train/masks/23279035_15_patch_30.png,0.2584686279296875
train,23279035_15.png,31,data/processed/train/images/23279035_15_patch_31.png,data/processed/train/masks/23279035_15_patch_31.png,0.24462890625
train,23279035_15.png,32,data/processed/train/images/23279035_15_patch_32.png,data/processed/train/masks/23279035_15_patch_32.png,0.26263427734375
train,23279035_15.png,33,data/processed/train/images/23279035_15_patch_33.png,data/processed/train/masks/23279035_15_patch_33.png,0.2241363525390625
train,23279035_15.png,34,data/processed/train/images/23279035_15_patch_34.png,data/processed/train/masks/23279035_15_patch_34.png,0.22357177734375
train,23279035_15.png,35,data/processed/train/images/23279035_15_patch_35.png,data/processed/train/masks/23279035_15_patch_35.png,0.2217254638671875
train,23279050_15.png,0,data/processed/train/images/23279050_15_patch_00.png,data/processed/train/masks/23279050_15_patch_00.png,0.20843505859375
train,23279050_15.png,1,data/processed/train/images/23279050_15_patch_01.png,data/processed/train/masks/23279050_15_patch_01.png,0.2263641357421875
train,23279050_15.png,2,data/processed/train/images/23279050_15_patch_02.png,data/processed/train/masks/23279050_15_patch_02.png,0.2299652099609375
train,23279050_15.png,3,data/processed/train/images/23279050_15_patch_03.png,data/processed/train/masks/23279050_15_patch_03.png,0.1407012939453125
train,23279050_15.png,4,data/processed/train/images/23279050_15_patch_04.png,data/processed/train/masks/23279050_15_patch_04.png,0.1031951904296875
train,23279050_15.png,5,data/processed/train/images/23279050_15_patch_05.png,data/processed/train/masks/23279050_15_patch_05.png,0.004638671875
train,23279050_15.png,6,data/processed/train/images/23279050_15_patch_06.png,data/processed/train/masks/23279050_15_patch_06.png,0.205230712890625
train,23279050_15.png,7,data/processed/train/images/23279050_15_patch_07.png,data/processed/train/masks/23279050_15_patch_07.png,0.1685791015625
train,23279050_15.png,8,data/processed/train/images/23279050_15_patch_08.png,data/processed/train/masks/23279050_15_patch_08.png,0.2589874267578125
train,23279050_15.png,9,data/processed/train/images/23279050_15_patch_09.png,data/processed/train/masks/23279050_15_patch_09.png,0.193359375
train,23279050_15.png,10,data/processed/train/images/23279050_15_patch_10.png,data/processed/train/masks/23279050_15_patch_10.png,0.2178497314453125
train,23279050_15.png,11,data/processed/train/images/23279050_15_patch_11.png,data/processed/train/masks/23279050_15_patch_11.png,0.1230621337890625
train,23279050_15.png,12,data/processed/train/images/23279050_15_patch_12.png,data/processed/train/masks/23279050_15_patch_12.png,0.2772979736328125
train,23279050_15.png,13,data/processed/train/images/23279050_15_patch_13.png,data/processed/train/masks/23279050_15_patch_13.png,0.2277069091796875
train,23279050_15.png,14,data/processed/train/images/23279050_15_patch_14.png,data/processed/train/masks/23279050_15_patch_14.png,0.251068115234375
train,23279050_15.png,15,data/processed/train/images/23279050_15_patch_15.png,data/processed/train/masks/23279050_15_patch_15.png,0.2449798583984375
train,23279050_15.png,16,data/processed/train/images/23279050_15_patch_16.png,data/processed/train/masks/23279050_15_patch_16.png,0.2583770751953125
train,23279050_15.png,17,data/processed/train/images/23279050_15_patch_17.png,data/processed/train/masks/23279050_15_patch_17.png,0.1782379150390625
train,23279050_15.png,18,data/processed/train/images/23279050_15_patch_18.png,data/processed/train/masks/23279050_15_patch_18.png,0.2138214111328125
train,23279050_15.png,19,data/processed/train/images/23279050_15_patch_19.png,data/processed/train/masks/23279050_15_patch_19.png,0.0833892822265625
train,23279050_15.png,20,data/processed/train/images/23279050_15_patch_20.png,data/processed/train/masks/23279050_15_patch_20.png,0.2644500732421875
train,23279050_15.png,21,data/processed/train/images/23279050_15_patch_21.png,data/processed/train/masks/23279050_15_patch_21.png,0.2189178466796875
train,23279050_15.png,22,data/processed/train/images/23279050_15_patch_22.png,data/processed/train/masks/23279050_15_patch_22.png,0.2110748291015625
train,23279050_15.png,23,data/processed/train/images/23279050_15_patch_23.png,data/processed/train/masks/23279050_15_patch_23.png,0.1952972412109375
train,23279050_15.png,24,data/processed/train/images/23279050_15_patch_24.png,data/processed/train/masks/23279050_15_patch_24.png,0.25543212890625
train,23279050_15.png,25,data/processed/train/images/23279050_15_patch_25.png,data/processed/train/masks/23279050_15_patch_25.png,0.28143310546875
train,23279050_15.png,26,data/processed/train/images/23279050_15_patch_26.png,data/processed/train/masks/23279050_15_patch_26.png,0.19671630859375
train,23279050_15.png,27,data/processed/train/images/23279050_15_patch_27.png,data/processed/train/masks/23279050_15_patch_27.png,0.2402801513671875
train,23279050_15.png,28,data/processed/train/images/23279050_15_patch_28.png,data/processed/train/masks/23279050_15_patch_28.png,0.2454986572265625
train,23279050_15.png,29,data/processed/train/images/23279050_15_patch_29.png,data/processed/train/masks/23279050_15_patch_29.png,0.205078125
train,23279050_15.png,30,data/processed/train/images/23279050_15_patch_30.png,data/processed/train/masks/23279050_15_patch_30.png,0.24957275390625
train,23279050_15.png,31,data/processed/train/images/23279050_15_patch_31.png,data/processed/train/masks/23279050_15_patch_31.png,0.2172393798828125
train,23279050_15.png,32,data/processed/train/images/23279050_15_patch_32.png,data/processed/train/masks/23279050_15_patch_32.png,0.220489501953125
train,23279050_15.png,33,data/processed/train/images/23279050_15_patch_33.png,data/processed/train/masks/23279050_15_patch_33.png,0.1658935546875
train,23279050_15.png,34,data/processed/train/images/23279050_15_patch_34.png,data/processed/train/masks/23279050_15_patch_34.png,0.2071380615234375
train,23279050_15.png,35,data/processed/train/images/23279050_15_patch_35.png,data/processed/train/masks/23279050_15_patch_35.png,0.16900634765625
train,23279080_15.png,0,data/processed/train/images/23279080_15_patch_00.png,data/processed/train/masks/23279080_15_patch_00.png,0.1030731201171875
train,23279080_15.png,1,data/processed/train/images/23279080_15_patch_01.png,data/processed/train/masks/23279080_15_patch_01.png,0.1541290283203125
train,23279080_15.png,2,data/processed/train/images/23279080_15_patch_02.png,data/processed/train/masks/23279080_15_patch_02.png,0.0826873779296875
train,23279080_15.png,3,data/processed/train/images/23279080_15_patch_03.png,data/processed/train/masks/23279080_15_patch_03.png,0.1641845703125
train,23279080_15.png,4,data/processed/train/images/23279080_15_patch_04.png,data/processed/train/masks/23279080_15_patch_04.png,0.15350341796875
train,23279080_15.png,5,data/processed/train/images/23279080_15_patch_05.png,data/processed/train/masks/23279080_15_patch_05.png,0.1291961669921875
train,23279080_15.png,6,data/processed/train/images/23279080_15_patch_06.png,data/processed/train/masks/23279080_15_patch_06.png,0.159088134765625
train,23279080_15.png,7,data/processed/train/images/23279080_15_patch_07.png,data/processed/train/masks/23279080_15_patch_07.png,0.15252685546875
train,23279080_15.png,8,data/processed/train/images/23279080_15_patch_08.png,data/processed/train/masks/23279080_15_patch_08.png,0.1150970458984375
train,23279080_15.png,9,data/processed/train/images/23279080_15_patch_09.png,data/processed/train/masks/23279080_15_patch_09.png,0.1127777099609375
train,23279080_15.png,10,data/processed/train/images/23279080_15_patch_10.png,data/processed/train/masks/23279080_15_patch_10.png,0.146453857421875
train,23279080_15.png,11,data/processed/train/images/23279080_15_patch_11.png,data/processed/train/masks/23279080_15_patch_11.png,0.090728759765625
train,23279080_15.png,12,data/processed/train/images/23279080_15_patch_12.png,data/processed/train/masks/23279080_15_patch_12.png,0.14276123046875
train,23279080_15.png,13,data/processed/train/images/23279080_15_patch_13.png,data/processed/train/masks/23279080_15_patch_13.png,0.16217041015625
train,23279080_15.png,14,data/processed/train/images/23279080_15_patch_14.png,data/processed/train/masks/23279080_15_patch_14.png,0.1131134033203125
train,23279080_15.png,15,data/processed/train/images/23279080_15_patch_15.png,data/processed/train/masks/23279080_15_patch_15.png,0.2110595703125
train,23279080_15.png,16,data/processed/train/images/23279080_15_patch_16.png,data/processed/train/masks/23279080_15_patch_16.png,0.18365478515625
train,23279080_15.png,17,data/processed/train/images/23279080_15_patch_17.png,data/processed/train/masks/23279080_15_patch_17.png,0.2051544189453125
train,23279080_15.png,18,data/processed/train/images/23279080_15_patch_18.png,data/processed/train/masks/23279080_15_patch_18.png,0.1812591552734375
train,23279080_15.png,19,data/processed/train/images/23279080_15_patch_19.png,data/processed/train/masks/23279080_15_patch_19.png,0.1901397705078125
train,23279080_15.png,20,data/processed/train/images/23279080_15_patch_20.png,data/processed/train/masks/23279080_15_patch_20.png,0.0942230224609375
train,23279080_15.png,21,data/processed/train/images/23279080_15_patch_21.png,data/processed/train/masks/23279080_15_patch_21.png,0.228302001953125
train,23279080_15.png,22,data/processed/train/images/23279080_15_patch_22.png,data/processed/train/masks/23279080_15_patch_22.png,0.207855224609375
train,23279080_15.png,23,data/processed/train/images/23279080_15_patch_23.png,data/processed/train/masks/23279080_15_patch_23.png,0.1842041015625
train,23279080_15.png,24,data/processed/train/images/23279080_15_patch_24.png,data/processed/train/masks/23279080_15_patch_24.png,0.31719970703125
train,23279080_15.png,25,data/processed/train/images/23279080_15_patch_25.png,data/processed/train/masks/23279080_15_patch_25.png,0.21832275390625
train,23279080_15.png,26,data/processed/train/images/23279080_15_patch_26.png,data/processed/train/masks/23279080_15_patch_26.png,0.072784423828125
train,23279080_15.png,27,data/processed/train/images/23279080_15_patch_27.png,data/processed/train/masks/23279080_15_patch_27.png,0.208160400390625
train,23279080_15.png,28,data/processed/train/images/23279080_15_patch_28.png,data/processed/train/masks/23279080_15_patch_28.png,0.1585693359375
train,23279080_15.png,29,data/processed/train/images/23279080_15_patch_29.png,data/processed/train/masks/23279080_15_patch_29.png,0.1613616943359375
train,23279080_15.png,30,data/processed/train/images/23279080_15_patch_30.png,data/processed/train/masks/23279080_15_patch_30.png,0.14385986328125
train,23279080_15.png,31,data/processed/train/images/23279080_15_patch_31.png,data/processed/train/masks/23279080_15_patch_31.png,0.106689453125
train,23279080_15.png,32,data/processed/train/images/23279080_15_patch_32.png,data/processed/train/masks/23279080_15_patch_32.png,0.080841064453125
train,23279080_15.png,33,data/processed/train/images/23279080_15_patch_33.png,data/processed/train/masks/23279080_15_patch_33.png,0.1294403076171875
train,23279080_15.png,34,data/processed/train/images/23279080_15_patch_34.png,data/processed/train/masks/23279080_15_patch_34.png,0.13037109375
train,23279080_15.png,35,data/processed/train/images/23279080_15_patch_35.png,data/processed/train/masks/23279080_15_patch_35.png,0.13494873046875
train,23279095_15.png,0,data/processed/train/images/23279095_15_patch_00.png,data/processed/train/masks/23279095_15_patch_00.png,0.0
train,23279095_15.png,1,data/processed/train/images/23279095_15_patch_01.png,data/processed/train/masks/23279095_15_patch_01.png,0.0
train,23279095_15.png,2,data/processed/train/images/23279095_15_patch_02.png,data/processed/train/masks/23279095_15_patch_02.png,0.0
train,23279095_15.png,3,data/processed/train/images/23279095_15_patch_03.png,data/processed/train/masks/23279095_15_patch_03.png,0.0
train,23279095_15.png,4,data/processed/train/images/23279095_15_patch_04.png,data/processed/train/masks/23279095_15_patch_04.png,0.0403289794921875
train,23279095_15.png,5,data/processed/train/images/23279095_15_patch_05.png,data/processed/train/masks/23279095_15_patch_05.png,0.13739013671875
train,23279095_15.png,6,data/processed/train/images/23279095_15_patch_06.png,data/processed/train/masks/23279095_15_patch_06.png,0.0
train,23279095_15.png,7,data/processed/train/images/23279095_15_patch_07.png,data/processed/train/masks/23279095_15_patch_07.png,0.0
train,23279095_15.png,8,data/processed/train/images/23279095_15_patch_08.png,data/processed/train/masks/23279095_15_patch_08.png,0.0056610107421875
train,23279095_15.png,9,data/processed/train/images/23279095_15_patch_09.png,data/processed/train/masks/23279095_15_patch_09.png,0.0619964599609375
train,23279095_15.png,10,data/processed/train/images/23279095_15_patch_10.png,data/processed/train/masks/23279095_15_patch_10.png,0.1271514892578125
train,23279095_15.png,11,data/processed/train/images/23279095_15_patch_11.png,data/processed/train/masks/23279095_15_patch_11.png,0.1280670166015625
train,23279095_15.png,12,data/processed/train/images/23279095_15_patch_12.png,data/processed/train/masks/23279095_15_patch_12.png,0.0
train,23279095_15.png,13,data/processed/train/images/23279095_15_patch_13.png,data/processed/train/masks/23279095_15_patch_13.png,0.0
train,23279095_15.png,14,data/processed/train/images/23279095_15_patch_14.png,data/processed/train/masks/23279095_15_patch_14.png,0.0067596435546875
train,23279095_15.png,15,data/processed/train/images/23279095_15_patch_15.png,data/processed/train/masks/23279095_15_patch_15.png,0.1605072021484375
train,23279095_15.png,16,data/processed/train/images/23279095_15_patch_16.png,data/processed/train/masks/23279095_15_patch_16.png,0.1953582763671875
train,23279095_15.png,17,data/processed/train/images/23279095_15_patch_17.png,data/processed/train/masks/23279095_15_patch_17.png,0.0823516845703125
train,23279095_15.png,18,data/processed/train/images/23279095_15_patch_18.png,data/processed/train/masks/23279095_15_patch_18.png,0.0
train,23279095_15.png,19,data/processed/train/images/23279095_15_patch_19.png,data/processed/train/masks/23279095_15_patch_19.png,0.0
train,23279095_15.png,20,data/processed/train/images/23279095_15_patch_20.png,data/processed/train/masks/23279095_15_patch_20.png,0.0
train,23279095_15.png,21,data/processed/train/images/23279095_15_patch_21.png,data/processed/train/masks/23279095_15_patch_21.png,0.12432861328125
train,23279095_15.png,22,data/processed/train/images/23279095_15_patch_22.png,data/processed/train/masks/23279095_15_patch_22.png,0.162933349609375
train,23279095_15.png,23,data/processed/train/images/23279095_15_patch_23.png,data/processed/train/masks/23279095_15_patch_23.png,0.055572509765625
train,23279095_15.png,24,data/processed/train/images/23279095_15_patch_24.png,data/processed/train/masks/23279095_15_patch_24.png,0.0208740234375
train,23279095_15.png,25,data/processed/train/images/23279095_15_patch_25.png,data/processed/train/masks/23279095_15_patch_25.png,3.0517578125e-05
train,23279095_15.png,26,data/processed/train/images/23279095_15_patch_26.png,data/processed/train/masks/23279095_15_patch_26.png,0.000732421875
train,23279095_15.png,27,data/processed/train/images/23279095_15_patch_27.png,data/processed/train/masks/23279095_15_patch_27.png,0.166534423828125
train,23279095_15.png,28,data/processed/train/images/23279095_15_patch_28.png,data/processed/train/masks/23279095_15_patch_28.png,0.1408843994140625
train,23279095_15.png,29,data/processed/train/images/23279095_15_patch_29.png,data/processed/train/masks/23279095_15_patch_29.png,0.0657501220703125
train,23279095_15.png,30,data/processed/train/images/23279095_15_patch_30.png,data/processed/train/masks/23279095_15_patch_30.png,0.1428070068359375
train,23279095_15.png,31,data/processed/train/images/23279095_15_patch_31.png,data/processed/train/masks/23279095_15_patch_31.png,0.1544647216796875
train,23279095_15.png,32,data/processed/train/images/23279095_15_patch_32.png,data/processed/train/masks/23279095_15_patch_32.png,0.037353515625
train,23279095_15.png,33,data/processed/train/images/23279095_15_patch_33.png,data/processed/train/masks/23279095_15_patch_33.png,0.1011505126953125
train,23279095_15.png,34,data/processed/train/images/23279095_15_patch_34.png,data/processed/train/masks/23279095_15_patch_34.png,0.12884521484375
train,23279095_15.png,35,data/processed/train/images/23279095_15_patch_35.png,data/processed/train/masks/23279095_15_patch_35.png,0.083038330078125
train,23279140_15.png,0,data/processed/train/images/23279140_15_patch_00.png,data/processed/train/masks/23279140_15_patch_00.png,0.0923004150390625
train,23279140_15.png,1,data/processed/train/images/23279140_15_patch_01.png,data/processed/train/masks/23279140_15_patch_01.png,0.0877685546875
train,23279140_15.png,2,data/processed/train/images/23279140_15_patch_02.png,data/processed/train/masks/23279140_15_patch_02.png,0.1294403076171875
train,23279140_15.png,3,data/processed/train/images/23279140_15_patch_03.png,data/processed/train/masks/23279140_15_patch_03.png,0.2201385498046875
train,23279140_15.png,4,data/processed/train/images/23279140_15_patch_04.png,data/processed/train/masks/23279140_15_patch_04.png,0.175872802734375
train,23279140_15.png,5,data/processed/train/images/23279140_15_patch_05.png,data/processed/train/masks/23279140_15_patch_05.png,0.144500732421875
train,23279140_15.png,6,data/processed/train/images/23279140_15_patch_06.png,data/processed/train/masks/23279140_15_patch_06.png,0.2008056640625
train,23279140_15.png,7,data/processed/train/images/23279140_15_patch_07.png,data/processed/train/masks/23279140_15_patch_07.png,0.13995361328125
train,23279140_15.png,8,data/processed/train/images/23279140_15_patch_08.png,data/processed/train/masks/23279140_15_patch_08.png,0.160919189453125
train,23279140_15.png,9,data/processed/train/images/23279140_15_patch_09.png,data/processed/train/masks/23279140_15_patch_09.png,0.2655487060546875
train,23279140_15.png,10,data/processed/train/images/23279140_15_patch_10.png,data/processed/train/masks/23279140_15_patch_10.png,0.1805877685546875
train,23279140_15.png,11,data/processed/train/images/23279140_15_patch_11.png,data/processed/train/masks/23279140_15_patch_11.png,0.074310302734375
train,23279140_15.png,12,data/processed/train/images/23279140_15_patch_12.png,data/processed/train/masks/23279140_15_patch_12.png,0.09625244140625
train,23279140_15.png,13,data/processed/train/images/23279140_15_patch_13.png,data/processed/train/masks/23279140_15_patch_13.png,0.135498046875
train,23279140_15.png,14,data/processed/train/images/23279140_15_patch_14.png,data/processed/train/masks/23279140_15_patch_14.png,0.150787353515625
train,23279140_15.png,15,data/processed/train/images/23279140_15_patch_15.png,data/processed/train/masks/23279140_15_patch_15.png,0.222564697265625
train,23279140_15.png,16,data/processed/train/images/23279140_15_patch_16.png,data/processed/train/masks/23279140_15_patch_16.png,0.1581878662109375
train,23279140_15.png,17,data/processed/train/images/23279140_15_patch_17.png,data/processed/train/masks/23279140_15_patch_17.png,0.10089111328125
train,23279140_15.png,18,data/processed/train/images/23279140_15_patch_18.png,data/processed/train/masks/23279140_15_patch_18.png,0.113067626953125
train,23279140_15.png,19,data/processed/train/images/23279140_15_patch_19.png,data/processed/train/masks/23279140_15_patch_19.png,0.1216583251953125
train,23279140_15.png,20,data/processed/train/images/23279140_15_patch_20.png,data/processed/train/masks/23279140_15_patch_20.png,0.1585540771484375
train,23279140_15.png,21,data/processed/train/images/23279140_15_patch_21.png,data/processed/train/masks/23279140_15_patch_21.png,0.161285400390625
train,23279140_15.png,22,data/processed/train/images/23279140_15_patch_22.png,data/processed/train/masks/23279140_15_patch_22.png,0.1339111328125
train,23279140_15.png,23,data/processed/train/images/23279140_15_patch_23.png,data/processed/train/masks/23279140_15_patch_23.png,0.094024658203125
train,23279140_15.png,24,data/processed/train/images/23279140_15_patch_24.png,data/processed/train/masks/23279140_15_patch_24.png,0.083221435546875
train,23279140_15.png,25,data/processed/train/images/23279140_15_patch_25.png,data/processed/train/masks/23279140_15_patch_25.png,0.1216888427734375
train,23279140_15.png,26,data/processed/train/images/23279140_15_patch_26.png,data/processed/train/masks/23279140_15_patch_26.png,0.05413818359375
train,23279140_15.png,27,data/processed/train/images/23279140_15_patch_27.png,data/processed/train/masks/23279140_15_patch_27.png,0.139678955078125
train,23279140_15.png,28,data/processed/train/images/23279140_15_patch_28.png,data/processed/train/masks/23279140_15_patch_28.png,0.053680419921875
train,23279140_15.png,29,data/processed/train/images/23279140_15_patch_29.png,data/processed/train/masks/23279140_15_patch_29.png,0.0414581298828125
train,23279140_15.png,30,data/processed/train/images/23279140_15_patch_30.png,data/processed/train/masks/23279140_15_patch_30.png,0.092926025390625
train,23279140_15.png,31,data/processed/train/images/23279140_15_patch_31.png,data/processed/train/masks/23279140_15_patch_31.png,0.06781005859375
train,23279140_15.png,32,data/processed/train/images/23279140_15_patch_32.png,data/processed/train/masks/23279140_15_patch_32.png,0.0827178955078125
train,23279140_15.png,33,data/processed/train/images/23279140_15_patch_33.png,data/processed/train/masks/23279140_15_patch_33.png,0.102203369140625
train,23279140_15.png,34,data/processed/train/images/23279140_15_patch_34.png,data/processed/train/masks/23279140_15_patch_34.png,0.08599853515625
train,23279140_15.png,35,data/processed/train/images/23279140_15_patch_35.png,data/processed/train/masks/23279140_15_patch_35.png,0.072174072265625
train,23279155_15.png,0,data/processed/train/images/23279155_15_patch_00.png,data/processed/train/masks/23279155_15_patch_00.png,0.0933685302734375
train,23279155_15.png,1,data/processed/train/images/23279155_15_patch_01.png,data/processed/train/masks/23279155_15_patch_01.png,0.09149169921875
train,23279155_15.png,2,data/processed/train/images/23279155_15_patch_02.png,data/processed/train/masks/23279155_15_patch_02.png,0.2973480224609375
train,23279155_15.png,3,data/processed/train/images/23279155_15_patch_03.png,data/processed/train/masks/23279155_15_patch_03.png,0.1036224365234375
train,23279155_15.png,4,data/processed/train/images/23279155_15_patch_04.png,data/processed/train/masks/23279155_15_patch_04.png,0.105255126953125
train,23279155_15.png,5,data/processed/train/images/23279155_15_patch_05.png,data/processed/train/masks/23279155_15_patch_05.png,0.0801239013671875
train,23279155_15.png,6,data/processed/train/images/23279155_15_patch_06.png,data/processed/train/masks/23279155_15_patch_06.png,0.1619873046875
train,23279155_15.png,7,data/processed/train/images/23279155_15_patch_07.png,data/processed/train/masks/23279155_15_patch_07.png,0.0981903076171875
train,23279155_15.png,8,data/processed/train/images/23279155_15_patch_08.png,data/processed/train/masks/23279155_15_patch_08.png,0.1221466064453125
train,23279155_15.png,9,data/processed/train/images/23279155_15_patch_09.png,data/processed/train/masks/23279155_15_patch_09.png,0.16802978515625
train,23279155_15.png,10,data/processed/train/images/23279155_15_patch_10.png,data/processed/train/masks/23279155_15_patch_10.png,0.05657958984375
train,23279155_15.png,11,data/processed/train/images/23279155_15_patch_11.png,data/processed/train/masks/23279155_15_patch_11.png,0.072021484375
train,23279155_15.png,12,data/processed/train/images/23279155_15_patch_12.png,data/processed/train/masks/23279155_15_patch_12.png,0.1271209716796875
train,23279155_15.png,13,data/processed/train/images/23279155_15_patch_13.png,data/processed/train/masks/23279155_15_patch_13.png,0.122039794921875
train,23279155_15.png,14,data/processed/train/images/23279155_15_patch_14.png,data/processed/train/masks/23279155_15_patch_14.png,0.1063385009765625
train,23279155_15.png,15,data/processed/train/images/23279155_15_patch_15.png,data/processed/train/masks/23279155_15_patch_15.png,0.1306304931640625
train,23279155_15.png,16,data/processed/train/images/23279155_15_patch_16.png,data/processed/train/masks/23279155_15_patch_16.png,0.1068878173828125
train,23279155_15.png,17,data/processed/train/images/23279155_15_patch_17.png,data/processed/train/masks/23279155_15_patch_17.png,0.078521728515625
train,23279155_15.png,18,data/processed/train/images/23279155_15_patch_18.png,data/processed/train/masks/23279155_15_patch_18.png,0.1250457763671875
train,23279155_15.png,19,data/processed/train/images/23279155_15_patch_19.png,data/processed/train/masks/23279155_15_patch_19.png,0.11029052734375
train,23279155_15.png,20,data/processed/train/images/23279155_15_patch_20.png,data/processed/train/masks/23279155_15_patch_20.png,0.1064300537109375
train,23279155_15.png,21,data/processed/train/images/23279155_15_patch_21.png,data/processed/train/masks/23279155_15_patch_21.png,0.1600341796875
train,23279155_15.png,22,data/processed/train/images/23279155_15_patch_22.png,data/processed/train/masks/23279155_15_patch_22.png,0.0946044921875
train,23279155_15.png,23,data/processed/train/images/23279155_15_patch_23.png,data/processed/train/masks/23279155_15_patch_23.png,0.0818328857421875
train,23279155_15.png,24,data/processed/train/images/23279155_15_patch_24.png,data/processed/train/masks/23279155_15_patch_24.png,0.0223541259765625
train,23279155_15.png,25,data/processed/train/images/23279155_15_patch_25.png,data/processed/train/masks/23279155_15_patch_25.png,0.080535888671875
train,23279155_15.png,26,data/processed/train/images/23279155_15_patch_26.png,data/processed/train/masks/23279155_15_patch_26.png,0.1121368408203125
train,23279155_15.png,27,data/processed/train/images/23279155_15_patch_27.png,data/processed/train/masks/23279155_15_patch_27.png,0.181915283203125
train,23279155_15.png,28,data/processed/train/images/23279155_15_patch_28.png,data/processed/train/masks/23279155_15_patch_28.png,0.1856231689453125
train,23279155_15.png,29,data/processed/train/images/23279155_15_patch_29.png,data/processed/train/masks/23279155_15_patch_29.png,0.0775146484375
train,23279155_15.png,30,data/processed/train/images/23279155_15_patch_30.png,data/processed/train/masks/23279155_15_patch_30.png,0.014862060546875
train,23279155_15.png,31,data/processed/train/images/23279155_15_patch_31.png,data/processed/train/masks/23279155_15_patch_31.png,0.052032470703125
train,23279155_15.png,32,data/processed/train/images/23279155_15_patch_32.png,data/processed/train/masks/23279155_15_patch_32.png,0.09747314453125
train,23279155_15.png,33,data/processed/train/images/23279155_15_patch_33.png,data/processed/train/masks/23279155_15_patch_33.png,0.156982421875
train,23279155_15.png,34,data/processed/train/images/23279155_15_patch_34.png,data/processed/train/masks/23279155_15_patch_34.png,0.1015777587890625
train,23279155_15.png,35,data/processed/train/images/23279155_15_patch_35.png,data/processed/train/masks/23279155_15_patch_35.png,0.0707550048828125
train,23279170_15.png,0,data/processed/train/images/23279170_15_patch_00.png,data/processed/train/masks/23279170_15_patch_00.png,0.114776611328125
train,23279170_15.png,1,data/processed/train/images/23279170_15_patch_01.png,data/processed/train/masks/23279170_15_patch_01.png,0.0834503173828125
train,23279170_15.png,2,data/processed/train/images/23279170_15_patch_02.png,data/processed/train/masks/23279170_15_patch_02.png,0.0814666748046875
train,23279170_15.png,3,data/processed/train/images/23279170_15_patch_03.png,data/processed/train/masks/23279170_15_patch_03.png,0.0686798095703125
train,23279170_15.png,4,data/processed/train/images/23279170_15_patch_04.png,data/processed/train/masks/23279170_15_patch_04.png,0.0725555419921875
train,23279170_15.png,5,data/processed/train/images/23279170_15_patch_05.png,data/processed/train/masks/23279170_15_patch_05.png,0.04010009765625
train,23279170_15.png,6,data/processed/train/images/23279170_15_patch_06.png,data/processed/train/masks/23279170_15_patch_06.png,0.0988311767578125
train,23279170_15.png,7,data/processed/train/images/23279170_15_patch_07.png,data/processed/train/masks/23279170_15_patch_07.png,0.0796356201171875
train,23279170_15.png,8,data/processed/train/images/23279170_15_patch_08.png,data/processed/train/masks/23279170_15_patch_08.png,0.1069793701171875
train,23279170_15.png,9,data/processed/train/images/23279170_15_patch_09.png,data/processed/train/masks/23279170_15_patch_09.png,0.0944366455078125
train,23279170_15.png,10,data/processed/train/images/23279170_15_patch_10.png,data/processed/train/masks/23279170_15_patch_10.png,0.069305419921875
train,23279170_15.png,11,data/processed/train/images/23279170_15_patch_11.png,data/processed/train/masks/23279170_15_patch_11.png,0.0428619384765625
train,23279170_15.png,12,data/processed/train/images/23279170_15_patch_12.png,data/processed/train/masks/23279170_15_patch_12.png,0.0765228271484375
train,23279170_15.png,13,data/processed/train/images/23279170_15_patch_13.png,data/processed/train/masks/23279170_15_patch_13.png,0.1267547607421875
train,23279170_15.png,14,data/processed/train/images/23279170_15_patch_14.png,data/processed/train/masks/23279170_15_patch_14.png,0.00762939453125
train,23279170_15.png,15,data/processed/train/images/23279170_15_patch_15.png,data/processed/train/masks/23279170_15_patch_15.png,0.0629119873046875
train,23279170_15.png,16,data/processed/train/images/23279170_15_patch_16.png,data/processed/train/masks/23279170_15_patch_16.png,0.0438995361328125
train,23279170_15.png,17,data/processed/train/images/23279170_15_patch_17.png,data/processed/train/masks/23279170_15_patch_17.png,0.089324951171875
train,23279170_15.png,18,data/processed/train/images/23279170_15_patch_18.png,data/processed/train/masks/23279170_15_patch_18.png,0.03253173828125
train,23279170_15.png,19,data/processed/train/images/23279170_15_patch_19.png,data/processed/train/masks/23279170_15_patch_19.png,0.0262603759765625
train,23279170_15.png,20,data/processed/train/images/23279170_15_patch_20.png,data/processed/train/masks/23279170_15_patch_20.png,0.0402069091796875
train,23279170_15.png,21,data/processed/train/images/23279170_15_patch_21.png,data/processed/train/masks/23279170_15_patch_21.png,0.0566253662109375
train,23279170_15.png,22,data/processed/train/images/23279170_15_patch_22.png,data/processed/train/masks/23279170_15_patch_22.png,0.03131103515625
train,23279170_15.png,23,data/processed/train/images/23279170_15_patch_23.png,data/processed/train/masks/23279170_15_patch_23.png,0.0599365234375
train,23279170_15.png,24,data/processed/train/images/23279170_15_patch_24.png,data/processed/train/masks/23279170_15_patch_24.png,0.094512939453125
train,23279170_15.png,25,data/processed/train/images/23279170_15_patch_25.png,data/processed/train/masks/23279170_15_patch_25.png,0.11016845703125
train,23279170_15.png,26,data/processed/train/images/23279170_15_patch_26.png,data/processed/train/masks/23279170_15_patch_26.png,0.096588134765625
train,23279170_15.png,27,data/processed/train/images/23279170_15_patch_27.png,data/processed/train/masks/23279170_15_patch_27.png,0.124176025390625
train,23279170_15.png,28,data/processed/train/images/23279170_15_patch_28.png,data/processed/train/masks/23279170_15_patch_28.png,0.0
train,23279170_15.png,29,data/processed/train/images/23279170_15_patch_29.png,data/processed/train/masks/23279170_15_patch_29.png,0.060943603515625
train,23279170_15.png,30,data/processed/train/images/23279170_15_patch_30.png,data/processed/train/masks/23279170_15_patch_30.png,0.0554046630859375
train,23279170_15.png,31,data/processed/train/images/23279170_15_patch_31.png,data/processed/train/masks/23279170_15_patch_31.png,0.0903472900390625
train,23279170_15.png,32,data/processed/train/images/23279170_15_patch_32.png,data/processed/train/masks/23279170_15_patch_32.png,0.1289215087890625
train,23279170_15.png,33,data/processed/train/images/23279170_15_patch_33.png,data/processed/train/masks/23279170_15_patch_33.png,0.1089324951171875
train,23279170_15.png,34,data/processed/train/images/23279170_15_patch_34.png,data/processed/train/masks/23279170_15_patch_34.png,0.000457763671875
train,23279170_15.png,35,data/processed/train/images/23279170_15_patch_35.png,data/processed/train/masks/23279170_15_patch_35.png,0.0401458740234375
train,23428900_15.png,0,data/processed/train/images/23428900_15_patch_00.png,data/processed/train/masks/23428900_15_patch_00.png,0.162872314453125
train,23428900_15.png,1,data/processed/train/images/23428900_15_patch_01.png,data/processed/train/masks/23428900_15_patch_01.png,0.100860595703125
train,23428900_15.png,2,data/processed/train/images/23428900_15_patch_02.png,data/processed/train/masks/23428900_15_patch_02.png,0.0982818603515625
train,23428900_15.png,3,data/processed/train/images/23428900_15_patch_03.png,data/processed/train/masks/23428900_15_patch_03.png,0.10565185546875
train,23428900_15.png,4,data/processed/train/images/23428900_15_patch_04.png,data/processed/train/masks/23428900_15_patch_04.png,0.096099853515625
train,23428900_15.png,5,data/processed/train/images/23428900_15_patch_05.png,data/processed/train/masks/23428900_15_patch_05.png,0.05523681640625
train,23428900_15.png,6,data/processed/train/images/23428900_15_patch_06.png,data/processed/train/masks/23428900_15_patch_06.png,0.1439361572265625
train,23428900_15.png,7,data/processed/train/images/23428900_15_patch_07.png,data/processed/train/masks/23428900_15_patch_07.png,0.1737823486328125
train,23428900_15.png,8,data/processed/train/images/23428900_15_patch_08.png,data/processed/train/masks/23428900_15_patch_08.png,0.09735107421875
train,23428900_15.png,9,data/processed/train/images/23428900_15_patch_09.png,data/processed/train/masks/23428900_15_patch_09.png,0.07366943359375
train,23428900_15.png,10,data/processed/train/images/23428900_15_patch_10.png,data/processed/train/masks/23428900_15_patch_10.png,0.0554351806640625
train,23428900_15.png,11,data/processed/train/images/23428900_15_patch_11.png,data/processed/train/masks/23428900_15_patch_11.png,0.02581787109375
train,23428900_15.png,12,data/processed/train/images/23428900_15_patch_12.png,data/processed/train/masks/23428900_15_patch_12.png,0.17523193359375
train,23428900_15.png,13,data/processed/train/images/23428900_15_patch_13.png,data/processed/train/masks/23428900_15_patch_13.png,0.1338958740234375
train,23428900_15.png,14,data/processed/train/images/23428900_15_patch_14.png,data/processed/train/masks/23428900_15_patch_14.png,0.0639190673828125
train,23428900_15.png,15,data/processed/train/images/23428900_15_patch_15.png,data/processed/train/masks/23428900_15_patch_15.png,0.1314697265625
train,23428900_15.png,16,data/processed/train/images/23428900_15_patch_16.png,data/processed/train/masks/23428900_15_patch_16.png,0.070068359375
train,23428900_15.png,17,data/processed/train/images/23428900_15_patch_17.png,data/processed/train/masks/23428900_15_patch_17.png,0.0
train,23428900_15.png,18,data/processed/train/images/23428900_15_patch_18.png,data/processed/train/masks/23428900_15_patch_18.png,0.1481781005859375
train,23428900_15.png,19,data/processed/train/images/23428900_15_patch_19.png,data/processed/train/masks/23428900_15_patch_19.png,0.1477813720703125
train,23428900_15.png,20,data/processed/train/images/23428900_15_patch_20.png,data/processed/train/masks/23428900_15_patch_20.png,0.1020050048828125
train,23428900_15.png,21,data/processed/train/images/23428900_15_patch_21.png,data/processed/train/masks/23428900_15_patch_21.png,0.1837310791015625
train,23428900_15.png,22,data/processed/train/images/23428900_15_patch_22.png,data/processed/train/masks/23428900_15_patch_22.png,0.0890655517578125
train,23428900_15.png,23,data/processed/train/images/23428900_15_patch_23.png,data/processed/train/masks/23428900_15_patch_23.png,0.09088134765625
train,23428900_15.png,24,data/processed/train/images/23428900_15_patch_24.png,data/processed/train/masks/23428900_15_patch_24.png,0.143798828125
train,23428900_15.png,25,data/processed/train/images/23428900_15_patch_25.png,data/processed/train/masks/23428900_15_patch_25.png,0.1396636962890625
train,23428900_15.png,26,data/processed/train/images/23428900_15_patch_26.png,data/processed/train/masks/23428900_15_patch_26.png,0.0757293701171875
train,23428900_15.png,27,data/processed/train/images/23428900_15_patch_27.png,data/processed/train/masks/23428900_15_patch_27.png,0.1202545166015625
train,23428900_15.png,28,data/processed/train/images/23428900_15_patch_28.png,data/processed/train/masks/23428900_15_patch_28.png,0.1460113525390625
train,23428900_15.png,29,data/processed/train/images/23428900_15_patch_29.png,data/processed/train/masks/23428900_15_patch_29.png,0.1038360595703125
train,23428900_15.png,30,data/processed/train/images/23428900_15_patch_30.png,data/processed/train/masks/23428900_15_patch_30.png,0.088043212890625
train,23428900_15.png,31,data/processed/train/images/23428900_15_patch_31.png,data/processed/train/masks/23428900_15_patch_31.png,0.0366058349609375
train,23428900_15.png,32,data/processed/train/images/23428900_15_patch_32.png,data/processed/train/masks/23428900_15_patch_32.png,0.09014892578125
train,23428900_15.png,33,data/processed/train/images/23428900_15_patch_33.png,data/processed/train/masks/23428900_15_patch_33.png,0.0880584716796875
train,23428900_15.png,34,data/processed/train/images/23428900_15_patch_34.png,data/processed/train/masks/23428900_15_patch_34.png,0.0772247314453125
train,23428900_15.png,35,data/processed/train/images/23428900_15_patch_35.png,data/processed/train/masks/23428900_15_patch_35.png,0.0389862060546875
train,23428915_15.png,0,data/processed/train/images/23428915_15_patch_00.png,data/processed/train/masks/23428915_15_patch_00.png,0.21929931640625
train,23428915_15.png,1,data/processed/train/images/23428915_15_patch_01.png,data/processed/train/masks/23428915_15_patch_01.png,0.144561767578125
train,23428915_15.png,2,data/processed/train/images/23428915_15_patch_02.png,data/processed/train/masks/23428915_15_patch_02.png,0.250701904296875
train,23428915_15.png,3,data/processed/train/images/23428915_15_patch_03.png,data/processed/train/masks/23428915_15_patch_03.png,0.1946868896484375
train,23428915_15.png,4,data/processed/train/images/23428915_15_patch_04.png,data/processed/train/masks/23428915_15_patch_04.png,0.155548095703125
train,23428915_15.png,5,data/processed/train/images/23428915_15_patch_05.png,data/processed/train/masks/23428915_15_patch_05.png,0.1766357421875
train,23428915_15.png,6,data/processed/train/images/23428915_15_patch_06.png,data/processed/train/masks/23428915_15_patch_06.png,0.2205963134765625
train,23428915_15.png,7,data/processed/train/images/23428915_15_patch_07.png,data/processed/train/masks/23428915_15_patch_07.png,0.0998077392578125
train,23428915_15.png,8,data/processed/train/images/23428915_15_patch_08.png,data/processed/train/masks/23428915_15_patch_08.png,0.158599853515625
train,23428915_15.png,9,data/processed/train/images/23428915_15_patch_09.png,data/processed/train/masks/23428915_15_patch_09.png,0.0850830078125
train,23428915_15.png,10,data/processed/train/images/23428915_15_patch_10.png,data/processed/train/masks/23428915_15_patch_10.png,0.1284942626953125
train,23428915_15.png,11,data/processed/train/images/23428915_15_patch_11.png,data/processed/train/masks/23428915_15_patch_11.png,0.1175994873046875
train,23428915_15.png,12,data/processed/train/images/23428915_15_patch_12.png,data/processed/train/masks/23428915_15_patch_12.png,0.15374755859375
train,23428915_15.png,13,data/processed/train/images/23428915_15_patch_13.png,data/processed/train/masks/23428915_15_patch_13.png,0.17523193359375
train,23428915_15.png,14,data/processed/train/images/23428915_15_patch_14.png,data/processed/train/masks/23428915_15_patch_14.png,0.0773773193359375
train,23428915_15.png,15,data/processed/train/images/23428915_15_patch_15.png,data/processed/train/masks/23428915_15_patch_15.png,0.136383056640625
train,23428915_15.png,16,data/processed/train/images/23428915_15_patch_16.png,data/processed/train/masks/23428915_15_patch_16.png,0.122772216796875
train,23428915_15.png,17,data/processed/train/images/23428915_15_patch_17.png,data/processed/train/masks/23428915_15_patch_17.png,0.128509521484375
train,23428915_15.png,18,data/processed/train/images/23428915_15_patch_18.png,data/processed/train/masks/23428915_15_patch_18.png,0.160919189453125
train,23428915_15.png,19,data/processed/train/images/23428915_15_patch_19.png,data/processed/train/masks/23428915_15_patch_19.png,0.1276702880859375
train,23428915_15.png,20,data/processed/train/images/23428915_15_patch_20.png,data/processed/train/masks/23428915_15_patch_20.png,0.11602783203125
train,23428915_15.png,21,data/processed/train/images/23428915_15_patch_21.png,data/processed/train/masks/23428915_15_patch_21.png,0.090545654296875
train,23428915_15.png,22,data/processed/train/images/23428915_15_patch_22.png,data/processed/train/masks/23428915_15_patch_22.png,0.124969482421875
train,23428915_15.png,23,data/processed/train/images/23428915_15_patch_23.png,data/processed/train/masks/23428915_15_patch_23.png,0.1562957763671875
train,23428915_15.png,24,data/processed/train/images/23428915_15_patch_24.png,data/processed/train/masks/23428915_15_patch_24.png,0.205352783203125
train,23428915_15.png,25,data/processed/train/images/23428915_15_patch_25.png,data/processed/train/masks/23428915_15_patch_25.png,0.0745697021484375
train,23428915_15.png,26,data/processed/train/images/23428915_15_patch_26.png,data/processed/train/masks/23428915_15_patch_26.png,0.022216796875
train,23428915_15.png,27,data/processed/train/images/23428915_15_patch_27.png,data/processed/train/masks/23428915_15_patch_27.png,0.075164794921875
train,23428915_15.png,28,data/processed/train/images/23428915_15_patch_28.png,data/processed/train/masks/23428915_15_patch_28.png,0.0495452880859375
train,23428915_15.png,29,data/processed/train/images/23428915_15_patch_29.png,data/processed/train/masks/23428915_15_patch_29.png,0.0408172607421875
train,23428915_15.png,30,data/processed/train/images/23428915_15_patch_30.png,data/processed/train/masks/23428915_15_patch_30.png,0.113922119140625
train,23428915_15.png,31,data/processed/train/images/23428915_15_patch_31.png,data/processed/train/masks/23428915_15_patch_31.png,0.0512847900390625
train,23428915_15.png,32,data/processed/train/images/23428915_15_patch_32.png,data/processed/train/masks/23428915_15_patch_32.png,0.0439910888671875
train,23428915_15.png,33,data/processed/train/images/23428915_15_patch_33.png,data/processed/train/masks/23428915_15_patch_33.png,0.08197021484375
train,23428915_15.png,34,data/processed/train/images/23428915_15_patch_34.png,data/processed/train/masks/23428915_15_patch_34.png,0.1244354248046875
train,23428915_15.png,35,data/processed/train/images/23428915_15_patch_35.png,data/processed/train/masks/23428915_15_patch_35.png,0.07708740234375
train,23428930_15.png,0,data/processed/train/images/23428930_15_patch_00.png,data/processed/train/masks/23428930_15_patch_00.png,0.060028076171875
train,23428930_15.png,1,data/processed/train/images/23428930_15_patch_01.png,data/processed/train/masks/23428930_15_patch_01.png,0.1481781005859375
train,23428930_15.png,2,data/processed/train/images/23428930_15_patch_02.png,data/processed/train/masks/23428930_15_patch_02.png,0.0268707275390625
train,23428930_15.png,3,data/processed/train/images/23428930_15_patch_03.png,data/processed/train/masks/23428930_15_patch_03.png,0.018463134765625
train,23428930_15.png,4,data/processed/train/images/23428930_15_patch_04.png,data/processed/train/masks/23428930_15_patch_04.png,0.238311767578125
train,23428930_15.png,5,data/processed/train/images/23428930_15_patch_05.png,data/processed/train/masks/23428930_15_patch_05.png,0.1663970947265625
train,23428930_15.png,6,data/processed/train/images/23428930_15_patch_06.png,data/processed/train/masks/23428930_15_patch_06.png,0.0297393798828125
train,23428930_15.png,7,data/processed/train/images/23428930_15_patch_07.png,data/processed/train/masks/23428930_15_patch_07.png,0.2345123291015625
train,23428930_15.png,8,data/processed/train/images/23428930_15_patch_08.png,data/processed/train/masks/23428930_15_patch_08.png,0.1389617919921875
train,23428930_15.png,9,data/processed/train/images/23428930_15_patch_09.png,data/processed/train/masks/23428930_15_patch_09.png,0.1376953125
train,23428930_15.png,10,data/processed/train/images/23428930_15_patch_10.png,data/processed/train/masks/23428930_15_patch_10.png,0.01922607421875
train,23428930_15.png,11,data/processed/train/images/23428930_15_patch_11.png,data/processed/train/masks/23428930_15_patch_11.png,0.1212921142578125
train,23428930_15.png,12,data/processed/train/images/23428930_15_patch_12.png,data/processed/train/masks/23428930_15_patch_12.png,0.1548614501953125
train,23428930_15.png,13,data/processed/train/images/23428930_15_patch_13.png,data/processed/train/masks/23428930_15_patch_13.png,0.1794891357421875
train,23428930_15.png,14,data/processed/train/images/23428930_15_patch_14.png,data/processed/train/masks/23428930_15_patch_14.png,0.2345733642578125
train,23428930_15.png,15,data/processed/train/images/23428930_15_patch_15.png,data/processed/train/masks/23428930_15_patch_15.png,0.150054931640625
train,23428930_15.png,16,data/processed/train/images/23428930_15_patch_16.png,data/processed/train/masks/23428930_15_patch_16.png,0.145172119140625
train,23428930_15.png,17,data/processed/train/images/23428930_15_patch_17.png,data/processed/train/masks/23428930_15_patch_17.png,0.1750946044921875
train,23428930_15.png,18,data/processed/train/images/23428930_15_patch_18.png,data/processed/train/masks/23428930_15_patch_18.png,0.2490081787109375
train,23428930_15.png,19,data/processed/train/images/23428930_15_patch_19.png,data/processed/train/masks/23428930_15_patch_19.png,0.24298095703125
train,23428930_15.png,20,data/processed/train/images/23428930_15_patch_20.png,data/processed/train/masks/23428930_15_patch_20.png,0.1900177001953125
train,23428930_15.png,21,data/processed/train/images/23428930_15_patch_21.png,data/processed/train/masks/23428930_15_patch_21.png,0.1175994873046875
train,23428930_15.png,22,data/processed/train/images/23428930_15_patch_22.png,data/processed/train/masks/23428930_15_patch_22.png,0.2017059326171875
train,23428930_15.png,23,data/processed/train/images/23428930_15_patch_23.png,data/processed/train/masks/23428930_15_patch_23.png,0.222137451171875
train,23428930_15.png,24,data/processed/train/images/23428930_15_patch_24.png,data/processed/train/masks/23428930_15_patch_24.png,0.1880950927734375
train,23428930_15.png,25,data/processed/train/images/23428930_15_patch_25.png,data/processed/train/masks/23428930_15_patch_25.png,0.2087554931640625
train,23428930_15.png,26,data/processed/train/images/23428930_15_patch_26.png,data/processed/train/masks/23428930_15_patch_26.png,0.2276458740234375
train,23428930_15.png,27,data/processed/train/images/23428930_15_patch_27.png,data/processed/train/masks/23428930_15_patch_27.png,0.1821136474609375
train,23428930_15.png,28,data/processed/train/images/23428930_15_patch_28.png,data/processed/train/masks/23428930_15_patch_28.png,0.18121337890625
train,23428930_15.png,29,data/processed/train/images/23428930_15_patch_29.png,data/processed/train/masks/23428930_15_patch_29.png,0.1659088134765625
train,23428930_15.png,30,data/processed/train/images/23428930_15_patch_30.png,data/processed/train/masks/23428930_15_patch_30.png,0.1551055908203125
train,23428930_15.png,31,data/processed/train/images/23428930_15_patch_31.png,data/processed/train/masks/23428930_15_patch_31.png,0.2279052734375
train,23428930_15.png,32,data/processed/train/images/23428930_15_patch_32.png,data/processed/train/masks/23428930_15_patch_32.png,0.1372528076171875
train,23428930_15.png,33,data/processed/train/images/23428930_15_patch_33.png,data/processed/train/masks/23428930_15_patch_33.png,0.1753387451171875
train,23428930_15.png,34,data/processed/train/images/23428930_15_patch_34.png,data/processed/train/masks/23428930_15_patch_34.png,0.174468994140625
train,23428930_15.png,35,data/processed/train/images/23428930_15_patch_35.png,data/processed/train/masks/23428930_15_patch_35.png,0.135711669921875
train,23428945_15.png,0,data/processed/train/images/23428945_15_patch_00.png,data/processed/train/masks/23428945_15_patch_00.png,0.0629119873046875
train,23428945_15.png,1,data/processed/train/images/23428945_15_patch_01.png,data/processed/train/masks/23428945_15_patch_01.png,0.08392333984375
train,23428945_15.png,2,data/processed/train/images/23428945_15_patch_02.png,data/processed/train/masks/23428945_15_patch_02.png,0.161407470703125
train,23428945_15.png,3,data/processed/train/images/23428945_15_patch_03.png,data/processed/train/masks/23428945_15_patch_03.png,0.296478271484375
train,23428945_15.png,4,data/processed/train/images/23428945_15_patch_04.png,data/processed/train/masks/23428945_15_patch_04.png,0.263031005859375
train,23428945_15.png,5,data/processed/train/images/23428945_15_patch_05.png,data/processed/train/masks/23428945_15_patch_05.png,0.1256866455078125
train,23428945_15.png,6,data/processed/train/images/23428945_15_patch_06.png,data/processed/train/masks/23428945_15_patch_06.png,0.0
train,23428945_15.png,7,data/processed/train/images/23428945_15_patch_07.png,data/processed/train/masks/23428945_15_patch_07.png,0.0427398681640625
train,23428945_15.png,8,data/processed/train/images/23428945_15_patch_08.png,data/processed/train/masks/23428945_15_patch_08.png,0.066925048828125
train,23428945_15.png,9,data/processed/train/images/23428945_15_patch_09.png,data/processed/train/masks/23428945_15_patch_09.png,0.2447509765625
train,23428945_15.png,10,data/processed/train/images/23428945_15_patch_10.png,data/processed/train/masks/23428945_15_patch_10.png,0.2651214599609375
train,23428945_15.png,11,data/processed/train/images/23428945_15_patch_11.png,data/processed/train/masks/23428945_15_patch_11.png,0.0939483642578125
train,23428945_15.png,12,data/processed/train/images/23428945_15_patch_12.png,data/processed/train/masks/23428945_15_patch_12.png,0.0
train,23428945_15.png,13,data/processed/train/images/23428945_15_patch_13.png,data/processed/train/masks/23428945_15_patch_13.png,0.0245819091796875
train,23428945_15.png,14,data/processed/train/images/23428945_15_patch_14.png,data/processed/train/masks/23428945_15_patch_14.png,0.0757293701171875
train,23428945_15.png,15,data/processed/train/images/23428945_15_patch_15.png,data/processed/train/masks/23428945_15_patch_15.png,0.210723876953125
train,23428945_15.png,16,data/processed/train/images/23428945_15_patch_16.png,data/processed/train/masks/23428945_15_patch_16.png,0.187164306640625
train,23428945_15.png,17,data/processed/train/images/23428945_15_patch_17.png,data/processed/train/masks/23428945_15_patch_17.png,0.113006591796875
train,23428945_15.png,18,data/processed/train/images/23428945_15_patch_18.png,data/processed/train/masks/23428945_15_patch_18.png,0.0
train,23428945_15.png,19,data/processed/train/images/23428945_15_patch_19.png,data/processed/train/masks/23428945_15_patch_19.png,0.0
train,23428945_15.png,20,data/processed/train/images/23428945_15_patch_20.png,data/processed/train/masks/23428945_15_patch_20.png,0.1746673583984375
train,23428945_15.png,21,data/processed/train/images/23428945_15_patch_21.png,data/processed/train/masks/23428945_15_patch_21.png,0.2274322509765625
train,23428945_15.png,22,data/processed/train/images/23428945_15_patch_22.png,data/processed/train/masks/23428945_15_patch_22.png,0.218353271484375
train,23428945_15.png,23,data/processed/train/images/23428945_15_patch_23.png,data/processed/train/masks/23428945_15_patch_23.png,0.184783935546875
train,23428945_15.png,24,data/processed/train/images/23428945_15_patch_24.png,data/processed/train/masks/23428945_15_patch_24.png,0.043060302734375
train,23428945_15.png,25,data/processed/train/images/23428945_15_patch_25.png,data/processed/train/masks/23428945_15_patch_25.png,0.1465301513671875
train,23428945_15.png,26,data/processed/train/images/23428945_15_patch_26.png,data/processed/train/masks/23428945_15_patch_26.png,0.15447998046875
train,23428945_15.png,27,data/processed/train/images/23428945_15_patch_27.png,data/processed/train/masks/23428945_15_patch_27.png,0.157073974609375
train,23428945_15.png,28,data/processed/train/images/23428945_15_patch_28.png,data/processed/train/masks/23428945_15_patch_28.png,0.19366455078125
train,23428945_15.png,29,data/processed/train/images/23428945_15_patch_29.png,data/processed/train/masks/23428945_15_patch_29.png,0.1558074951171875
train,23428945_15.png,30,data/processed/train/images/23428945_15_patch_30.png,data/processed/train/masks/23428945_15_patch_30.png,0.06982421875
train,23428945_15.png,31,data/processed/train/images/23428945_15_patch_31.png,data/processed/train/masks/23428945_15_patch_31.png,0.155792236328125
train,23428945_15.png,32,data/processed/train/images/23428945_15_patch_32.png,data/processed/train/masks/23428945_15_patch_32.png,0.17010498046875
train,23428945_15.png,33,data/processed/train/images/23428945_15_patch_33.png,data/processed/train/masks/23428945_15_patch_33.png,0.1594085693359375
train,23428945_15.png,34,data/processed/train/images/23428945_15_patch_34.png,data/processed/train/masks/23428945_15_patch_34.png,0.153564453125
train,23428945_15.png,35,data/processed/train/images/23428945_15_patch_35.png,data/processed/train/masks/23428945_15_patch_35.png,0.1639251708984375
train,23428960_15.png,0,data/processed/train/images/23428960_15_patch_00.png,data/processed/train/masks/23428960_15_patch_00.png,0.1548004150390625
train,23428960_15.png,1,data/processed/train/images/23428960_15_patch_01.png,data/processed/train/masks/23428960_15_patch_01.png,0.150543212890625
train,23428960_15.png,2,data/processed/train/images/23428960_15_patch_02.png,data/processed/train/masks/23428960_15_patch_02.png,0.1855926513671875
train,23428960_15.png,3,data/processed/train/images/23428960_15_patch_03.png,data/processed/train/masks/23428960_15_patch_03.png,0.23773193359375
train,23428960_15.png,4,data/processed/train/images/23428960_15_patch_04.png,data/processed/train/masks/23428960_15_patch_04.png,0.2497100830078125
train,23428960_15.png,5,data/processed/train/images/23428960_15_patch_05.png,data/processed/train/masks/23428960_15_patch_05.png,0.1407012939453125
train,23428960_15.png,6,data/processed/train/images/23428960_15_patch_06.png,data/processed/train/masks/23428960_15_patch_06.png,0.1678466796875
train,23428960_15.png,7,data/processed/train/images/23428960_15_patch_07.png,data/processed/train/masks/23428960_15_patch_07.png,0.255859375
train,23428960_15.png,8,data/processed/train/images/23428960_15_patch_08.png,data/processed/train/masks/23428960_15_patch_08.png,0.2109527587890625
train,23428960_15.png,9,data/processed/train/images/23428960_15_patch_09.png,data/processed/train/masks/23428960_15_patch_09.png,0.2078857421875
train,23428960_15.png,10,data/processed/train/images/23428960_15_patch_10.png,data/processed/train/masks/23428960_15_patch_10.png,0.1517181396484375
train,23428960_15.png,11,data/processed/train/images/23428960_15_patch_11.png,data/processed/train/masks/23428960_15_patch_11.png,0.10711669921875
train,23428960_15.png,12,data/processed/train/images/23428960_15_patch_12.png,data/processed/train/masks/23428960_15_patch_12.png,0.1901702880859375
train,23428960_15.png,13,data/processed/train/images/23428960_15_patch_13.png,data/processed/train/masks/23428960_15_patch_13.png,0.203094482421875
train,23428960_15.png,14,data/processed/train/images/23428960_15_patch_14.png,data/processed/train/masks/23428960_15_patch_14.png,0.2469635009765625
train,23428960_15.png,15,data/processed/train/images/23428960_15_patch_15.png,data/processed/train/masks/23428960_15_patch_15.png,0.195770263671875
train,23428960_15.png,16,data/processed/train/images/23428960_15_patch_16.png,data/processed/train/masks/23428960_15_patch_16.png,0.151947021484375
train,23428960_15.png,17,data/processed/train/images/23428960_15_patch_17.png,data/processed/train/masks/23428960_15_patch_17.png,0.09771728515625
train,23428960_15.png,18,data/processed/train/images/23428960_15_patch_18.png,data/processed/train/masks/23428960_15_patch_18.png,0.2188720703125
train,23428960_15.png,19,data/processed/train/images/23428960_15_patch_19.png,data/processed/train/masks/23428960_15_patch_19.png,0.2248382568359375
train,23428960_15.png,20,data/processed/train/images/23428960_15_patch_20.png,data/processed/train/masks/23428960_15_patch_20.png,0.176605224609375
train,23428960_15.png,21,data/processed/train/images/23428960_15_patch_21.png,data/processed/train/masks/23428960_15_patch_21.png,0.2356109619140625
train,23428960_15.png,22,data/processed/train/images/23428960_15_patch_22.png,data/processed/train/masks/23428960_15_patch_22.png,0.173187255859375
train,23428960_15.png,23,data/processed/train/images/23428960_15_patch_23.png,data/processed/train/masks/23428960_15_patch_23.png,0.1887664794921875
train,23428960_15.png,24,data/processed/train/images/23428960_15_patch_24.png,data/processed/train/masks/23428960_15_patch_24.png,0.1537933349609375
train,23428960_15.png,25,data/processed/train/images/23428960_15_patch_25.png,data/processed/train/masks/23428960_15_patch_25.png,0.3028106689453125
train,23428960_15.png,26,data/processed/train/images/23428960_15_patch_26.png,data/processed/train/masks/23428960_15_patch_26.png,0.2548065185546875
train,23428960_15.png,27,data/processed/train/images/23428960_15_patch_27.png,data/processed/train/masks/23428960_15_patch_27.png,0.1977081298828125
train,23428960_15.png,28,data/processed/train/images/23428960_15_patch_28.png,data/processed/train/masks/23428960_15_patch_28.png,0.213958740234375
train,23428960_15.png,29,data/processed/train/images/23428960_15_patch_29.png,data/processed/train/masks/23428960_15_patch_29.png,0.1798553466796875
train,23428960_15.png,30,data/processed/train/images/23428960_15_patch_30.png,data/processed/train/masks/23428960_15_patch_30.png,0.000274658203125
train,23428960_15.png,31,data/processed/train/images/23428960_15_patch_31.png,data/processed/train/masks/23428960_15_patch_31.png,0.183990478515625
train,23428960_15.png,32,data/processed/train/images/23428960_15_patch_32.png,data/processed/train/masks/23428960_15_patch_32.png,0.255523681640625
train,23428960_15.png,33,data/processed/train/images/23428960_15_patch_33.png,data/processed/train/masks/23428960_15_patch_33.png,0.2657318115234375
train,23428960_15.png,34,data/processed/train/images/23428960_15_patch_34.png,data/processed/train/masks/23428960_15_patch_34.png,0.16259765625
train,23428960_15.png,35,data/processed/train/images/23428960_15_patch_35.png,data/processed/train/masks/23428960_15_patch_35.png,0.1551971435546875
train,23428975_15.png,0,data/processed/train/images/23428975_15_patch_00.png,data/processed/train/masks/23428975_15_patch_00.png,0.1934051513671875
train,23428975_15.png,1,data/processed/train/images/23428975_15_patch_01.png,data/processed/train/masks/23428975_15_patch_01.png,0.1165618896484375
train,23428975_15.png,2,data/processed/train/images/23428975_15_patch_02.png,data/processed/train/masks/23428975_15_patch_02.png,0.085205078125
train,23428975_15.png,3,data/processed/train/images/23428975_15_patch_03.png,data/processed/train/masks/23428975_15_patch_03.png,0.13629150390625
train,23428975_15.png,4,data/processed/train/images/23428975_15_patch_04.png,data/processed/train/masks/23428975_15_patch_04.png,0.15863037109375
train,23428975_15.png,5,data/processed/train/images/23428975_15_patch_05.png,data/processed/train/masks/23428975_15_patch_05.png,0.3617401123046875
train,23428975_15.png,6,data/processed/train/images/23428975_15_patch_06.png,data/processed/train/masks/23428975_15_patch_06.png,0.25140380859375
train,23428975_15.png,7,data/processed/train/images/23428975_15_patch_07.png,data/processed/train/masks/23428975_15_patch_07.png,0.228363037109375
train,23428975_15.png,8,data/processed/train/images/23428975_15_patch_08.png,data/processed/train/masks/23428975_15_patch_08.png,0.2028045654296875
train,23428975_15.png,9,data/processed/train/images/23428975_15_patch_09.png,data/processed/train/masks/23428975_15_patch_09.png,0.2365264892578125
train,23428975_15.png,10,data/processed/train/images/23428975_15_patch_10.png,data/processed/train/masks/23428975_15_patch_10.png,0.2271728515625
train,23428975_15.png,11,data/processed/train/images/23428975_15_patch_11.png,data/processed/train/masks/23428975_15_patch_11.png,0.1928253173828125
train,23428975_15.png,12,data/processed/train/images/23428975_15_patch_12.png,data/processed/train/masks/23428975_15_patch_12.png,0.178314208984375
train,23428975_15.png,13,data/processed/train/images/23428975_15_patch_13.png,data/processed/train/masks/23428975_15_patch_13.png,0.172149658203125
train,23428975_15.png,14,data/processed/train/images/23428975_15_patch_14.png,data/processed/train/masks/23428975_15_patch_14.png,0.189208984375
train,23428975_15.png,15,data/processed/train/images/23428975_15_patch_15.png,data/processed/train/masks/23428975_15_patch_15.png,0.2723388671875
train,23428975_15.png,16,data/processed/train/images/23428975_15_patch_16.png,data/processed/train/masks/23428975_15_patch_16.png,0.2062225341796875
train,23428975_15.png,17,data/processed/train/images/23428975_15_patch_17.png,data/processed/train/masks/23428975_15_patch_17.png,0.131927490234375
train,23428975_15.png,18,data/processed/train/images/23428975_15_patch_18.png,data/processed/train/masks/23428975_15_patch_18.png,0.15008544921875
train,23428975_15.png,19,data/processed/train/images/23428975_15_patch_19.png,data/processed/train/masks/23428975_15_patch_19.png,0.17852783203125
train,23428975_15.png,20,data/processed/train/images/23428975_15_patch_20.png,data/processed/train/masks/23428975_15_patch_20.png,0.1756591796875
train,23428975_15.png,21,data/processed/train/images/23428975_15_patch_21.png,data/processed/train/masks/23428975_15_patch_21.png,0.2083740234375
train,23428975_15.png,22,data/processed/train/images/23428975_15_patch_22.png,data/processed/train/masks/23428975_15_patch_22.png,0.2069854736328125
train,23428975_15.png,23,data/processed/train/images/23428975_15_patch_23.png,data/processed/train/masks/23428975_15_patch_23.png,0.172576904296875
train,23428975_15.png,24,data/processed/train/images/23428975_15_patch_24.png,data/processed/train/masks/23428975_15_patch_24.png,0.1369171142578125
train,23428975_15.png,25,data/processed/train/images/23428975_15_patch_25.png,data/processed/train/masks/23428975_15_patch_25.png,0.1505126953125
train,23428975_15.png,26,data/processed/train/images/23428975_15_patch_26.png,data/processed/train/masks/23428975_15_patch_26.png,0.15130615234375
train,23428975_15.png,27,data/processed/train/images/23428975_15_patch_27.png,data/processed/train/masks/23428975_15_patch_27.png,0.1517791748046875
train,23428975_15.png,28,data/processed/train/images/23428975_15_patch_28.png,data/processed/train/masks/23428975_15_patch_28.png,0.2021026611328125
train,23428975_15.png,29,data/processed/train/images/23428975_15_patch_29.png,data/processed/train/masks/23428975_15_patch_29.png,0.18670654296875
train,23428975_15.png,30,data/processed/train/images/23428975_15_patch_30.png,data/processed/train/masks/23428975_15_patch_30.png,0.09173583984375
train,23428975_15.png,31,data/processed/train/images/23428975_15_patch_31.png,data/processed/train/masks/23428975_15_patch_31.png,0.0624847412109375
train,23428975_15.png,32,data/processed/train/images/23428975_15_patch_32.png,data/processed/train/masks/23428975_15_patch_32.png,0.1907958984375
train,23428975_15.png,33,data/processed/train/images/23428975_15_patch_33.png,data/processed/train/masks/23428975_15_patch_33.png,0.1961517333984375
train,23428975_15.png,34,data/processed/train/images/23428975_15_patch_34.png,data/processed/train/masks/23428975_15_patch_34.png,0.2109375
train,23428975_15.png,35,data/processed/train/images/23428975_15_patch_35.png,data/processed/train/masks/23428975_15_patch_35.png,0.13787841796875
train,23428990_15.png,0,data/processed/train/images/23428990_15_patch_00.png,data/processed/train/masks/23428990_15_patch_00.png,0.065948486328125
train,23428990_15.png,1,data/processed/train/images/23428990_15_patch_01.png,data/processed/train/masks/23428990_15_patch_01.png,0.3534393310546875
train,23428990_15.png,2,data/processed/train/images/23428990_15_patch_02.png,data/processed/train/masks/23428990_15_patch_02.png,0.4738922119140625
train,23428990_15.png,3,data/processed/train/images/23428990_15_patch_03.png,data/processed/train/masks/23428990_15_patch_03.png,0.671600341796875
train,23428990_15.png,4,data/processed/train/images/23428990_15_patch_04.png,data/processed/train/masks/23428990_15_patch_04.png,0.5506591796875
train,23428990_15.png,5,data/processed/train/images/23428990_15_patch_05.png,data/processed/train/masks/23428990_15_patch_05.png,0.4232635498046875
train,23428990_15.png,6,data/processed/train/images/23428990_15_patch_06.png,data/processed/train/masks/23428990_15_patch_06.png,0.026336669921875
train,23428990_15.png,7,data/processed/train/images/23428990_15_patch_07.png,data/processed/train/masks/23428990_15_patch_07.png,0.4233856201171875
train,23428990_15.png,8,data/processed/train/images/23428990_15_patch_08.png,data/processed/train/masks/23428990_15_patch_08.png,0.343353271484375
train,23428990_15.png,9,data/processed/train/images/23428990_15_patch_09.png,data/processed/train/masks/23428990_15_patch_09.png,0.3074951171875
train,23428990_15.png,10,data/processed/train/images/23428990_15_patch_10.png,data/processed/train/masks/23428990_15_patch_10.png,0.2432098388671875
train,23428990_15.png,11,data/processed/train/images/23428990_15_patch_11.png,data/processed/train/masks/23428990_15_patch_11.png,0.2513580322265625
train,23428990_15.png,12,data/processed/train/images/23428990_15_patch_12.png,data/processed/train/masks/23428990_15_patch_12.png,0.157989501953125
train,23428990_15.png,13,data/processed/train/images/23428990_15_patch_13.png,data/processed/train/masks/23428990_15_patch_13.png,0.3861541748046875
train,23428990_15.png,14,data/processed/train/images/23428990_15_patch_14.png,data/processed/train/masks/23428990_15_patch_14.png,0.4269561767578125
train,23428990_15.png,15,data/processed/train/images/23428990_15_patch_15.png,data/processed/train/masks/23428990_15_patch_15.png,0.3520355224609375
train,23428990_15.png,16,data/processed/train/images/23428990_15_patch_16.png,data/processed/train/masks/23428990_15_patch_16.png,0.3475799560546875
train,23428990_15.png,17,data/processed/train/images/23428990_15_patch_17.png,data/processed/train/masks/23428990_15_patch_17.png,0.3280181884765625
train,23428990_15.png,18,data/processed/train/images/23428990_15_patch_18.png,data/processed/train/masks/23428990_15_patch_18.png,0.210052490234375
train,23428990_15.png,19,data/processed/train/images/23428990_15_patch_19.png,data/processed/train/masks/23428990_15_patch_19.png,0.4512176513671875
train,23428990_15.png,20,data/processed/train/images/23428990_15_patch_20.png,data/processed/train/masks/23428990_15_patch_20.png,0.2475128173828125
train,23428990_15.png,21,data/processed/train/images/23428990_15_patch_21.png,data/processed/train/masks/23428990_15_patch_21.png,0.2900543212890625
train,23428990_15.png,22,data/processed/train/images/23428990_15_patch_22.png,data/processed/train/masks/23428990_15_patch_22.png,0.28643798828125
train,23428990_15.png,23,data/processed/train/images/23428990_15_patch_23.png,data/processed/train/masks/23428990_15_patch_23.png,0.284332275390625
train,23428990_15.png,24,data/processed/train/images/23428990_15_patch_24.png,data/processed/train/masks/23428990_15_patch_24.png,0.3406829833984375
train,23428990_15.png,25,data/processed/train/images/23428990_15_patch_25.png,data/processed/train/masks/23428990_15_patch_25.png,0.336578369140625
train,23428990_15.png,26,data/processed/train/images/23428990_15_patch_26.png,data/processed/train/masks/23428990_15_patch_26.png,0.2774658203125
train,23428990_15.png,27,data/processed/train/images/23428990_15_patch_27.png,data/processed/train/masks/23428990_15_patch_27.png,0.25567626953125
train,23428990_15.png,28,data/processed/train/images/23428990_15_patch_28.png,data/processed/train/masks/23428990_15_patch_28.png,0.25701904296875
train,23428990_15.png,29,data/processed/train/images/23428990_15_patch_29.png,data/processed/train/masks/23428990_15_patch_29.png,0.267333984375
train,23428990_15.png,30,data/processed/train/images/23428990_15_patch_30.png,data/processed/train/masks/23428990_15_patch_30.png,0.125701904296875
train,23428990_15.png,31,data/processed/train/images/23428990_15_patch_31.png,data/processed/train/masks/23428990_15_patch_31.png,0.1013336181640625
train,23428990_15.png,32,data/processed/train/images/23428990_15_patch_32.png,data/processed/train/masks/23428990_15_patch_32.png,0.0865936279296875
train,23428990_15.png,33,data/processed/train/images/23428990_15_patch_33.png,data/processed/train/masks/23428990_15_patch_33.png,0.155792236328125
train,23428990_15.png,34,data/processed/train/images/23428990_15_patch_34.png,data/processed/train/masks/23428990_15_patch_34.png,0.1365203857421875
train,23428990_15.png,35,data/processed/train/images/23428990_15_patch_35.png,data/processed/train/masks/23428990_15_patch_35.png,0.1833038330078125
train,23429005_15.png,0,data/processed/train/images/23429005_15_patch_00.png,data/processed/train/masks/23429005_15_patch_00.png,0.51300048828125
train,23429005_15.png,1,data/processed/train/images/23429005_15_patch_01.png,data/processed/train/masks/23429005_15_patch_01.png,0.323516845703125
train,23429005_15.png,2,data/processed/train/images/23429005_15_patch_02.png,data/processed/train/masks/23429005_15_patch_02.png,0.151123046875
train,23429005_15.png,3,data/processed/train/images/23429005_15_patch_03.png,data/processed/train/masks/23429005_15_patch_03.png,0.053375244140625
train,23429005_15.png,4,data/processed/train/images/23429005_15_patch_04.png,data/processed/train/masks/23429005_15_patch_04.png,0.0
train,23429005_15.png,5,data/processed/train/images/23429005_15_patch_05.png,data/processed/train/masks/23429005_15_patch_05.png,0.0
train,23429005_15.png,6,data/processed/train/images/23429005_15_patch_06.png,data/processed/train/masks/23429005_15_patch_06.png,0.1094207763671875
train,23429005_15.png,7,data/processed/train/images/23429005_15_patch_07.png,data/processed/train/masks/23429005_15_patch_07.png,0.023529052734375
train,23429005_15.png,8,data/processed/train/images/23429005_15_patch_08.png,data/processed/train/masks/23429005_15_patch_08.png,0.0
train,23429005_15.png,9,data/processed/train/images/23429005_15_patch_09.png,data/processed/train/masks/23429005_15_patch_09.png,0.0
train,23429005_15.png,10,data/processed/train/images/23429005_15_patch_10.png,data/processed/train/masks/23429005_15_patch_10.png,0.0
train,23429005_15.png,11,data/processed/train/images/23429005_15_patch_11.png,data/processed/train/masks/23429005_15_patch_11.png,0.0
train,23429005_15.png,12,data/processed/train/images/23429005_15_patch_12.png,data/processed/train/masks/23429005_15_patch_12.png,0.0
train,23429005_15.png,13,data/processed/train/images/23429005_15_patch_13.png,data/processed/train/masks/23429005_15_patch_13.png,0.0
train,23429005_15.png,14,data/processed/train/images/23429005_15_patch_14.png,data/processed/train/masks/23429005_15_patch_14.png,0.0
train,23429005_15.png,15,data/processed/train/images/23429005_15_patch_15.png,data/processed/train/masks/23429005_15_patch_15.png,0.0
train,23429005_15.png,16,data/processed/train/images/23429005_15_patch_16.png,data/processed/train/masks/23429005_15_patch_16.png,0.0046539306640625
train,23429005_15.png,17,data/processed/train/images/23429005_15_patch_17.png,data/processed/train/masks/23429005_15_patch_17.png,0.104400634765625
train,23429005_15.png,18,data/processed/train/images/23429005_15_patch_18.png,data/processed/train/masks/23429005_15_patch_18.png,0.0
train,23429005_15.png,19,data/processed/train/images/23429005_15_patch_19.png,data/processed/train/masks/23429005_15_patch_19.png,0.0
train,23429005_15.png,20,data/processed/train/images/23429005_15_patch_20.png,data/processed/train/masks/23429005_15_patch_20.png,0.06256103515625
train,23429005_15.png,21,data/processed/train/images/23429005_15_patch_21.png,data/processed/train/masks/23429005_15_patch_21.png,0.230987548828125
train,23429005_15.png,22,data/processed/train/images/23429005_15_patch_22.png,data/processed/train/masks/23429005_15_patch_22.png,0.3536376953125
train,23429005_15.png,23,data/processed/train/images/23429005_15_patch_23.png,data/processed/train/masks/23429005_15_patch_23.png,0.2778472900390625
train,23429005_15.png,24,data/processed/train/images/23429005_15_patch_24.png,data/processed/train/masks/23429005_15_patch_24.png,0.096099853515625
train,23429005_15.png,25,data/processed/train/images/23429005_15_patch_25.png,data/processed/train/masks/23429005_15_patch_25.png,0.3265380859375
train,23429005_15.png,26,data/processed/train/images/23429005_15_patch_26.png,data/processed/train/masks/23429005_15_patch_26.png,0.291534423828125
train,23429005_15.png,27,data/processed/train/images/23429005_15_patch_27.png,data/processed/train/masks/23429005_15_patch_27.png,0.303985595703125
train,23429005_15.png,28,data/processed/train/images/23429005_15_patch_28.png,data/processed/train/masks/23429005_15_patch_28.png,0.3321990966796875
train,23429005_15.png,29,data/processed/train/images/23429005_15_patch_29.png,data/processed/train/masks/23429005_15_patch_29.png,0.295684814453125
train,23429005_15.png,30,data/processed/train/images/23429005_15_patch_30.png,data/processed/train/masks/23429005_15_patch_30.png,0.1599578857421875
train,23429005_15.png,31,data/processed/train/images/23429005_15_patch_31.png,data/processed/train/masks/23429005_15_patch_31.png,0.230712890625
train,23429005_15.png,32,data/processed/train/images/23429005_15_patch_32.png,data/processed/train/masks/23429005_15_patch_32.png,0.3257293701171875
train,23429005_15.png,33,data/processed/train/images/23429005_15_patch_33.png,data/processed/train/masks/23429005_15_patch_33.png,0.40106201171875
train,23429005_15.png,34,data/processed/train/images/23429005_15_patch_34.png,data/processed/train/masks/23429005_15_patch_34.png,0.4232635498046875
train,23429005_15.png,35,data/processed/train/images/23429005_15_patch_35.png,data/processed/train/masks/23429005_15_patch_35.png,0.2806396484375
train,23429035_15.png,0,data/processed/train/images/23429035_15_patch_00.png,data/processed/train/masks/23429035_15_patch_00.png,0.2549285888671875
train,23429035_15.png,1,data/processed/train/images/23429035_15_patch_01.png,data/processed/train/masks/23429035_15_patch_01.png,0.284027099609375
train,23429035_15.png,2,data/processed/train/images/23429035_15_patch_02.png,data/processed/train/masks/23429035_15_patch_02.png,0.347015380859375
train,23429035_15.png,3,data/processed/train/images/23429035_15_patch_03.png,data/processed/train/masks/23429035_15_patch_03.png,0.303802490234375
train,23429035_15.png,4,data/processed/train/images/23429035_15_patch_04.png,data/processed/train/masks/23429035_15_patch_04.png,0.19879150390625
train,23429035_15.png,5,data/processed/train/images/23429035_15_patch_05.png,data/processed/train/masks/23429035_15_patch_05.png,0.21844482421875
train,23429035_15.png,6,data/processed/train/images/23429035_15_patch_06.png,data/processed/train/masks/23429035_15_patch_06.png,0.150146484375
train,23429035_15.png,7,data/processed/train/images/23429035_15_patch_07.png,data/processed/train/masks/23429035_15_patch_07.png,0.265869140625
train,23429035_15.png,8,data/processed/train/images/23429035_15_patch_08.png,data/processed/train/masks/23429035_15_patch_08.png,0.286102294921875
train,23429035_15.png,9,data/processed/train/images/23429035_15_patch_09.png,data/processed/train/masks/23429035_15_patch_09.png,0.286102294921875
train,23429035_15.png,10,data/processed/train/images/23429035_15_patch_10.png,data/processed/train/masks/23429035_15_patch_10.png,0.287628173828125
train,23429035_15.png,11,data/processed/train/images/23429035_15_patch_11.png,data/processed/train/masks/23429035_15_patch_11.png,0.090789794921875
train,23429035_15.png,12,data/processed/train/images/23429035_15_patch_12.png,data/processed/train/masks/23429035_15_patch_12.png,0.16253662109375
train,23429035_15.png,13,data/processed/train/images/23429035_15_patch_13.png,data/processed/train/masks/23429035_15_patch_13.png,0.2809600830078125
train,23429035_15.png,14,data/processed/train/images/23429035_15_patch_14.png,data/processed/train/masks/23429035_15_patch_14.png,0.2481536865234375
train,23429035_15.png,15,data/processed/train/images/23429035_15_patch_15.png,data/processed/train/masks/23429035_15_patch_15.png,0.2238311767578125
train,23429035_15.png,16,data/processed/train/images/23429035_15_patch_16.png,data/processed/train/masks/23429035_15_patch_16.png,0.334503173828125
train,23429035_15.png,17,data/processed/train/images/23429035_15_patch_17.png,data/processed/train/masks/23429035_15_patch_17.png,0.076904296875
train,23429035_15.png,18,data/processed/train/images/23429035_15_patch_18.png,data/processed/train/masks/23429035_15_patch_18.png,0.2366485595703125
train,23429035_15.png,19,data/processed/train/images/23429035_15_patch_19.png,data/processed/train/masks/23429035_15_patch_19.png,0.20233154296875
train,23429035_15.png,20,data/processed/train/images/23429035_15_patch_20.png,data/processed/train/masks/23429035_15_patch_20.png,0.1391143798828125
train,23429035_15.png,21,data/processed/train/images/23429035_15_patch_21.png,data/processed/train/masks/23429035_15_patch_21.png,0.243682861328125
train,23429035_15.png,22,data/processed/train/images/23429035_15_patch_22.png,data/processed/train/masks/23429035_15_patch_22.png,0.4003448486328125
train,23429035_15.png,23,data/processed/train/images/23429035_15_patch_23.png,data/processed/train/masks/23429035_15_patch_23.png,0.0578155517578125
train,23429035_15.png,24,data/processed/train/images/23429035_15_patch_24.png,data/processed/train/masks/23429035_15_patch_24.png,0.2584228515625
train,23429035_15.png,25,data/processed/train/images/23429035_15_patch_25.png,data/processed/train/masks/23429035_15_patch_25.png,0.212005615234375
train,23429035_15.png,26,data/processed/train/images/23429035_15_patch_26.png,data/processed/train/masks/23429035_15_patch_26.png,0.199188232421875
train,23429035_15.png,27,data/processed/train/images/23429035_15_patch_27.png,data/processed/train/masks/23429035_15_patch_27.png,0.332489013671875
train,23429035_15.png,28,data/processed/train/images/23429035_15_patch_28.png,data/processed/train/masks/23429035_15_patch_28.png,0.3384246826171875
train,23429035_15.png,29,data/processed/train/images/23429035_15_patch_29.png,data/processed/train/masks/23429035_15_patch_29.png,0.0466766357421875
train,23429035_15.png,30,data/processed/train/images/23429035_15_patch_30.png,data/processed/train/masks/23429035_15_patch_30.png,0.25445556640625
train,23429035_15.png,31,data/processed/train/images/23429035_15_patch_31.png,data/processed/train/masks/23429035_15_patch_31.png,0.2474365234375
train,23429035_15.png,32,data/processed/train/images/23429035_15_patch_32.png,data/processed/train/masks/23429035_15_patch_32.png,0.17877197265625
train,23429035_15.png,33,data/processed/train/images/23429035_15_patch_33.png,data/processed/train/masks/23429035_15_patch_33.png,0.1197357177734375
train,23429035_15.png,34,data/processed/train/images/23429035_15_patch_34.png,data/processed/train/masks/23429035_15_patch_34.png,0.2041168212890625
train,23429035_15.png,35,data/processed/train/images/23429035_15_patch_35.png,data/processed/train/masks/23429035_15_patch_35.png,0.252532958984375
train,23429050_15.png,0,data/processed/train/images/23429050_15_patch_00.png,data/processed/train/masks/23429050_15_patch_00.png,0.0
train,23429050_15.png,1,data/processed/train/images/23429050_15_patch_01.png,data/processed/train/masks/23429050_15_patch_01.png,0.0
train,23429050_15.png,2,data/processed/train/images/23429050_15_patch_02.png,data/processed/train/masks/23429050_15_patch_02.png,0.0
train,23429050_15.png,3,data/processed/train/images/23429050_15_patch_03.png,data/processed/train/masks/23429050_15_patch_03.png,0.0477294921875
train,23429050_15.png,4,data/processed/train/images/23429050_15_patch_04.png,data/processed/train/masks/23429050_15_patch_04.png,0.092437744140625
train,23429050_15.png,5,data/processed/train/images/23429050_15_patch_05.png,data/processed/train/masks/23429050_15_patch_05.png,0.0456695556640625
train,23429050_15.png,6,data/processed/train/images/23429050_15_patch_06.png,data/processed/train/masks/23429050_15_patch_06.png,0.0464935302734375
train,23429050_15.png,7,data/processed/train/images/23429050_15_patch_07.png,data/processed/train/masks/23429050_15_patch_07.png,0.164794921875
train,23429050_15.png,8,data/processed/train/images/23429050_15_patch_08.png,data/processed/train/masks/23429050_15_patch_08.png,0.1471405029296875
train,23429050_15.png,9,data/processed/train/images/23429050_15_patch_09.png,data/processed/train/masks/23429050_15_patch_09.png,0.0
train,23429050_15.png,10,data/processed/train/images/23429050_15_patch_10.png,data/processed/train/masks/23429050_15_patch_10.png,0.0
train,23429050_15.png,11,data/processed/train/images/23429050_15_patch_11.png,data/processed/train/masks/23429050_15_patch_11.png,0.0
train,23429050_15.png,12,data/processed/train/images/23429050_15_patch_12.png,data/processed/train/masks/23429050_15_patch_12.png,0.1619415283203125
train,23429050_15.png,13,data/processed/train/images/23429050_15_patch_13.png,data/processed/train/masks/23429050_15_patch_13.png,0.1386260986328125
train,23429050_15.png,14,data/processed/train/images/23429050_15_patch_14.png,data/processed/train/masks/23429050_15_patch_14.png,0.14544677734375
train,23429050_15.png,15,data/processed/train/images/23429050_15_patch_15.png,data/processed/train/masks/23429050_15_patch_15.png,0.251312255859375
train,23429050_15.png,16,data/processed/train/images/23429050_15_patch_16.png,data/processed/train/masks/23429050_15_patch_16.png,0.001861572265625
train,23429050_15.png,17,data/processed/train/images/23429050_15_patch_17.png,data/processed/train/masks/23429050_15_patch_17.png,0.005767822265625
train,23429050_15.png,18,data/processed/train/images/23429050_15_patch_18.png,data/processed/train/masks/23429050_15_patch_18.png,0.24310302734375
train,23429050_15.png,19,data/processed/train/images/23429050_15_patch_19.png,data/processed/train/masks/23429050_15_patch_19.png,0.2114105224609375
train,23429050_15.png,20,data/processed/train/images/23429050_15_patch_20.png,data/processed/train/masks/23429050_15_patch_20.png,0.04180908203125
train,23429050_15.png,21,data/processed/train/images/23429050_15_patch_21.png,data/processed/train/masks/23429050_15_patch_21.png,0.28839111328125
train,23429050_15.png,22,data/processed/train/images/23429050_15_patch_22.png,data/processed/train/masks/23429050_15_patch_22.png,0.088104248046875
train,23429050_15.png,23,data/processed/train/images/23429050_15_patch_23.png,data/processed/train/masks/23429050_15_patch_23.png,0.0
train,23429050_15.png,24,data/processed/train/images/23429050_15_patch_24.png,data/processed/train/masks/23429050_15_patch_24.png,0.260101318359375
train,23429050_15.png,25,data/processed/train/images/23429050_15_patch_25.png,data/processed/train/masks/23429050_15_patch_25.png,0.0719757080078125
train,23429050_15.png,26,data/processed/train/images/23429050_15_patch_26.png,data/processed/train/masks/23429050_15_patch_26.png,0.1266632080078125
train,23429050_15.png,27,data/processed/train/images/23429050_15_patch_27.png,data/processed/train/masks/23429050_15_patch_27.png,0.135284423828125
train,23429050_15.png,28,data/processed/train/images/23429050_15_patch_28.png,data/processed/train/masks/23429050_15_patch_28.png,0.0760040283203125
train,23429050_15.png,29,data/processed/train/images/23429050_15_patch_29.png,data/processed/train/masks/23429050_15_patch_29.png,0.0169219970703125
train,23429050_15.png,30,data/processed/train/images/23429050_15_patch_30.png,data/processed/train/masks/23429050_15_patch_30.png,0.2078094482421875
train,23429050_15.png,31,data/processed/train/images/23429050_15_patch_31.png,data/processed/train/masks/23429050_15_patch_31.png,0.1560821533203125
train,23429050_15.png,32,data/processed/train/images/23429050_15_patch_32.png,data/processed/train/masks/23429050_15_patch_32.png,0.2265777587890625
train,23429050_15.png,33,data/processed/train/images/23429050_15_patch_33.png,data/processed/train/masks/23429050_15_patch_33.png,0.144805908203125
train,23429050_15.png,34,data/processed/train/images/23429050_15_patch_34.png,data/processed/train/masks/23429050_15_patch_34.png,0.1676483154296875
train,23429050_15.png,35,data/processed/train/images/23429050_15_patch_35.png,data/processed/train/masks/23429050_15_patch_35.png,0.0678253173828125
train,23429065_15.png,0,data/processed/train/images/23429065_15_patch_00.png,data/processed/train/masks/23429065_15_patch_00.png,0.16168212890625
train,23429065_15.png,1,data/processed/train/images/23429065_15_patch_01.png,data/processed/train/masks/23429065_15_patch_01.png,0.241851806640625
train,23429065_15.png,2,data/processed/train/images/23429065_15_patch_02.png,data/processed/train/masks/23429065_15_patch_02.png,0.2681884765625
train,23429065_15.png,3,data/processed/train/images/23429065_15_patch_03.png,data/processed/train/masks/23429065_15_patch_03.png,0.1605682373046875
train,23429065_15.png,4,data/processed/train/images/23429065_15_patch_04.png,data/processed/train/masks/23429065_15_patch_04.png,0.1281585693359375
train,23429065_15.png,5,data/processed/train/images/23429065_15_patch_05.png,data/processed/train/masks/23429065_15_patch_05.png,0.1036834716796875
train,23429065_15.png,6,data/processed/train/images/23429065_15_patch_06.png,data/processed/train/masks/23429065_15_patch_06.png,0.276885986328125
train,23429065_15.png,7,data/processed/train/images/23429065_15_patch_07.png,data/processed/train/masks/23429065_15_patch_07.png,0.3007659912109375
train,23429065_15.png,8,data/processed/train/images/23429065_15_patch_08.png,data/processed/train/masks/23429065_15_patch_08.png,0.17242431640625
train,23429065_15.png,9,data/processed/train/images/23429065_15_patch_09.png,data/processed/train/masks/23429065_15_patch_09.png,0.229034423828125
train,23429065_15.png,10,data/processed/train/images/23429065_15_patch_10.png,data/processed/train/masks/23429065_15_patch_10.png,0.1710357666015625
train,23429065_15.png,11,data/processed/train/images/23429065_15_patch_11.png,data/processed/train/masks/23429065_15_patch_11.png,0.025390625
train,23429065_15.png,12,data/processed/train/images/23429065_15_patch_12.png,data/processed/train/masks/23429065_15_patch_12.png,0.153350830078125
train,23429065_15.png,13,data/processed/train/images/23429065_15_patch_13.png,data/processed/train/masks/23429065_15_patch_13.png,0.402130126953125
train,23429065_15.png,14,data/processed/train/images/23429065_15_patch_14.png,data/processed/train/masks/23429065_15_patch_14.png,0.137359619140625
train,23429065_15.png,15,data/processed/train/images/23429065_15_patch_15.png,data/processed/train/masks/23429065_15_patch_15.png,0.236846923828125
train,23429065_15.png,16,data/processed/train/images/23429065_15_patch_16.png,data/processed/train/masks/23429065_15_patch_16.png,0.189208984375
train,23429065_15.png,17,data/processed/train/images/23429065_15_patch_17.png,data/processed/train/masks/23429065_15_patch_17.png,0.10552978515625
train,23429065_15.png,18,data/processed/train/images/23429065_15_patch_18.png,data/processed/train/masks/23429065_15_patch_18.png,0.5090789794921875
train,23429065_15.png,19,data/processed/train/images/23429065_15_patch_19.png,data/processed/train/masks/23429065_15_patch_19.png,0.17840576171875
train,23429065_15.png,20,data/processed/train/images/23429065_15_patch_20.png,data/processed/train/masks/23429065_15_patch_20.png,0.199951171875
train,23429065_15.png,21,data/processed/train/images/23429065_15_patch_21.png,data/processed/train/masks/23429065_15_patch_21.png,0.204071044921875
train,23429065_15.png,22,data/processed/train/images/23429065_15_patch_22.png,data/processed/train/masks/23429065_15_patch_22.png,0.238128662109375
train,23429065_15.png,23,data/processed/train/images/23429065_15_patch_23.png,data/processed/train/masks/23429065_15_patch_23.png,0.0735321044921875
train,23429065_15.png,24,data/processed/train/images/23429065_15_patch_24.png,data/processed/train/masks/23429065_15_patch_24.png,0.11553955078125
train,23429065_15.png,25,data/processed/train/images/23429065_15_patch_25.png,data/processed/train/masks/23429065_15_patch_25.png,0.2069091796875
train,23429065_15.png,26,data/processed/train/images/23429065_15_patch_26.png,data/processed/train/masks/23429065_15_patch_26.png,0.0875244140625
train,23429065_15.png,27,data/processed/train/images/23429065_15_patch_27.png,data/processed/train/masks/23429065_15_patch_27.png,0.103607177734375
train,23429065_15.png,28,data/processed/train/images/23429065_15_patch_28.png,data/processed/train/masks/23429065_15_patch_28.png,0.1654052734375
train,23429065_15.png,29,data/processed/train/images/23429065_15_patch_29.png,data/processed/train/masks/23429065_15_patch_29.png,0.0767059326171875
train,23429065_15.png,30,data/processed/train/images/23429065_15_patch_30.png,data/processed/train/masks/23429065_15_patch_30.png,0.0
train,23429065_15.png,31,data/processed/train/images/23429065_15_patch_31.png,data/processed/train/masks/23429065_15_patch_31.png,0.0
train,23429065_15.png,32,data/processed/train/images/23429065_15_patch_32.png,data/processed/train/masks/23429065_15_patch_32.png,0.0
train,23429065_15.png,33,data/processed/train/images/23429065_15_patch_33.png,data/processed/train/masks/23429065_15_patch_33.png,0.0648040771484375
train,23429065_15.png,34,data/processed/train/images/23429065_15_patch_34.png,data/processed/train/masks/23429065_15_patch_34.png,0.1947784423828125
train,23429065_15.png,35,data/processed/train/images/23429065_15_patch_35.png,data/processed/train/masks/23429065_15_patch_35.png,0.0595855712890625
train,23429095_15.png,0,data/processed/train/images/23429095_15_patch_00.png,data/processed/train/masks/23429095_15_patch_00.png,0.0523529052734375
train,23429095_15.png,1,data/processed/train/images/23429095_15_patch_01.png,data/processed/train/masks/23429095_15_patch_01.png,0.054718017578125
train,23429095_15.png,2,data/processed/train/images/23429095_15_patch_02.png,data/processed/train/masks/23429095_15_patch_02.png,0.002716064453125
train,23429095_15.png,3,data/processed/train/images/23429095_15_patch_03.png,data/processed/train/masks/23429095_15_patch_03.png,0.0
train,23429095_15.png,4,data/processed/train/images/23429095_15_patch_04.png,data/processed/train/masks/23429095_15_patch_04.png,0.0
train,23429095_15.png,5,data/processed/train/images/23429095_15_patch_05.png,data/processed/train/masks/23429095_15_patch_05.png,0.0
train,23429095_15.png,6,data/processed/train/images/23429095_15_patch_06.png,data/processed/train/masks/23429095_15_patch_06.png,0.1407318115234375
train,23429095_15.png,7,data/processed/train/images/23429095_15_patch_07.png,data/processed/train/masks/23429095_15_patch_07.png,0.144378662109375
train,23429095_15.png,8,data/processed/train/images/23429095_15_patch_08.png,data/processed/train/masks/23429095_15_patch_08.png,0.1156768798828125
train,23429095_15.png,9,data/processed/train/images/23429095_15_patch_09.png,data/processed/train/masks/23429095_15_patch_09.png,0.02166748046875
train,23429095_15.png,10,data/processed/train/images/23429095_15_patch_10.png,data/processed/train/masks/23429095_15_patch_10.png,0.009185791015625
train,23429095_15.png,11,data/processed/train/images/23429095_15_patch_11.png,data/processed/train/masks/23429095_15_patch_11.png,0.0572357177734375
train,23429095_15.png,12,data/processed/train/images/23429095_15_patch_12.png,data/processed/train/masks/23429095_15_patch_12.png,0.1398468017578125
train,23429095_15.png,13,data/processed/train/images/23429095_15_patch_13.png,data/processed/train/masks/23429095_15_patch_13.png,0.169525146484375
train,23429095_15.png,14,data/processed/train/images/23429095_15_patch_14.png,data/processed/train/masks/23429095_15_patch_14.png,0.1102142333984375
train,23429095_15.png,15,data/processed/train/images/23429095_15_patch_15.png,data/processed/train/masks/23429095_15_patch_15.png,0.128204345703125
train,23429095_15.png,16,data/processed/train/images/23429095_15_patch_16.png,data/processed/train/masks/23429095_15_patch_16.png,0.1076507568359375
train,23429095_15.png,17,data/processed/train/images/23429095_15_patch_17.png,data/processed/train/masks/23429095_15_patch_17.png,0.1224517822265625
train,23429095_15.png,18,data/processed/train/images/23429095_15_patch_18.png,data/processed/train/masks/23429095_15_patch_18.png,0.137359619140625
train,23429095_15.png,19,data/processed/train/images/23429095_15_patch_19.png,data/processed/train/masks/23429095_15_patch_19.png,0.138580322265625
train,23429095_15.png,20,data/processed/train/images/23429095_15_patch_20.png,data/processed/train/masks/23429095_15_patch_20.png,0.1595458984375
train,23429095_15.png,21,data/processed/train/images/23429095_15_patch_21.png,data/processed/train/masks/23429095_15_patch_21.png,0.11883544921875
train,23429095_15.png,22,data/processed/train/images/23429095_15_patch_22.png,data/processed/train/masks/23429095_15_patch_22.png,0.163604736328125
train,23429095_15.png,23,data/processed/train/images/23429095_15_patch_23.png,data/processed/train/masks/23429095_15_patch_23.png,0.1586456298828125
train,23429095_15.png,24,data/processed/train/images/23429095_15_patch_24.png,data/processed/train/masks/23429095_15_patch_24.png,0.090240478515625
train,23429095_15.png,25,data/processed/train/images/23429095_15_patch_25.png,data/processed/train/masks/23429095_15_patch_25.png,0.134765625
train,23429095_15.png,26,data/processed/train/images/23429095_15_patch_26.png,data/processed/train/masks/23429095_15_patch_26.png,0.1339569091796875
train,23429095_15.png,27,data/processed/train/images/23429095_15_patch_27.png,data/processed/train/masks/23429095_15_patch_27.png,0.131500244140625
train,23429095_15.png,28,data/processed/train/images/23429095_15_patch_28.png,data/processed/train/masks/23429095_15_patch_28.png,0.19952392578125
train,23429095_15.png,29,data/processed/train/images/23429095_15_patch_29.png,data/processed/train/masks/23429095_15_patch_29.png,0.2085113525390625
train,23429095_15.png,30,data/processed/train/images/23429095_15_patch_30.png,data/processed/train/masks/23429095_15_patch_30.png,0.13592529296875
train,23429095_15.png,31,data/processed/train/images/23429095_15_patch_31.png,data/processed/train/masks/23429095_15_patch_31.png,0.1008758544921875
train,23429095_15.png,32,data/processed/train/images/23429095_15_patch_32.png,data/processed/train/masks/23429095_15_patch_32.png,0.037200927734375
train,23429095_15.png,33,data/processed/train/images/23429095_15_patch_33.png,data/processed/train/masks/23429095_15_patch_33.png,0.106201171875
train,23429095_15.png,34,data/processed/train/images/23429095_15_patch_34.png,data/processed/train/masks/23429095_15_patch_34.png,0.16070556640625
train,23429095_15.png,35,data/processed/train/images/23429095_15_patch_35.png,data/processed/train/masks/23429095_15_patch_35.png,0.1883697509765625
train,23429125_15.png,0,data/processed/train/images/23429125_15_patch_00.png,data/processed/train/masks/23429125_15_patch_00.png,0.01885986328125
train,23429125_15.png,1,data/processed/train/images/23429125_15_patch_01.png,data/processed/train/masks/23429125_15_patch_01.png,0.0698699951171875
train,23429125_15.png,2,data/processed/train/images/23429125_15_patch_02.png,data/processed/train/masks/23429125_15_patch_02.png,0.0776519775390625
train,23429125_15.png,3,data/processed/train/images/23429125_15_patch_03.png,data/processed/train/masks/23429125_15_patch_03.png,0.1215972900390625
train,23429125_15.png,4,data/processed/train/images/23429125_15_patch_04.png,data/processed/train/masks/23429125_15_patch_04.png,0.123931884765625
train,23429125_15.png,5,data/processed/train/images/23429125_15_patch_05.png,data/processed/train/masks/23429125_15_patch_05.png,0.1022491455078125
train,23429125_15.png,6,data/processed/train/images/23429125_15_patch_06.png,data/processed/train/masks/23429125_15_patch_06.png,0.0642242431640625
train,23429125_15.png,7,data/processed/train/images/23429125_15_patch_07.png,data/processed/train/masks/23429125_15_patch_07.png,0.0152587890625
train,23429125_15.png,8,data/processed/train/images/23429125_15_patch_08.png,data/processed/train/masks/23429125_15_patch_08.png,0.0227813720703125
train,23429125_15.png,9,data/processed/train/images/23429125_15_patch_09.png,data/processed/train/masks/23429125_15_patch_09.png,0.0097808837890625
train,23429125_15.png,10,data/processed/train/images/23429125_15_patch_10.png,data/processed/train/masks/23429125_15_patch_10.png,0.093658447265625
train,23429125_15.png,11,data/processed/train/images/23429125_15_patch_11.png,data/processed/train/masks/23429125_15_patch_11.png,0.1043701171875
train,23429125_15.png,12,data/processed/train/images/23429125_15_patch_12.png,data/processed/train/masks/23429125_15_patch_12.png,0.0217437744140625
train,23429125_15.png,13,data/processed/train/images/23429125_15_patch_13.png,data/processed/train/masks/23429125_15_patch_13.png,0.0
train,23429125_15.png,14,data/processed/train/images/23429125_15_patch_14.png,data/processed/train/masks/23429125_15_patch_14.png,0.0
train,23429125_15.png,15,data/processed/train/images/23429125_15_patch_15.png,data/processed/train/masks/23429125_15_patch_15.png,0.02166748046875
train,23429125_15.png,16,data/processed/train/images/23429125_15_patch_16.png,data/processed/train/masks/23429125_15_patch_16.png,0.09991455078125
train,23429125_15.png,17,data/processed/train/images/23429125_15_patch_17.png,data/processed/train/masks/23429125_15_patch_17.png,0.1000213623046875
train,23429125_15.png,18,data/processed/train/images/23429125_15_patch_18.png,data/processed/train/masks/23429125_15_patch_18.png,0.0
train,23429125_15.png,19,data/processed/train/images/23429125_15_patch_19.png,data/processed/train/masks/23429125_15_patch_19.png,0.0
train,23429125_15.png,20,data/processed/train/images/23429125_15_patch_20.png,data/processed/train/masks/23429125_15_patch_20.png,0.0
train,23429125_15.png,21,data/processed/train/images/23429125_15_patch_21.png,data/processed/train/masks/23429125_15_patch_21.png,0.0
train,23429125_15.png,22,data/processed/train/images/23429125_15_patch_22.png,data/processed/train/masks/23429125_15_patch_22.png,0.08306884765625
train,23429125_15.png,23,data/processed/train/images/23429125_15_patch_23.png,data/processed/train/masks/23429125_15_patch_23.png,0.0982818603515625
train,23429125_15.png,24,data/processed/train/images/23429125_15_patch_24.png,data/processed/train/masks/23429125_15_patch_24.png,0.0
train,23429125_15.png,25,data/processed/train/images/23429125_15_patch_25.png,data/processed/train/masks/23429125_15_patch_25.png,0.0009613037109375
train,23429125_15.png,26,data/processed/train/images/23429125_15_patch_26.png,data/processed/train/masks/23429125_15_patch_26.png,0.0
train,23429125_15.png,27,data/processed/train/images/23429125_15_patch_27.png,data/processed/train/masks/23429125_15_patch_27.png,0.0433349609375
train,23429125_15.png,28,data/processed/train/images/23429125_15_patch_28.png,data/processed/train/masks/23429125_15_patch_28.png,0.09320068359375
train,23429125_15.png,29,data/processed/train/images/23429125_15_patch_29.png,data/processed/train/masks/23429125_15_patch_29.png,0.096343994140625
train,23429125_15.png,30,data/processed/train/images/23429125_15_patch_30.png,data/processed/train/masks/23429125_15_patch_30.png,0.01416015625
train,23429125_15.png,31,data/processed/train/images/23429125_15_patch_31.png,data/processed/train/masks/23429125_15_patch_31.png,0.0008087158203125
train,23429125_15.png,32,data/processed/train/images/23429125_15_patch_32.png,data/processed/train/masks/23429125_15_patch_32.png,0.0
train,23429125_15.png,33,data/processed/train/images/23429125_15_patch_33.png,data/processed/train/masks/23429125_15_patch_33.png,0.0898284912109375
train,23429125_15.png,34,data/processed/train/images/23429125_15_patch_34.png,data/processed/train/masks/23429125_15_patch_34.png,0.036865234375
train,23429125_15.png,35,data/processed/train/images/23429125_15_patch_35.png,data/processed/train/masks/23429125_15_patch_35.png,0.113372802734375
train,23429140_15.png,0,data/processed/train/images/23429140_15_patch_00.png,data/processed/train/masks/23429140_15_patch_00.png,0.1226806640625
train,23429140_15.png,1,data/processed/train/images/23429140_15_patch_01.png,data/processed/train/masks/23429140_15_patch_01.png,0.0792694091796875
train,23429140_15.png,2,data/processed/train/images/23429140_15_patch_02.png,data/processed/train/masks/23429140_15_patch_02.png,0.121673583984375
train,23429140_15.png,3,data/processed/train/images/23429140_15_patch_03.png,data/processed/train/masks/23429140_15_patch_03.png,0.0833892822265625
train,23429140_15.png,4,data/processed/train/images/23429140_15_patch_04.png,data/processed/train/masks/23429140_15_patch_04.png,0.09259033203125
train,23429140_15.png,5,data/processed/train/images/23429140_15_patch_05.png,data/processed/train/masks/23429140_15_patch_05.png,0.06158447265625
train,23429140_15.png,6,data/processed/train/images/23429140_15_patch_06.png,data/processed/train/masks/23429140_15_patch_06.png,0.09649658203125
train,23429140_15.png,7,data/processed/train/images/23429140_15_patch_07.png,data/processed/train/masks/23429140_15_patch_07.png,0.0481414794921875
train,23429140_15.png,8,data/processed/train/images/23429140_15_patch_08.png,data/processed/train/masks/23429140_15_patch_08.png,0.101287841796875
train,23429140_15.png,9,data/processed/train/images/23429140_15_patch_09.png,data/processed/train/masks/23429140_15_patch_09.png,0.115234375
train,23429140_15.png,10,data/processed/train/images/23429140_15_patch_10.png,data/processed/train/masks/23429140_15_patch_10.png,0.087738037109375
train,23429140_15.png,11,data/processed/train/images/23429140_15_patch_11.png,data/processed/train/masks/23429140_15_patch_11.png,0.07098388671875
train,23429140_15.png,12,data/processed/train/images/23429140_15_patch_12.png,data/processed/train/masks/23429140_15_patch_12.png,0.0797271728515625
train,23429140_15.png,13,data/processed/train/images/23429140_15_patch_13.png,data/processed/train/masks/23429140_15_patch_13.png,0.0201873779296875
train,23429140_15.png,14,data/processed/train/images/23429140_15_patch_14.png,data/processed/train/masks/23429140_15_patch_14.png,0.0097503662109375
train,23429140_15.png,15,data/processed/train/images/23429140_15_patch_15.png,data/processed/train/masks/23429140_15_patch_15.png,0.0867156982421875
train,23429140_15.png,16,data/processed/train/images/23429140_15_patch_16.png,data/processed/train/masks/23429140_15_patch_16.png,0.040557861328125
train,23429140_15.png,17,data/processed/train/images/23429140_15_patch_17.png,data/processed/train/masks/23429140_15_patch_17.png,0.045166015625
train,23429140_15.png,18,data/processed/train/images/23429140_15_patch_18.png,data/processed/train/masks/23429140_15_patch_18.png,0.059478759765625
train,23429140_15.png,19,data/processed/train/images/23429140_15_patch_19.png,data/processed/train/masks/23429140_15_patch_19.png,0.073394775390625
train,23429140_15.png,20,data/processed/train/images/23429140_15_patch_20.png,data/processed/train/masks/23429140_15_patch_20.png,0.033111572265625
train,23429140_15.png,21,data/processed/train/images/23429140_15_patch_21.png,data/processed/train/masks/23429140_15_patch_21.png,0.089263916015625
train,23429140_15.png,22,data/processed/train/images/23429140_15_patch_22.png,data/processed/train/masks/23429140_15_patch_22.png,0.018585205078125
train,23429140_15.png,23,data/processed/train/images/23429140_15_patch_23.png,data/processed/train/masks/23429140_15_patch_23.png,0.0168609619140625
train,23429140_15.png,24,data/processed/train/images/23429140_15_patch_24.png,data/processed/train/masks/23429140_15_patch_24.png,0.02435302734375
train,23429140_15.png,25,data/processed/train/images/23429140_15_patch_25.png,data/processed/train/masks/23429140_15_patch_25.png,0.2154998779296875
train,23429140_15.png,26,data/processed/train/images/23429140_15_patch_26.png,data/processed/train/masks/23429140_15_patch_26.png,0.081146240234375
train,23429140_15.png,27,data/processed/train/images/23429140_15_patch_27.png,data/processed/train/masks/23429140_15_patch_27.png,0.1117706298828125
train,23429140_15.png,28,data/processed/train/images/23429140_15_patch_28.png,data/processed/train/masks/23429140_15_patch_28.png,0.0536651611328125
train,23429140_15.png,29,data/processed/train/images/23429140_15_patch_29.png,data/processed/train/masks/23429140_15_patch_29.png,0.0677947998046875
train,23429140_15.png,30,data/processed/train/images/23429140_15_patch_30.png,data/processed/train/masks/23429140_15_patch_30.png,0.032012939453125
train,23429140_15.png,31,data/processed/train/images/23429140_15_patch_31.png,data/processed/train/masks/23429140_15_patch_31.png,0.084320068359375
train,23429140_15.png,32,data/processed/train/images/23429140_15_patch_32.png,data/processed/train/masks/23429140_15_patch_32.png,0.0844879150390625
train,23429140_15.png,33,data/processed/train/images/23429140_15_patch_33.png,data/processed/train/masks/23429140_15_patch_33.png,0.0932769775390625
train,23429140_15.png,34,data/processed/train/images/23429140_15_patch_34.png,data/processed/train/masks/23429140_15_patch_34.png,0.1108245849609375
train,23429140_15.png,35,data/processed/train/images/23429140_15_patch_35.png,data/processed/train/masks/23429140_15_patch_35.png,0.0960845947265625
train,23429170_15.png,0,data/processed/train/images/23429170_15_patch_00.png,data/processed/train/masks/23429170_15_patch_00.png,0.09619140625
train,23429170_15.png,1,data/processed/train/images/23429170_15_patch_01.png,data/processed/train/masks/23429170_15_patch_01.png,0.1041412353515625
train,23429170_15.png,2,data/processed/train/images/23429170_15_patch_02.png,data/processed/train/masks/23429170_15_patch_02.png,0.102386474609375
train,23429170_15.png,3,data/processed/train/images/23429170_15_patch_03.png,data/processed/train/masks/23429170_15_patch_03.png,0.0897979736328125
train,23429170_15.png,4,data/processed/train/images/23429170_15_patch_04.png,data/processed/train/masks/23429170_15_patch_04.png,0.01239013671875
train,23429170_15.png,5,data/processed/train/images/23429170_15_patch_05.png,data/processed/train/masks/23429170_15_patch_05.png,0.0
train,23429170_15.png,6,data/processed/train/images/23429170_15_patch_06.png,data/processed/train/masks/23429170_15_patch_06.png,0.090667724609375
train,23429170_15.png,7,data/processed/train/images/23429170_15_patch_07.png,data/processed/train/masks/23429170_15_patch_07.png,0.0915069580078125
train,23429170_15.png,8,data/processed/train/images/23429170_15_patch_08.png,data/processed/train/masks/23429170_15_patch_08.png,0.1020660400390625
train,23429170_15.png,9,data/processed/train/images/23429170_15_patch_09.png,data/processed/train/masks/23429170_15_patch_09.png,0.105743408203125
train,23429170_15.png,10,data/processed/train/images/23429170_15_patch_10.png,data/processed/train/masks/23429170_15_patch_10.png,0.053466796875
train,23429170_15.png,11,data/processed/train/images/23429170_15_patch_11.png,data/processed/train/masks/23429170_15_patch_11.png,0.007049560546875
train,23429170_15.png,12,data/processed/train/images/23429170_15_patch_12.png,data/processed/train/masks/23429170_15_patch_12.png,0.0788726806640625
train,23429170_15.png,13,data/processed/train/images/23429170_15_patch_13.png,data/processed/train/masks/23429170_15_patch_13.png,0.0989837646484375
train,23429170_15.png,14,data/processed/train/images/23429170_15_patch_14.png,data/processed/train/masks/23429170_15_patch_14.png,0.0955352783203125
train,23429170_15.png,15,data/processed/train/images/23429170_15_patch_15.png,data/processed/train/masks/23429170_15_patch_15.png,0.085601806640625
train,23429170_15.png,16,data/processed/train/images/23429170_15_patch_16.png,data/processed/train/masks/23429170_15_patch_16.png,0.151397705078125
train,23429170_15.png,17,data/processed/train/images/23429170_15_patch_17.png,data/processed/train/masks/23429170_15_patch_17.png,0.010101318359375
train,23429170_15.png,18,data/processed/train/images/23429170_15_patch_18.png,data/processed/train/masks/23429170_15_patch_18.png,0.105743408203125
train,23429170_15.png,19,data/processed/train/images/23429170_15_patch_19.png,data/processed/train/masks/23429170_15_patch_19.png,0.0862274169921875
train,23429170_15.png,20,data/processed/train/images/23429170_15_patch_20.png,data/processed/train/masks/23429170_15_patch_20.png,0.07733154296875
train,23429170_15.png,21,data/processed/train/images/23429170_15_patch_21.png,data/processed/train/masks/23429170_15_patch_21.png,0.125732421875
train,23429170_15.png,22,data/processed/train/images/23429170_15_patch_22.png,data/processed/train/masks/23429170_15_patch_22.png,0.165130615234375
train,23429170_15.png,23,data/processed/train/images/23429170_15_patch_23.png,data/processed/train/masks/23429170_15_patch_23.png,0.022369384765625
train,23429170_15.png,24,data/processed/train/images/23429170_15_patch_24.png,data/processed/train/masks/23429170_15_patch_24.png,0.1068115234375
train,23429170_15.png,25,data/processed/train/images/23429170_15_patch_25.png,data/processed/train/masks/23429170_15_patch_25.png,0.0991058349609375
train,23429170_15.png,26,data/processed/train/images/23429170_15_patch_26.png,data/processed/train/masks/23429170_15_patch_26.png,0.1133880615234375
train,23429170_15.png,27,data/processed/train/images/23429170_15_patch_27.png,data/processed/train/masks/23429170_15_patch_27.png,0.095855712890625
train,23429170_15.png,28,data/processed/train/images/23429170_15_patch_28.png,data/processed/train/masks/23429170_15_patch_28.png,0.169219970703125
train,23429170_15.png,29,data/processed/train/images/23429170_15_patch_29.png,data/processed/train/masks/23429170_15_patch_29.png,0.0820770263671875
train,23429170_15.png,30,data/processed/train/images/23429170_15_patch_30.png,data/processed/train/masks/23429170_15_patch_30.png,0.088287353515625
train,23429170_15.png,31,data/processed/train/images/23429170_15_patch_31.png,data/processed/train/masks/23429170_15_patch_31.png,0.0607147216796875
train,23429170_15.png,32,data/processed/train/images/23429170_15_patch_32.png,data/processed/train/masks/23429170_15_patch_32.png,0.0958709716796875
train,23429170_15.png,33,data/processed/train/images/23429170_15_patch_33.png,data/processed/train/masks/23429170_15_patch_33.png,0.108673095703125
train,23429170_15.png,34,data/processed/train/images/23429170_15_patch_34.png,data/processed/train/masks/23429170_15_patch_34.png,0.0955810546875
train,23429170_15.png,35,data/processed/train/images/23429170_15_patch_35.png,data/processed/train/masks/23429170_15_patch_35.png,0.0272369384765625
train,23578915_15.png,0,data/processed/train/images/23578915_15_patch_00.png,data/processed/train/masks/23578915_15_patch_00.png,0.198822021484375
train,23578915_15.png,1,data/processed/train/images/23578915_15_patch_01.png,data/processed/train/masks/23578915_15_patch_01.png,0.1675567626953125
train,23578915_15.png,2,data/processed/train/images/23578915_15_patch_02.png,data/processed/train/masks/23578915_15_patch_02.png,0.165924072265625
train,23578915_15.png,3,data/processed/train/images/23578915_15_patch_03.png,data/processed/train/masks/23578915_15_patch_03.png,0.171112060546875
train,23578915_15.png,4,data/processed/train/images/23578915_15_patch_04.png,data/processed/train/masks/23578915_15_patch_04.png,0.0767669677734375
train,23578915_15.png,5,data/processed/train/images/23578915_15_patch_05.png,data/processed/train/masks/23578915_15_patch_05.png,0.042083740234375
train,23578915_15.png,6,data/processed/train/images/23578915_15_patch_06.png,data/processed/train/masks/23578915_15_patch_06.png,0.1584320068359375
train,23578915_15.png,7,data/processed/train/images/23578915_15_patch_07.png,data/processed/train/masks/23578915_15_patch_07.png,0.0890960693359375
train,23578915_15.png,8,data/processed/train/images/23578915_15_patch_08.png,data/processed/train/masks/23578915_15_patch_08.png,0.117462158203125
train,23578915_15.png,9,data/processed/train/images/23578915_15_patch_09.png,data/processed/train/masks/23578915_15_patch_09.png,0.16796875
train,23578915_15.png,10,data/processed/train/images/23578915_15_patch_10.png,data/processed/train/masks/23578915_15_patch_10.png,0.029937744140625
train,23578915_15.png,11,data/processed/train/images/23578915_15_patch_11.png,data/processed/train/masks/23578915_15_patch_11.png,0.0014495849609375
train,23578915_15.png,12,data/processed/train/images/23578915_15_patch_12.png,data/processed/train/masks/23578915_15_patch_12.png,0.1077880859375
train,23578915_15.png,13,data/processed/train/images/23578915_15_patch_13.png,data/processed/train/masks/23578915_15_patch_13.png,0.128265380859375
train,23578915_15.png,14,data/processed/train/images/23578915_15_patch_14.png,data/processed/train/masks/23578915_15_patch_14.png,0.1418304443359375
train,23578915_15.png,15,data/processed/train/images/23578915_15_patch_15.png,data/processed/train/masks/23578915_15_patch_15.png,0.13116455078125
train,23578915_15.png,16,data/processed/train/images/23578915_15_patch_16.png,data/processed/train/masks/23578915_15_patch_16.png,0.0507049560546875
train,23578915_15.png,17,data/processed/train/images/23578915_15_patch_17.png,data/processed/train/masks/23578915_15_patch_17.png,0.0
train,23578915_15.png,18,data/processed/train/images/23578915_15_patch_18.png,data/processed/train/masks/23578915_15_patch_18.png,0.133270263671875
train,23578915_15.png,19,data/processed/train/images/23578915_15_patch_19.png,data/processed/train/masks/23578915_15_patch_19.png,0.1311187744140625
train,23578915_15.png,20,data/processed/train/images/23578915_15_patch_20.png,data/processed/train/masks/23578915_15_patch_20.png,0.2494964599609375
train,23578915_15.png,21,data/processed/train/images/23578915_15_patch_21.png,data/processed/train/masks/23578915_15_patch_21.png,0.115966796875
train,23578915_15.png,22,data/processed/train/images/23578915_15_patch_22.png,data/processed/train/masks/23578915_15_patch_22.png,0.042999267578125
train,23578915_15.png,23,data/processed/train/images/23578915_15_patch_23.png,data/processed/train/masks/23578915_15_patch_23.png,0.0
train,23578915_15.png,24,data/processed/train/images/23578915_15_patch_24.png,data/processed/train/masks/23578915_15_patch_24.png,0.159271240234375
train,23578915_15.png,25,data/processed/train/images/23578915_15_patch_25.png,data/processed/train/masks/23578915_15_patch_25.png,0.071075439453125
train,23578915_15.png,26,data/processed/train/images/23578915_15_patch_26.png,data/processed/train/masks/23578915_15_patch_26.png,0.121917724609375
train,23578915_15.png,27,data/processed/train/images/23578915_15_patch_27.png,data/processed/train/masks/23578915_15_patch_27.png,0.0299072265625
train,23578915_15.png,28,data/processed/train/images/23578915_15_patch_28.png,data/processed/train/masks/23578915_15_patch_28.png,0.0056610107421875
train,23578915_15.png,29,data/processed/train/images/23578915_15_patch_29.png,data/processed/train/masks/23578915_15_patch_29.png,0.0
train,23578915_15.png,30,data/processed/train/images/23578915_15_patch_30.png,data/processed/train/masks/23578915_15_patch_30.png,0.096435546875
train,23578915_15.png,31,data/processed/train/images/23578915_15_patch_31.png,data/processed/train/masks/23578915_15_patch_31.png,0.0658111572265625
train,23578915_15.png,32,data/processed/train/images/23578915_15_patch_32.png,data/processed/train/masks/23578915_15_patch_32.png,0.066986083984375
train,23578915_15.png,33,data/processed/train/images/23578915_15_patch_33.png,data/processed/train/masks/23578915_15_patch_33.png,0.012603759765625
train,23578915_15.png,34,data/processed/train/images/23578915_15_patch_34.png,data/processed/train/masks/23578915_15_patch_34.png,0.0
train,23578915_15.png,35,data/processed/train/images/23578915_15_patch_35.png,data/processed/train/masks/23578915_15_patch_35.png,0.0
train,23578930_15.png,0,data/processed/train/images/23578930_15_patch_00.png,data/processed/train/masks/23578930_15_patch_00.png,0.223602294921875
train,23578930_15.png,1,data/processed/train/images/23578930_15_patch_01.png,data/processed/train/masks/23578930_15_patch_01.png,0.2544403076171875
train,23578930_15.png,2,data/processed/train/images/23578930_15_patch_02.png,data/processed/train/masks/23578930_15_patch_02.png,0.22845458984375
train,23578930_15.png,3,data/processed/train/images/23578930_15_patch_03.png,data/processed/train/masks/23578930_15_patch_03.png,0.216278076171875
train,23578930_15.png,4,data/processed/train/images/23578930_15_patch_04.png,data/processed/train/masks/23578930_15_patch_04.png,0.24615478515625
train,23578930_15.png,5,data/processed/train/images/23578930_15_patch_05.png,data/processed/train/masks/23578930_15_patch_05.png,0.223785400390625
train,23578930_15.png,6,data/processed/train/images/23578930_15_patch_06.png,data/processed/train/masks/23578930_15_patch_06.png,0.15521240234375
train,23578930_15.png,7,data/processed/train/images/23578930_15_patch_07.png,data/processed/train/masks/23578930_15_patch_07.png,0.3081512451171875
train,23578930_15.png,8,data/processed/train/images/23578930_15_patch_08.png,data/processed/train/masks/23578930_15_patch_08.png,0.1974029541015625
train,23578930_15.png,9,data/processed/train/images/23578930_15_patch_09.png,data/processed/train/masks/23578930_15_patch_09.png,0.215667724609375
train,23578930_15.png,10,data/processed/train/images/23578930_15_patch_10.png,data/processed/train/masks/23578930_15_patch_10.png,0.317657470703125
train,23578930_15.png,11,data/processed/train/images/23578930_15_patch_11.png,data/processed/train/masks/23578930_15_patch_11.png,0.2257080078125
train,23578930_15.png,12,data/processed/train/images/23578930_15_patch_12.png,data/processed/train/masks/23578930_15_patch_12.png,0.2182159423828125
train,23578930_15.png,13,data/processed/train/images/23578930_15_patch_13.png,data/processed/train/masks/23578930_15_patch_13.png,0.2243499755859375
train,23578930_15.png,14,data/processed/train/images/23578930_15_patch_14.png,data/processed/train/masks/23578930_15_patch_14.png,0.13580322265625
train,23578930_15.png,15,data/processed/train/images/23578930_15_patch_15.png,data/processed/train/masks/23578930_15_patch_15.png,0.2321319580078125
train,23578930_15.png,16,data/processed/train/images/23578930_15_patch_16.png,data/processed/train/masks/23578930_15_patch_16.png,0.2571563720703125
train,23578930_15.png,17,data/processed/train/images/23578930_15_patch_17.png,data/processed/train/masks/23578930_15_patch_17.png,0.168853759765625
train,23578930_15.png,18,data/processed/train/images/23578930_15_patch_18.png,data/processed/train/masks/23578930_15_patch_18.png,0.07696533203125
train,23578930_15.png,19,data/processed/train/images/23578930_15_patch_19.png,data/processed/train/masks/23578930_15_patch_19.png,0.1982574462890625
train,23578930_15.png,20,data/processed/train/images/23578930_15_patch_20.png,data/processed/train/masks/23578930_15_patch_20.png,0.179473876953125
train,23578930_15.png,21,data/processed/train/images/23578930_15_patch_21.png,data/processed/train/masks/23578930_15_patch_21.png,0.226287841796875
train,23578930_15.png,22,data/processed/train/images/23578930_15_patch_22.png,data/processed/train/masks/23578930_15_patch_22.png,0.156707763671875
train,23578930_15.png,23,data/processed/train/images/23578930_15_patch_23.png,data/processed/train/masks/23578930_15_patch_23.png,0.1621856689453125
train,23578930_15.png,24,data/processed/train/images/23578930_15_patch_24.png,data/processed/train/masks/23578930_15_patch_24.png,0.2344207763671875
train,23578930_15.png,25,data/processed/train/images/23578930_15_patch_25.png,data/processed/train/masks/23578930_15_patch_25.png,0.2649688720703125
train,23578930_15.png,26,data/processed/train/images/23578930_15_patch_26.png,data/processed/train/masks/23578930_15_patch_26.png,0.236663818359375
train,23578930_15.png,27,data/processed/train/images/23578930_15_patch_27.png,data/processed/train/masks/23578930_15_patch_27.png,0.1979522705078125
train,23578930_15.png,28,data/processed/train/images/23578930_15_patch_28.png,data/processed/train/masks/23578930_15_patch_28.png,0.1362457275390625
train,23578930_15.png,29,data/processed/train/images/23578930_15_patch_29.png,data/processed/train/masks/23578930_15_patch_29.png,0.1778411865234375
train,23578930_15.png,30,data/processed/train/images/23578930_15_patch_30.png,data/processed/train/masks/23578930_15_patch_30.png,0.2089385986328125
train,23578930_15.png,31,data/processed/train/images/23578930_15_patch_31.png,data/processed/train/masks/23578930_15_patch_31.png,0.1930999755859375
train,23578930_15.png,32,data/processed/train/images/23578930_15_patch_32.png,data/processed/train/masks/23578930_15_patch_32.png,0.20849609375
train,23578930_15.png,33,data/processed/train/images/23578930_15_patch_33.png,data/processed/train/masks/23578930_15_patch_33.png,0.1335601806640625
train,23578930_15.png,34,data/processed/train/images/23578930_15_patch_34.png,data/processed/train/masks/23578930_15_patch_34.png,0.076171875
train,23578930_15.png,35,data/processed/train/images/23578930_15_patch_35.png,data/processed/train/masks/23578930_15_patch_35.png,0.1287384033203125
train,23578945_15.png,0,data/processed/train/images/23578945_15_patch_00.png,data/processed/train/masks/23578945_15_patch_00.png,0.172576904296875
train,23578945_15.png,1,data/processed/train/images/23578945_15_patch_01.png,data/processed/train/masks/23578945_15_patch_01.png,0.2104034423828125
train,23578945_15.png,2,data/processed/train/images/23578945_15_patch_02.png,data/processed/train/masks/23578945_15_patch_02.png,0.2860870361328125
train,23578945_15.png,3,data/processed/train/images/23578945_15_patch_03.png,data/processed/train/masks/23578945_15_patch_03.png,0.2177886962890625
train,23578945_15.png,4,data/processed/train/images/23578945_15_patch_04.png,data/processed/train/masks/23578945_15_patch_04.png,0.22784423828125
train,23578945_15.png,5,data/processed/train/images/23578945_15_patch_05.png,data/processed/train/masks/23578945_15_patch_05.png,0.238739013671875
train,23578945_15.png,6,data/processed/train/images/23578945_15_patch_06.png,data/processed/train/masks/23578945_15_patch_06.png,0.160614013671875
train,23578945_15.png,7,data/processed/train/images/23578945_15_patch_07.png,data/processed/train/masks/23578945_15_patch_07.png,0.199920654296875
train,23578945_15.png,8,data/processed/train/images/23578945_15_patch_08.png,data/processed/train/masks/23578945_15_patch_08.png,0.2256927490234375
train,23578945_15.png,9,data/processed/train/images/23578945_15_patch_09.png,data/processed/train/masks/23578945_15_patch_09.png,0.1924591064453125
train,23578945_15.png,10,data/processed/train/images/23578945_15_patch_10.png,data/processed/train/masks/23578945_15_patch_10.png,0.130859375
train,23578945_15.png,11,data/processed/train/images/23578945_15_patch_11.png,data/processed/train/masks/23578945_15_patch_11.png,0.231964111328125
train,23578945_15.png,12,data/processed/train/images/23578945_15_patch_12.png,data/processed/train/masks/23578945_15_patch_12.png,0.206298828125
train,23578945_15.png,13,data/processed/train/images/23578945_15_patch_13.png,data/processed/train/masks/23578945_15_patch_13.png,0.217193603515625
train,23578945_15.png,14,data/processed/train/images/23578945_15_patch_14.png,data/processed/train/masks/23578945_15_patch_14.png,0.248046875
train,23578945_15.png,15,data/processed/train/images/23578945_15_patch_15.png,data/processed/train/masks/23578945_15_patch_15.png,0.2357635498046875
train,23578945_15.png,16,data/processed/train/images/23578945_15_patch_16.png,data/processed/train/masks/23578945_15_patch_16.png,0.28851318359375
train,23578945_15.png,17,data/processed/train/images/23578945_15_patch_17.png,data/processed/train/masks/23578945_15_patch_17.png,0.230987548828125
train,23578945_15.png,18,data/processed/train/images/23578945_15_patch_18.png,data/processed/train/masks/23578945_15_patch_18.png,0.26312255859375
train,23578945_15.png,19,data/processed/train/images/23578945_15_patch_19.png,data/processed/train/masks/23578945_15_patch_19.png,0.28607177734375
train,23578945_15.png,20,data/processed/train/images/23578945_15_patch_20.png,data/processed/train/masks/23578945_15_patch_20.png,0.2593231201171875
train,23578945_15.png,21,data/processed/train/images/23578945_15_patch_21.png,data/processed/train/masks/23578945_15_patch_21.png,0.187744140625
train,23578945_15.png,22,data/processed/train/images/23578945_15_patch_22.png,data/processed/train/masks/23578945_15_patch_22.png,0.3149566650390625
train,23578945_15.png,23,data/processed/train/images/23578945_15_patch_23.png,data/processed/train/masks/23578945_15_patch_23.png,0.2479095458984375
train,23578945_15.png,24,data/processed/train/images/23578945_15_patch_24.png,data/processed/train/masks/23578945_15_patch_24.png,0.19757080078125
train,23578945_15.png,25,data/processed/train/images/23578945_15_patch_25.png,data/processed/train/masks/23578945_15_patch_25.png,0.2265472412109375
train,23578945_15.png,26,data/processed/train/images/23578945_15_patch_26.png,data/processed/train/masks/23578945_15_patch_26.png,0.2342529296875
train,23578945_15.png,27,data/processed/train/images/23578945_15_patch_27.png,data/processed/train/masks/23578945_15_patch_27.png,0.1937713623046875
train,23578945_15.png,28,data/processed/train/images/23578945_15_patch_28.png,data/processed/train/masks/23578945_15_patch_28.png,0.12481689453125
train,23578945_15.png,29,data/processed/train/images/23578945_15_patch_29.png,data/processed/train/masks/23578945_15_patch_29.png,0.13372802734375
train,23578945_15.png,30,data/processed/train/images/23578945_15_patch_30.png,data/processed/train/masks/23578945_15_patch_30.png,0.1451416015625
train,23578945_15.png,31,data/processed/train/images/23578945_15_patch_31.png,data/processed/train/masks/23578945_15_patch_31.png,0.1900634765625
train,23578945_15.png,32,data/processed/train/images/23578945_15_patch_32.png,data/processed/train/masks/23578945_15_patch_32.png,0.1516876220703125
train,23578945_15.png,33,data/processed/train/images/23578945_15_patch_33.png,data/processed/train/masks/23578945_15_patch_33.png,0.145111083984375
train,23578945_15.png,34,data/processed/train/images/23578945_15_patch_34.png,data/processed/train/masks/23578945_15_patch_34.png,0.249969482421875
train,23578945_15.png,35,data/processed/train/images/23578945_15_patch_35.png,data/processed/train/masks/23578945_15_patch_35.png,0.197845458984375
train,23578975_15.png,0,data/processed/train/images/23578975_15_patch_00.png,data/processed/train/masks/23578975_15_patch_00.png,0.37420654296875
train,23578975_15.png,1,data/processed/train/images/23578975_15_patch_01.png,data/processed/train/masks/23578975_15_patch_01.png,0.1923675537109375
train,23578975_15.png,2,data/processed/train/images/23578975_15_patch_02.png,data/processed/train/masks/23578975_15_patch_02.png,0.4720916748046875
train,23578975_15.png,3,data/processed/train/images/23578975_15_patch_03.png,data/processed/train/masks/23578975_15_patch_03.png,0.1726531982421875
train,23578975_15.png,4,data/processed/train/images/23578975_15_patch_04.png,data/processed/train/masks/23578975_15_patch_04.png,0.185211181640625
train,23578975_15.png,5,data/processed/train/images/23578975_15_patch_05.png,data/processed/train/masks/23578975_15_patch_05.png,0.1224212646484375
train,23578975_15.png,6,data/processed/train/images/23578975_15_patch_06.png,data/processed/train/masks/23578975_15_patch_06.png,0.1398773193359375
train,23578975_15.png,7,data/processed/train/images/23578975_15_patch_07.png,data/processed/train/masks/23578975_15_patch_07.png,0.28955078125
train,23578975_15.png,8,data/processed/train/images/23578975_15_patch_08.png,data/processed/train/masks/23578975_15_patch_08.png,0.3069915771484375
train,23578975_15.png,9,data/processed/train/images/23578975_15_patch_09.png,data/processed/train/masks/23578975_15_patch_09.png,0.2752685546875
train,23578975_15.png,10,data/processed/train/images/23578975_15_patch_10.png,data/processed/train/masks/23578975_15_patch_10.png,0.09014892578125
train,23578975_15.png,11,data/processed/train/images/23578975_15_patch_11.png,data/processed/train/masks/23578975_15_patch_11.png,0.1051177978515625
train,23578975_15.png,12,data/processed/train/images/23578975_15_patch_12.png,data/processed/train/masks/23578975_15_patch_12.png,0.31884765625
train,23578975_15.png,13,data/processed/train/images/23578975_15_patch_13.png,data/processed/train/masks/23578975_15_patch_13.png,0.43035888671875
train,23578975_15.png,14,data/processed/train/images/23578975_15_patch_14.png,data/processed/train/masks/23578975_15_patch_14.png,0.2890625
train,23578975_15.png,15,data/processed/train/images/23578975_15_patch_15.png,data/processed/train/masks/23578975_15_patch_15.png,0.365203857421875
train,23578975_15.png,16,data/processed/train/images/23578975_15_patch_16.png,data/processed/train/masks/23578975_15_patch_16.png,0.1701202392578125
train,23578975_15.png,17,data/processed/train/images/23578975_15_patch_17.png,data/processed/train/masks/23578975_15_patch_17.png,0.12005615234375
train,23578975_15.png,18,data/processed/train/images/23578975_15_patch_18.png,data/processed/train/masks/23578975_15_patch_18.png,0.194061279296875
train,23578975_15.png,19,data/processed/train/images/23578975_15_patch_19.png,data/processed/train/masks/23578975_15_patch_19.png,0.26153564453125
train,23578975_15.png,20,data/processed/train/images/23578975_15_patch_20.png,data/processed/train/masks/23578975_15_patch_20.png,0.1002349853515625
train,23578975_15.png,21,data/processed/train/images/23578975_15_patch_21.png,data/processed/train/masks/23578975_15_patch_21.png,0.15228271484375
train,23578975_15.png,22,data/processed/train/images/23578975_15_patch_22.png,data/processed/train/masks/23578975_15_patch_22.png,0.26995849609375
train,23578975_15.png,23,data/processed/train/images/23578975_15_patch_23.png,data/processed/train/masks/23578975_15_patch_23.png,0.19598388671875
train,23578975_15.png,24,data/processed/train/images/23578975_15_patch_24.png,data/processed/train/masks/23578975_15_patch_24.png,0.2247314453125
train,23578975_15.png,25,data/processed/train/images/23578975_15_patch_25.png,data/processed/train/masks/23578975_15_patch_25.png,0.2492523193359375
train,23578975_15.png,26,data/processed/train/images/23578975_15_patch_26.png,data/processed/train/masks/23578975_15_patch_26.png,0.0766754150390625
train,23578975_15.png,27,data/processed/train/images/23578975_15_patch_27.png,data/processed/train/masks/23578975_15_patch_27.png,0.28607177734375
train,23578975_15.png,28,data/processed/train/images/23578975_15_patch_28.png,data/processed/train/masks/23578975_15_patch_28.png,0.225738525390625
train,23578975_15.png,29,data/processed/train/images/23578975_15_patch_29.png,data/processed/train/masks/23578975_15_patch_29.png,0.227081298828125
train,23578975_15.png,30,data/processed/train/images/23578975_15_patch_30.png,data/processed/train/masks/23578975_15_patch_30.png,0.1547393798828125
train,23578975_15.png,31,data/processed/train/images/23578975_15_patch_31.png,data/processed/train/masks/23578975_15_patch_31.png,0.1646728515625
train,23578975_15.png,32,data/processed/train/images/23578975_15_patch_32.png,data/processed/train/masks/23578975_15_patch_32.png,0.215789794921875
train,23578975_15.png,33,data/processed/train/images/23578975_15_patch_33.png,data/processed/train/masks/23578975_15_patch_33.png,0.1543121337890625
train,23578975_15.png,34,data/processed/train/images/23578975_15_patch_34.png,data/processed/train/masks/23578975_15_patch_34.png,0.1816253662109375
train,23578975_15.png,35,data/processed/train/images/23578975_15_patch_35.png,data/processed/train/masks/23578975_15_patch_35.png,0.1841278076171875
train,23578990_15.png,0,data/processed/train/images/23578990_15_patch_00.png,data/processed/train/masks/23578990_15_patch_00.png,0.42987060546875
train,23578990_15.png,1,data/processed/train/images/23578990_15_patch_01.png,data/processed/train/masks/23578990_15_patch_01.png,0.36297607421875
train,23578990_15.png,2,data/processed/train/images/23578990_15_patch_02.png,data/processed/train/masks/23578990_15_patch_02.png,0.3108062744140625
train,23578990_15.png,3,data/processed/train/images/23578990_15_patch_03.png,data/processed/train/masks/23578990_15_patch_03.png,0.225311279296875
train,23578990_15.png,4,data/processed/train/images/23578990_15_patch_04.png,data/processed/train/masks/23578990_15_patch_04.png,0.0970458984375
train,23578990_15.png,5,data/processed/train/images/23578990_15_patch_05.png,data/processed/train/masks/23578990_15_patch_05.png,0.0
train,23578990_15.png,6,data/processed/train/images/23578990_15_patch_06.png,data/processed/train/masks/23578990_15_patch_06.png,0.3293304443359375
train,23578990_15.png,7,data/processed/train/images/23578990_15_patch_07.png,data/processed/train/masks/23578990_15_patch_07.png,0.2966766357421875
train,23578990_15.png,8,data/processed/train/images/23578990_15_patch_08.png,data/processed/train/masks/23578990_15_patch_08.png,0.2141876220703125
train,23578990_15.png,9,data/processed/train/images/23578990_15_patch_09.png,data/processed/train/masks/23578990_15_patch_09.png,0.2943572998046875
train,23578990_15.png,10,data/processed/train/images/23578990_15_patch_10.png,data/processed/train/masks/23578990_15_patch_10.png,0.08551025390625
train,23578990_15.png,11,data/processed/train/images/23578990_15_patch_11.png,data/processed/train/masks/23578990_15_patch_11.png,0.0073089599609375
train,23578990_15.png,12,data/processed/train/images/23578990_15_patch_12.png,data/processed/train/masks/23578990_15_patch_12.png,0.2811431884765625
train,23578990_15.png,13,data/processed/train/images/23578990_15_patch_13.png,data/processed/train/masks/23578990_15_patch_13.png,0.305877685546875
train,23578990_15.png,14,data/processed/train/images/23578990_15_patch_14.png,data/processed/train/masks/23578990_15_patch_14.png,0.37506103515625
train,23578990_15.png,15,data/processed/train/images/23578990_15_patch_15.png,data/processed/train/masks/23578990_15_patch_15.png,0.2700958251953125
train,23578990_15.png,16,data/processed/train/images/23578990_15_patch_16.png,data/processed/train/masks/23578990_15_patch_16.png,0.2108612060546875
train,23578990_15.png,17,data/processed/train/images/23578990_15_patch_17.png,data/processed/train/masks/23578990_15_patch_17.png,0.1654205322265625
train,23578990_15.png,18,data/processed/train/images/23578990_15_patch_18.png,data/processed/train/masks/23578990_15_patch_18.png,0.212677001953125
train,23578990_15.png,19,data/processed/train/images/23578990_15_patch_19.png,data/processed/train/masks/23578990_15_patch_19.png,0.2101898193359375
train,23578990_15.png,20,data/processed/train/images/23578990_15_patch_20.png,data/processed/train/masks/23578990_15_patch_20.png,0.309234619140625
train,23578990_15.png,21,data/processed/train/images/23578990_15_patch_21.png,data/processed/train/masks/23578990_15_patch_21.png,0.147552490234375
train,23578990_15.png,22,data/processed/train/images/23578990_15_patch_22.png,data/processed/train/masks/23578990_15_patch_22.png,0.1351318359375
train,23578990_15.png,23,data/processed/train/images/23578990_15_patch_23.png,data/processed/train/masks/23578990_15_patch_23.png,0.371337890625
train,23578990_15.png,24,data/processed/train/images/23578990_15_patch_24.png,data/processed/train/masks/23578990_15_patch_24.png,0.3130035400390625
train,23578990_15.png,25,data/processed/train/images/23578990_15_patch_25.png,data/processed/train/masks/23578990_15_patch_25.png,0.3605499267578125
train,23578990_15.png,26,data/processed/train/images/23578990_15_patch_26.png,data/processed/train/masks/23578990_15_patch_26.png,0.2918548583984375
train,23578990_15.png,27,data/processed/train/images/23578990_15_patch_27.png,data/processed/train/masks/23578990_15_patch_27.png,0.0793914794921875
train,23578990_15.png,28,data/processed/train/images/23578990_15_patch_28.png,data/processed/train/masks/23578990_15_patch_28.png,0.1991729736328125
train,23578990_15.png,29,data/processed/train/images/23578990_15_patch_29.png,data/processed/train/masks/23578990_15_patch_29.png,0.181060791015625
train,23578990_15.png,30,data/processed/train/images/23578990_15_patch_30.png,data/processed/train/masks/23578990_15_patch_30.png,0.3117828369140625
train,23578990_15.png,31,data/processed/train/images/23578990_15_patch_31.png,data/processed/train/masks/23578990_15_patch_31.png,0.213897705078125
train,23578990_15.png,32,data/processed/train/images/23578990_15_patch_32.png,data/processed/train/masks/23578990_15_patch_32.png,0.2272186279296875
train,23578990_15.png,33,data/processed/train/images/23578990_15_patch_33.png,data/processed/train/masks/23578990_15_patch_33.png,0.1512603759765625
train,23578990_15.png,34,data/processed/train/images/23578990_15_patch_34.png,data/processed/train/masks/23578990_15_patch_34.png,0.0974884033203125
train,23578990_15.png,35,data/processed/train/images/23578990_15_patch_35.png,data/processed/train/masks/23578990_15_patch_35.png,0.3498382568359375
train,23579020_15.png,0,data/processed/train/images/23579020_15_patch_00.png,data/processed/train/masks/23579020_15_patch_00.png,0.069305419921875
train,23579020_15.png,1,data/processed/train/images/23579020_15_patch_01.png,data/processed/train/masks/23579020_15_patch_01.png,0.02618408203125
train,23579020_15.png,2,data/processed/train/images/23579020_15_patch_02.png,data/processed/train/masks/23579020_15_patch_02.png,0.0849609375
train,23579020_15.png,3,data/processed/train/images/23579020_15_patch_03.png,data/processed/train/masks/23579020_15_patch_03.png,0.2380523681640625
train,23579020_15.png,4,data/processed/train/images/23579020_15_patch_04.png,data/processed/train/masks/23579020_15_patch_04.png,0.244903564453125
train,23579020_15.png,5,data/processed/train/images/23579020_15_patch_05.png,data/processed/train/masks/23579020_15_patch_05.png,0.13134765625
train,23579020_15.png,6,data/processed/train/images/23579020_15_patch_06.png,data/processed/train/masks/23579020_15_patch_06.png,0.0872344970703125
train,23579020_15.png,7,data/processed/train/images/23579020_15_patch_07.png,data/processed/train/masks/23579020_15_patch_07.png,0.08343505859375
train,23579020_15.png,8,data/processed/train/images/23579020_15_patch_08.png,data/processed/train/masks/23579020_15_patch_08.png,0.0134429931640625
train,23579020_15.png,9,data/processed/train/images/23579020_15_patch_09.png,data/processed/train/masks/23579020_15_patch_09.png,0.0197601318359375
train,23579020_15.png,10,data/processed/train/images/23579020_15_patch_10.png,data/processed/train/masks/23579020_15_patch_10.png,0.106689453125
train,23579020_15.png,11,data/processed/train/images/23579020_15_patch_11.png,data/processed/train/masks/23579020_15_patch_11.png,0.115875244140625
train,23579020_15.png,12,data/processed/train/images/23579020_15_patch_12.png,data/processed/train/masks/23579020_15_patch_12.png,0.0681610107421875
train,23579020_15.png,13,data/processed/train/images/23579020_15_patch_13.png,data/processed/train/masks/23579020_15_patch_13.png,0.0526275634765625
train,23579020_15.png,14,data/processed/train/images/23579020_15_patch_14.png,data/processed/train/masks/23579020_15_patch_14.png,0.0438385009765625
train,23579020_15.png,15,data/processed/train/images/23579020_15_patch_15.png,data/processed/train/masks/23579020_15_patch_15.png,0.0264129638671875
train,23579020_15.png,16,data/processed/train/images/23579020_15_patch_16.png,data/processed/train/masks/23579020_15_patch_16.png,0.00653076171875
train,23579020_15.png,17,data/processed/train/images/23579020_15_patch_17.png,data/processed/train/masks/23579020_15_patch_17.png,0.056121826171875
train,23579020_15.png,18,data/processed/train/images/23579020_15_patch_18.png,data/processed/train/masks/23579020_15_patch_18.png,0.0377197265625
train,23579020_15.png,19,data/processed/train/images/23579020_15_patch_19.png,data/processed/train/masks/23579020_15_patch_19.png,0.018035888671875
train,23579020_15.png,20,data/processed/train/images/23579020_15_patch_20.png,data/processed/train/masks/23579020_15_patch_20.png,0.1099700927734375
train,23579020_15.png,21,data/processed/train/images/23579020_15_patch_21.png,data/processed/train/masks/23579020_15_patch_21.png,0.082672119140625
train,23579020_15.png,22,data/processed/train/images/23579020_15_patch_22.png,data/processed/train/masks/23579020_15_patch_22.png,0.234283447265625
train,23579020_15.png,23,data/processed/train/images/23579020_15_patch_23.png,data/processed/train/masks/23579020_15_patch_23.png,0.316619873046875
train,23579020_15.png,24,data/processed/train/images/23579020_15_patch_24.png,data/processed/train/masks/23579020_15_patch_24.png,0.0
train,23579020_15.png,25,data/processed/train/images/23579020_15_patch_25.png,data/processed/train/masks/23579020_15_patch_25.png,0.1312255859375
train,23579020_15.png,26,data/processed/train/images/23579020_15_patch_26.png,data/processed/train/masks/23579020_15_patch_26.png,0.3477325439453125
train,23579020_15.png,27,data/processed/train/images/23579020_15_patch_27.png,data/processed/train/masks/23579020_15_patch_27.png,0.2917022705078125
train,23579020_15.png,28,data/processed/train/images/23579020_15_patch_28.png,data/processed/train/masks/23579020_15_patch_28.png,0.35296630859375
train,23579020_15.png,29,data/processed/train/images/23579020_15_patch_29.png,data/processed/train/masks/23579020_15_patch_29.png,0.1292724609375
train,23579020_15.png,30,data/processed/train/images/23579020_15_patch_30.png,data/processed/train/masks/23579020_15_patch_30.png,0.0
train,23579020_15.png,31,data/processed/train/images/23579020_15_patch_31.png,data/processed/train/masks/23579020_15_patch_31.png,0.2089996337890625
train,23579020_15.png,32,data/processed/train/images/23579020_15_patch_32.png,data/processed/train/masks/23579020_15_patch_32.png,0.3036346435546875
train,23579020_15.png,33,data/processed/train/images/23579020_15_patch_33.png,data/processed/train/masks/23579020_15_patch_33.png,0.2847900390625
train,23579020_15.png,34,data/processed/train/images/23579020_15_patch_34.png,data/processed/train/masks/23579020_15_patch_34.png,0.2905120849609375
train,23579020_15.png,35,data/processed/train/images/23579020_15_patch_35.png,data/processed/train/masks/23579020_15_patch_35.png,0.312164306640625
train,23579035_15.png,0,data/processed/train/images/23579035_15_patch_00.png,data/processed/train/masks/23579035_15_patch_00.png,0.1370697021484375
train,23579035_15.png,1,data/processed/train/images/23579035_15_patch_01.png,data/processed/train/masks/23579035_15_patch_01.png,0.0
train,23579035_15.png,2,data/processed/train/images/23579035_15_patch_02.png,data/processed/train/masks/23579035_15_patch_02.png,0.0
train,23579035_15.png,3,data/processed/train/images/23579035_15_patch_03.png,data/processed/train/masks/23579035_15_patch_03.png,0.0
train,23579035_15.png,4,data/processed/train/images/23579035_15_patch_04.png,data/processed/train/masks/23579035_15_patch_04.png,0.0
train,23579035_15.png,5,data/processed/train/images/23579035_15_patch_05.png,data/processed/train/masks/23579035_15_patch_05.png,0.0
train,23579035_15.png,6,data/processed/train/images/23579035_15_patch_06.png,data/processed/train/masks/23579035_15_patch_06.png,0.0778961181640625
train,23579035_15.png,7,data/processed/train/images/23579035_15_patch_07.png,data/processed/train/masks/23579035_15_patch_07.png,0.2388153076171875
train,23579035_15.png,8,data/processed/train/images/23579035_15_patch_08.png,data/processed/train/masks/23579035_15_patch_08.png,0.150604248046875
train,23579035_15.png,9,data/processed/train/images/23579035_15_patch_09.png,data/processed/train/masks/23579035_15_patch_09.png,0.01190185546875
train,23579035_15.png,10,data/processed/train/images/23579035_15_patch_10.png,data/processed/train/masks/23579035_15_patch_10.png,0.0
train,23579035_15.png,11,data/processed/train/images/23579035_15_patch_11.png,data/processed/train/masks/23579035_15_patch_11.png,0.0
train,23579035_15.png,12,data/processed/train/images/23579035_15_patch_12.png,data/processed/train/masks/23579035_15_patch_12.png,0.2641143798828125
train,23579035_15.png,13,data/processed/train/images/23579035_15_patch_13.png,data/processed/train/masks/23579035_15_patch_13.png,0.2757720947265625
train,23579035_15.png,14,data/processed/train/images/23579035_15_patch_14.png,data/processed/train/masks/23579035_15_patch_14.png,0.2541351318359375
train,23579035_15.png,15,data/processed/train/images/23579035_15_patch_15.png,data/processed/train/masks/23579035_15_patch_15.png,0.1100311279296875
train,23579035_15.png,16,data/processed/train/images/23579035_15_patch_16.png,data/processed/train/masks/23579035_15_patch_16.png,0.114227294921875
train,23579035_15.png,17,data/processed/train/images/23579035_15_patch_17.png,data/processed/train/masks/23579035_15_patch_17.png,0.0013275146484375
train,23579035_15.png,18,data/processed/train/images/23579035_15_patch_18.png,data/processed/train/masks/23579035_15_patch_18.png,0.2289276123046875
train,23579035_15.png,19,data/processed/train/images/23579035_15_patch_19.png,data/processed/train/masks/23579035_15_patch_19.png,0.246368408203125
train,23579035_15.png,20,data/processed/train/images/23579035_15_patch_20.png,data/processed/train/masks/23579035_15_patch_20.png,0.30694580078125
train,23579035_15.png,21,data/processed/train/images/23579035_15_patch_21.png,data/processed/train/masks/23579035_15_patch_21.png,0.352294921875
train,23579035_15.png,22,data/processed/train/images/23579035_15_patch_22.png,data/processed/train/masks/23579035_15_patch_22.png,0.287506103515625
train,23579035_15.png,23,data/processed/train/images/23579035_15_patch_23.png,data/processed/train/masks/23579035_15_patch_23.png,0.138031005859375
train,23579035_15.png,24,data/processed/train/images/23579035_15_patch_24.png,data/processed/train/masks/23579035_15_patch_24.png,0.358489990234375
train,23579035_15.png,25,data/processed/train/images/23579035_15_patch_25.png,data/processed/train/masks/23579035_15_patch_25.png,0.043121337890625
train,23579035_15.png,26,data/processed/train/images/23579035_15_patch_26.png,data/processed/train/masks/23579035_15_patch_26.png,0.32037353515625
train,23579035_15.png,27,data/processed/train/images/23579035_15_patch_27.png,data/processed/train/masks/23579035_15_patch_27.png,0.3259429931640625
train,23579035_15.png,28,data/processed/train/images/23579035_15_patch_28.png,data/processed/train/masks/23579035_15_patch_28.png,0.2830352783203125
train,23579035_15.png,29,data/processed/train/images/23579035_15_patch_29.png,data/processed/train/masks/23579035_15_patch_29.png,0.2275848388671875
train,23579035_15.png,30,data/processed/train/images/23579035_15_patch_30.png,data/processed/train/masks/23579035_15_patch_30.png,0.0225067138671875
train,23579035_15.png,31,data/processed/train/images/23579035_15_patch_31.png,data/processed/train/masks/23579035_15_patch_31.png,0.130615234375
train,23579035_15.png,32,data/processed/train/images/23579035_15_patch_32.png,data/processed/train/masks/23579035_15_patch_32.png,0.08709716796875
train,23579035_15.png,33,data/processed/train/images/23579035_15_patch_33.png,data/processed/train/masks/23579035_15_patch_33.png,0.2563934326171875
train,23579035_15.png,34,data/processed/train/images/23579035_15_patch_34.png,data/processed/train/masks/23579035_15_patch_34.png,0.229522705078125
train,23579035_15.png,35,data/processed/train/images/23579035_15_patch_35.png,data/processed/train/masks/23579035_15_patch_35.png,0.209197998046875
train,23579065_15.png,0,data/processed/train/images/23579065_15_patch_00.png,data/processed/train/masks/23579065_15_patch_00.png,0.171539306640625
train,23579065_15.png,1,data/processed/train/images/23579065_15_patch_01.png,data/processed/train/masks/23579065_15_patch_01.png,0.1620025634765625
train,23579065_15.png,2,data/processed/train/images/23579065_15_patch_02.png,data/processed/train/masks/23579065_15_patch_02.png,0.213897705078125
train,23579065_15.png,3,data/processed/train/images/23579065_15_patch_03.png,data/processed/train/masks/23579065_15_patch_03.png,0.2316741943359375
train,23579065_15.png,4,data/processed/train/images/23579065_15_patch_04.png,data/processed/train/masks/23579065_15_patch_04.png,0.2084808349609375
train,23579065_15.png,5,data/processed/train/images/23579065_15_patch_05.png,data/processed/train/masks/23579065_15_patch_05.png,0.1545562744140625
train,23579065_15.png,6,data/processed/train/images/23579065_15_patch_06.png,data/processed/train/masks/23579065_15_patch_06.png,0.007904052734375
train,23579065_15.png,7,data/processed/train/images/23579065_15_patch_07.png,data/processed/train/masks/23579065_15_patch_07.png,0.0
train,23579065_15.png,8,data/processed/train/images/23579065_15_patch_08.png,data/processed/train/masks/23579065_15_patch_08.png,0.2289276123046875
train,23579065_15.png,9,data/processed/train/images/23579065_15_patch_09.png,data/processed/train/masks/23579065_15_patch_09.png,0.2252960205078125
train,23579065_15.png,10,data/processed/train/images/23579065_15_patch_10.png,data/processed/train/masks/23579065_15_patch_10.png,0.2534942626953125
train,23579065_15.png,11,data/processed/train/images/23579065_15_patch_11.png,data/processed/train/masks/23579065_15_patch_11.png,0.1677703857421875
train,23579065_15.png,12,data/processed/train/images/23579065_15_patch_12.png,data/processed/train/masks/23579065_15_patch_12.png,0.07135009765625
train,23579065_15.png,13,data/processed/train/images/23579065_15_patch_13.png,data/processed/train/masks/23579065_15_patch_13.png,0.0
train,23579065_15.png,14,data/processed/train/images/23579065_15_patch_14.png,data/processed/train/masks/23579065_15_patch_14.png,0.0651092529296875
train,23579065_15.png,15,data/processed/train/images/23579065_15_patch_15.png,data/processed/train/masks/23579065_15_patch_15.png,0.1585540771484375
train,23579065_15.png,16,data/processed/train/images/23579065_15_patch_16.png,data/processed/train/masks/23579065_15_patch_16.png,0.2530059814453125
train,23579065_15.png,17,data/processed/train/images/23579065_15_patch_17.png,data/processed/train/masks/23579065_15_patch_17.png,0.18621826171875
train,23579065_15.png,18,data/processed/train/images/23579065_15_patch_18.png,data/processed/train/masks/23579065_15_patch_18.png,0.0465850830078125
train,23579065_15.png,19,data/processed/train/images/23579065_15_patch_19.png,data/processed/train/masks/23579065_15_patch_19.png,0.1566162109375
train,23579065_15.png,20,data/processed/train/images/23579065_15_patch_20.png,data/processed/train/masks/23579065_15_patch_20.png,0.37750244140625
train,23579065_15.png,21,data/processed/train/images/23579065_15_patch_21.png,data/processed/train/masks/23579065_15_patch_21.png,0.20819091796875
train,23579065_15.png,22,data/processed/train/images/23579065_15_patch_22.png,data/processed/train/masks/23579065_15_patch_22.png,0.245086669921875
train,23579065_15.png,23,data/processed/train/images/23579065_15_patch_23.png,data/processed/train/masks/23579065_15_patch_23.png,0.2187347412109375
train,23579065_15.png,24,data/processed/train/images/23579065_15_patch_24.png,data/processed/train/masks/23579065_15_patch_24.png,0.05859375
train,23579065_15.png,25,data/processed/train/images/23579065_15_patch_25.png,data/processed/train/masks/23579065_15_patch_25.png,0.2112579345703125
train,23579065_15.png,26,data/processed/train/images/23579065_15_patch_26.png,data/processed/train/masks/23579065_15_patch_26.png,0.2352447509765625
train,23579065_15.png,27,data/processed/train/images/23579065_15_patch_27.png,data/processed/train/masks/23579065_15_patch_27.png,0.2234039306640625
train,23579065_15.png,28,data/processed/train/images/23579065_15_patch_28.png,data/processed/train/masks/23579065_15_patch_28.png,0.2957611083984375
train,23579065_15.png,29,data/processed/train/images/23579065_15_patch_29.png,data/processed/train/masks/23579065_15_patch_29.png,0.243988037109375
train,23579065_15.png,30,data/processed/train/images/23579065_15_patch_30.png,data/processed/train/masks/23579065_15_patch_30.png,0.0
train,23579065_15.png,31,data/processed/train/images/23579065_15_patch_31.png,data/processed/train/masks/23579065_15_patch_31.png,0.0
train,23579065_15.png,32,data/processed/train/images/23579065_15_patch_32.png,data/processed/train/masks/23579065_15_patch_32.png,0.0754547119140625
train,23579065_15.png,33,data/processed/train/images/23579065_15_patch_33.png,data/processed/train/masks/23579065_15_patch_33.png,0.098541259765625
train,23579065_15.png,34,data/processed/train/images/23579065_15_patch_34.png,data/processed/train/masks/23579065_15_patch_34.png,0.06231689453125
train,23579065_15.png,35,data/processed/train/images/23579065_15_patch_35.png,data/processed/train/masks/23579065_15_patch_35.png,0.1136322021484375
train,23579080_15.png,0,data/processed/train/images/23579080_15_patch_00.png,data/processed/train/masks/23579080_15_patch_00.png,0.19708251953125
train,23579080_15.png,1,data/processed/train/images/23579080_15_patch_01.png,data/processed/train/masks/23579080_15_patch_01.png,0.348785400390625
train,23579080_15.png,2,data/processed/train/images/23579080_15_patch_02.png,data/processed/train/masks/23579080_15_patch_02.png,0.2891845703125
train,23579080_15.png,3,data/processed/train/images/23579080_15_patch_03.png,data/processed/train/masks/23579080_15_patch_03.png,0.3194732666015625
train,23579080_15.png,4,data/processed/train/images/23579080_15_patch_04.png,data/processed/train/masks/23579080_15_patch_04.png,0.1636810302734375
train,23579080_15.png,5,data/processed/train/images/23579080_15_patch_05.png,data/processed/train/masks/23579080_15_patch_05.png,0.2361602783203125
train,23579080_15.png,6,data/processed/train/images/23579080_15_patch_06.png,data/processed/train/masks/23579080_15_patch_06.png,0.22662353515625
train,23579080_15.png,7,data/processed/train/images/23579080_15_patch_07.png,data/processed/train/masks/23579080_15_patch_07.png,0.2558746337890625
train,23579080_15.png,8,data/processed/train/images/23579080_15_patch_08.png,data/processed/train/masks/23579080_15_patch_08.png,0.334442138671875
train,23579080_15.png,9,data/processed/train/images/23579080_15_patch_09.png,data/processed/train/masks/23579080_15_patch_09.png,0.2055816650390625
train,23579080_15.png,10,data/processed/train/images/23579080_15_patch_10.png,data/processed/train/masks/23579080_15_patch_10.png,0.203033447265625
train,23579080_15.png,11,data/processed/train/images/23579080_15_patch_11.png,data/processed/train/masks/23579080_15_patch_11.png,0.1901397705078125
train,23579080_15.png,12,data/processed/train/images/23579080_15_patch_12.png,data/processed/train/masks/23579080_15_patch_12.png,0.2545318603515625
train,23579080_15.png,13,data/processed/train/images/23579080_15_patch_13.png,data/processed/train/masks/23579080_15_patch_13.png,0.271881103515625
train,23579080_15.png,14,data/processed/train/images/23579080_15_patch_14.png,data/processed/train/masks/23579080_15_patch_14.png,0.209075927734375
train,23579080_15.png,15,data/processed/train/images/23579080_15_patch_15.png,data/processed/train/masks/23579080_15_patch_15.png,0.228973388671875
train,23579080_15.png,16,data/processed/train/images/23579080_15_patch_16.png,data/processed/train/masks/23579080_15_patch_16.png,0.204193115234375
train,23579080_15.png,17,data/processed/train/images/23579080_15_patch_17.png,data/processed/train/masks/23579080_15_patch_17.png,0.1881103515625
train,23579080_15.png,18,data/processed/train/images/23579080_15_patch_18.png,data/processed/train/masks/23579080_15_patch_18.png,0.2236480712890625
train,23579080_15.png,19,data/processed/train/images/23579080_15_patch_19.png,data/processed/train/masks/23579080_15_patch_19.png,0.302703857421875
train,23579080_15.png,20,data/processed/train/images/23579080_15_patch_20.png,data/processed/train/masks/23579080_15_patch_20.png,0.193115234375
train,23579080_15.png,21,data/processed/train/images/23579080_15_patch_21.png,data/processed/train/masks/23579080_15_patch_21.png,0.229156494140625
train,23579080_15.png,22,data/processed/train/images/23579080_15_patch_22.png,data/processed/train/masks/23579080_15_patch_22.png,0.232757568359375
train,23579080_15.png,23,data/processed/train/images/23579080_15_patch_23.png,data/processed/train/masks/23579080_15_patch_23.png,0.1600494384765625
train,23579080_15.png,24,data/processed/train/images/23579080_15_patch_24.png,data/processed/train/masks/23579080_15_patch_24.png,0.2213592529296875
train,23579080_15.png,25,data/processed/train/images/23579080_15_patch_25.png,data/processed/train/masks/23579080_15_patch_25.png,0.1670074462890625
train,23579080_15.png,26,data/processed/train/images/23579080_15_patch_26.png,data/processed/train/masks/23579080_15_patch_26.png,0.263519287109375
train,23579080_15.png,27,data/processed/train/images/23579080_15_patch_27.png,data/processed/train/masks/23579080_15_patch_27.png,0.200225830078125
train,23579080_15.png,28,data/processed/train/images/23579080_15_patch_28.png,data/processed/train/masks/23579080_15_patch_28.png,0.18157958984375
train,23579080_15.png,29,data/processed/train/images/23579080_15_patch_29.png,data/processed/train/masks/23579080_15_patch_29.png,0.159393310546875
train,23579080_15.png,30,data/processed/train/images/23579080_15_patch_30.png,data/processed/train/masks/23579080_15_patch_30.png,0.121337890625
train,23579080_15.png,31,data/processed/train/images/23579080_15_patch_31.png,data/processed/train/masks/23579080_15_patch_31.png,0.139923095703125
train,23579080_15.png,32,data/processed/train/images/23579080_15_patch_32.png,data/processed/train/masks/23579080_15_patch_32.png,0.1757354736328125
train,23579080_15.png,33,data/processed/train/images/23579080_15_patch_33.png,data/processed/train/masks/23579080_15_patch_33.png,0.142974853515625
train,23579080_15.png,34,data/processed/train/images/23579080_15_patch_34.png,data/processed/train/masks/23579080_15_patch_34.png,0.16119384765625
train,23579080_15.png,35,data/processed/train/images/23579080_15_patch_35.png,data/processed/train/masks/23579080_15_patch_35.png,0.1407318115234375
train,23579095_15.png,0,data/processed/train/images/23579095_15_patch_00.png,data/processed/train/masks/23579095_15_patch_00.png,0.066131591796875
train,23579095_15.png,1,data/processed/train/images/23579095_15_patch_01.png,data/processed/train/masks/23579095_15_patch_01.png,0.21075439453125
train,23579095_15.png,2,data/processed/train/images/23579095_15_patch_02.png,data/processed/train/masks/23579095_15_patch_02.png,0.06072998046875
train,23579095_15.png,3,data/processed/train/images/23579095_15_patch_03.png,data/processed/train/masks/23579095_15_patch_03.png,0.0
train,23579095_15.png,4,data/processed/train/images/23579095_15_patch_04.png,data/processed/train/masks/23579095_15_patch_04.png,0.0
train,23579095_15.png,5,data/processed/train/images/23579095_15_patch_05.png,data/processed/train/masks/23579095_15_patch_05.png,0.017822265625
train,23579095_15.png,6,data/processed/train/images/23579095_15_patch_06.png,data/processed/train/masks/23579095_15_patch_06.png,0.1655426025390625
train,23579095_15.png,7,data/processed/train/images/23579095_15_patch_07.png,data/processed/train/masks/23579095_15_patch_07.png,0.160125732421875
train,23579095_15.png,8,data/processed/train/images/23579095_15_patch_08.png,data/processed/train/masks/23579095_15_patch_08.png,0.0752410888671875
train,23579095_15.png,9,data/processed/train/images/23579095_15_patch_09.png,data/processed/train/masks/23579095_15_patch_09.png,0.0
train,23579095_15.png,10,data/processed/train/images/23579095_15_patch_10.png,data/processed/train/masks/23579095_15_patch_10.png,0.0059356689453125
train,23579095_15.png,11,data/processed/train/images/23579095_15_patch_11.png,data/processed/train/masks/23579095_15_patch_11.png,0.1090240478515625
train,23579095_15.png,12,data/processed/train/images/23579095_15_patch_12.png,data/processed/train/masks/23579095_15_patch_12.png,0.1732177734375
train,23579095_15.png,13,data/processed/train/images/23579095_15_patch_13.png,data/processed/train/masks/23579095_15_patch_13.png,0.10064697265625
train,23579095_15.png,14,data/processed/train/images/23579095_15_patch_14.png,data/processed/train/masks/23579095_15_patch_14.png,0.1176605224609375
train,23579095_15.png,15,data/processed/train/images/23579095_15_patch_15.png,data/processed/train/masks/23579095_15_patch_15.png,0.0419921875
train,23579095_15.png,16,data/processed/train/images/23579095_15_patch_16.png,data/processed/train/masks/23579095_15_patch_16.png,0.098358154296875
train,23579095_15.png,17,data/processed/train/images/23579095_15_patch_17.png,data/processed/train/masks/23579095_15_patch_17.png,0.1756439208984375
train,23579095_15.png,18,data/processed/train/images/23579095_15_patch_18.png,data/processed/train/masks/23579095_15_patch_18.png,0.1886444091796875
train,23579095_15.png,19,data/processed/train/images/23579095_15_patch_19.png,data/processed/train/masks/23579095_15_patch_19.png,0.2602386474609375
train,23579095_15.png,20,data/processed/train/images/23579095_15_patch_20.png,data/processed/train/masks/23579095_15_patch_20.png,0.129058837890625
train,23579095_15.png,21,data/processed/train/images/23579095_15_patch_21.png,data/processed/train/masks/23579095_15_patch_21.png,0.1033782958984375
train,23579095_15.png,22,data/processed/train/images/23579095_15_patch_22.png,data/processed/train/masks/23579095_15_patch_22.png,0.1829681396484375
train,23579095_15.png,23,data/processed/train/images/23579095_15_patch_23.png,data/processed/train/masks/23579095_15_patch_23.png,0.115631103515625
train,23579095_15.png,24,data/processed/train/images/23579095_15_patch_24.png,data/processed/train/masks/23579095_15_patch_24.png,0.2210845947265625
train,23579095_15.png,25,data/processed/train/images/23579095_15_patch_25.png,data/processed/train/masks/23579095_15_patch_25.png,0.2046661376953125
train,23579095_15.png,26,data/processed/train/images/23579095_15_patch_26.png,data/processed/train/masks/23579095_15_patch_26.png,0.1973724365234375
train,23579095_15.png,27,data/processed/train/images/23579095_15_patch_27.png,data/processed/train/masks/23579095_15_patch_27.png,0.1757965087890625
train,23579095_15.png,28,data/processed/train/images/23579095_15_patch_28.png,data/processed/train/masks/23579095_15_patch_28.png,0.2268829345703125
train,23579095_15.png,29,data/processed/train/images/23579095_15_patch_29.png,data/processed/train/masks/23579095_15_patch_29.png,0.145599365234375
train,23579095_15.png,30,data/processed/train/images/23579095_15_patch_30.png,data/processed/train/masks/23579095_15_patch_30.png,0.204315185546875
train,23579095_15.png,31,data/processed/train/images/23579095_15_patch_31.png,data/processed/train/masks/23579095_15_patch_31.png,0.1633758544921875
train,23579095_15.png,32,data/processed/train/images/23579095_15_patch_32.png,data/processed/train/masks/23579095_15_patch_32.png,0.22802734375
train,23579095_15.png,33,data/processed/train/images/23579095_15_patch_33.png,data/processed/train/masks/23579095_15_patch_33.png,0.2066802978515625
train,23579095_15.png,34,data/processed/train/images/23579095_15_patch_34.png,data/processed/train/masks/23579095_15_patch_34.png,0.1865081787109375
train,23579095_15.png,35,data/processed/train/images/23579095_15_patch_35.png,data/processed/train/masks/23579095_15_patch_35.png,0.094940185546875
train,23579110_15.png,0,data/processed/train/images/23579110_15_patch_00.png,data/processed/train/masks/23579110_15_patch_00.png,0.1741180419921875
train,23579110_15.png,1,data/processed/train/images/23579110_15_patch_01.png,data/processed/train/masks/23579110_15_patch_01.png,0.1567840576171875
train,23579110_15.png,2,data/processed/train/images/23579110_15_patch_02.png,data/processed/train/masks/23579110_15_patch_02.png,0.2412567138671875
train,23579110_15.png,3,data/processed/train/images/23579110_15_patch_03.png,data/processed/train/masks/23579110_15_patch_03.png,0.211334228515625
train,23579110_15.png,4,data/processed/train/images/23579110_15_patch_04.png,data/processed/train/masks/23579110_15_patch_04.png,0.1440277099609375
train,23579110_15.png,5,data/processed/train/images/23579110_15_patch_05.png,data/processed/train/masks/23579110_15_patch_05.png,0.1273193359375
train,23579110_15.png,6,data/processed/train/images/23579110_15_patch_06.png,data/processed/train/masks/23579110_15_patch_06.png,0.1843414306640625
train,23579110_15.png,7,data/processed/train/images/23579110_15_patch_07.png,data/processed/train/masks/23579110_15_patch_07.png,0.1819610595703125
train,23579110_15.png,8,data/processed/train/images/23579110_15_patch_08.png,data/processed/train/masks/23579110_15_patch_08.png,0.22662353515625
train,23579110_15.png,9,data/processed/train/images/23579110_15_patch_09.png,data/processed/train/masks/23579110_15_patch_09.png,0.1592254638671875
train,23579110_15.png,10,data/processed/train/images/23579110_15_patch_10.png,data/processed/train/masks/23579110_15_patch_10.png,0.1440887451171875
train,23579110_15.png,11,data/processed/train/images/23579110_15_patch_11.png,data/processed/train/masks/23579110_15_patch_11.png,0.1398468017578125
train,23579110_15.png,12,data/processed/train/images/23579110_15_patch_12.png,data/processed/train/masks/23579110_15_patch_12.png,0.14862060546875
train,23579110_15.png,13,data/processed/train/images/23579110_15_patch_13.png,data/processed/train/masks/23579110_15_patch_13.png,0.151702880859375
train,23579110_15.png,14,data/processed/train/images/23579110_15_patch_14.png,data/processed/train/masks/23579110_15_patch_14.png,0.19024658203125
train,23579110_15.png,15,data/processed/train/images/23579110_15_patch_15.png,data/processed/train/masks/23579110_15_patch_15.png,0.1063232421875
train,23579110_15.png,16,data/processed/train/images/23579110_15_patch_16.png,data/processed/train/masks/23579110_15_patch_16.png,0.1297149658203125
train,23579110_15.png,17,data/processed/train/images/23579110_15_patch_17.png,data/processed/train/masks/23579110_15_patch_17.png,0.152801513671875
train,23579110_15.png,18,data/processed/train/images/23579110_15_patch_18.png,data/processed/train/masks/23579110_15_patch_18.png,0.137115478515625
train,23579110_15.png,19,data/processed/train/images/23579110_15_patch_19.png,data/processed/train/masks/23579110_15_patch_19.png,0.134002685546875
train,23579110_15.png,20,data/processed/train/images/23579110_15_patch_20.png,data/processed/train/masks/23579110_15_patch_20.png,0.13079833984375
train,23579110_15.png,21,data/processed/train/images/23579110_15_patch_21.png,data/processed/train/masks/23579110_15_patch_21.png,0.1011505126953125
train,23579110_15.png,22,data/processed/train/images/23579110_15_patch_22.png,data/processed/train/masks/23579110_15_patch_22.png,0.074920654296875
train,23579110_15.png,23,data/processed/train/images/23579110_15_patch_23.png,data/processed/train/masks/23579110_15_patch_23.png,0.04937744140625
train,23579110_15.png,24,data/processed/train/images/23579110_15_patch_24.png,data/processed/train/masks/23579110_15_patch_24.png,0.143280029296875
train,23579110_15.png,25,data/processed/train/images/23579110_15_patch_25.png,data/processed/train/masks/23579110_15_patch_25.png,0.1568450927734375
train,23579110_15.png,26,data/processed/train/images/23579110_15_patch_26.png,data/processed/train/masks/23579110_15_patch_26.png,0.0559234619140625
train,23579110_15.png,27,data/processed/train/images/23579110_15_patch_27.png,data/processed/train/masks/23579110_15_patch_27.png,0.0138397216796875
train,23579110_15.png,28,data/processed/train/images/23579110_15_patch_28.png,data/processed/train/masks/23579110_15_patch_28.png,0.005615234375
train,23579110_15.png,29,data/processed/train/images/23579110_15_patch_29.png,data/processed/train/masks/23579110_15_patch_29.png,0.014404296875
train,23579110_15.png,30,data/processed/train/images/23579110_15_patch_30.png,data/processed/train/masks/23579110_15_patch_30.png,0.061431884765625
train,23579110_15.png,31,data/processed/train/images/23579110_15_patch_31.png,data/processed/train/masks/23579110_15_patch_31.png,0.252532958984375
train,23579110_15.png,32,data/processed/train/images/23579110_15_patch_32.png,data/processed/train/masks/23579110_15_patch_32.png,0.0350341796875
train,23579110_15.png,33,data/processed/train/images/23579110_15_patch_33.png,data/processed/train/masks/23579110_15_patch_33.png,0.0
train,23579110_15.png,34,data/processed/train/images/23579110_15_patch_34.png,data/processed/train/masks/23579110_15_patch_34.png,0.0
train,23579110_15.png,35,data/processed/train/images/23579110_15_patch_35.png,data/processed/train/masks/23579110_15_patch_35.png,0.0
train,23579125_15.png,0,data/processed/train/images/23579125_15_patch_00.png,data/processed/train/masks/23579125_15_patch_00.png,0.1281280517578125
train,23579125_15.png,1,data/processed/train/images/23579125_15_patch_01.png,data/processed/train/masks/23579125_15_patch_01.png,0.1412353515625
train,23579125_15.png,2,data/processed/train/images/23579125_15_patch_02.png,data/processed/train/masks/23579125_15_patch_02.png,0.19757080078125
train,23579125_15.png,3,data/processed/train/images/23579125_15_patch_03.png,data/processed/train/masks/23579125_15_patch_03.png,0.178741455078125
train,23579125_15.png,4,data/processed/train/images/23579125_15_patch_04.png,data/processed/train/masks/23579125_15_patch_04.png,0.1541900634765625
train,23579125_15.png,5,data/processed/train/images/23579125_15_patch_05.png,data/processed/train/masks/23579125_15_patch_05.png,0.1014556884765625
train,23579125_15.png,6,data/processed/train/images/23579125_15_patch_06.png,data/processed/train/masks/23579125_15_patch_06.png,0.1016082763671875
train,23579125_15.png,7,data/processed/train/images/23579125_15_patch_07.png,data/processed/train/masks/23579125_15_patch_07.png,0.14447021484375
train,23579125_15.png,8,data/processed/train/images/23579125_15_patch_08.png,data/processed/train/masks/23579125_15_patch_08.png,0.140167236328125
train,23579125_15.png,9,data/processed/train/images/23579125_15_patch_09.png,data/processed/train/masks/23579125_15_patch_09.png,0.18035888671875
train,23579125_15.png,10,data/processed/train/images/23579125_15_patch_10.png,data/processed/train/masks/23579125_15_patch_10.png,0.181854248046875
train,23579125_15.png,11,data/processed/train/images/23579125_15_patch_11.png,data/processed/train/masks/23579125_15_patch_11.png,0.1383819580078125
train,23579125_15.png,12,data/processed/train/images/23579125_15_patch_12.png,data/processed/train/masks/23579125_15_patch_12.png,0.068115234375
train,23579125_15.png,13,data/processed/train/images/23579125_15_patch_13.png,data/processed/train/masks/23579125_15_patch_13.png,0.0830230712890625
train,23579125_15.png,14,data/processed/train/images/23579125_15_patch_14.png,data/processed/train/masks/23579125_15_patch_14.png,0.0191802978515625
train,23579125_15.png,15,data/processed/train/images/23579125_15_patch_15.png,data/processed/train/masks/23579125_15_patch_15.png,0.043487548828125
train,23579125_15.png,16,data/processed/train/images/23579125_15_patch_16.png,data/processed/train/masks/23579125_15_patch_16.png,0.1469268798828125
train,23579125_15.png,17,data/processed/train/images/23579125_15_patch_17.png,data/processed/train/masks/23579125_15_patch_17.png,0.126739501953125
train,23579125_15.png,18,data/processed/train/images/23579125_15_patch_18.png,data/processed/train/masks/23579125_15_patch_18.png,0.14373779296875
train,23579125_15.png,19,data/processed/train/images/23579125_15_patch_19.png,data/processed/train/masks/23579125_15_patch_19.png,0.114990234375
train,23579125_15.png,20,data/processed/train/images/23579125_15_patch_20.png,data/processed/train/masks/23579125_15_patch_20.png,0.0274200439453125
train,23579125_15.png,21,data/processed/train/images/23579125_15_patch_21.png,data/processed/train/masks/23579125_15_patch_21.png,0.03851318359375
train,23579125_15.png,22,data/processed/train/images/23579125_15_patch_22.png,data/processed/train/masks/23579125_15_patch_22.png,0.2486419677734375
train,23579125_15.png,23,data/processed/train/images/23579125_15_patch_23.png,data/processed/train/masks/23579125_15_patch_23.png,0.1267852783203125
train,23579125_15.png,24,data/processed/train/images/23579125_15_patch_24.png,data/processed/train/masks/23579125_15_patch_24.png,0.101104736328125
train,23579125_15.png,25,data/processed/train/images/23579125_15_patch_25.png,data/processed/train/masks/23579125_15_patch_25.png,0.1652069091796875
train,23579125_15.png,26,data/processed/train/images/23579125_15_patch_26.png,data/processed/train/masks/23579125_15_patch_26.png,0.161376953125
train,23579125_15.png,27,data/processed/train/images/23579125_15_patch_27.png,data/processed/train/masks/23579125_15_patch_27.png,0.1409454345703125
train,23579125_15.png,28,data/processed/train/images/23579125_15_patch_28.png,data/processed/train/masks/23579125_15_patch_28.png,0.136199951171875
train,23579125_15.png,29,data/processed/train/images/23579125_15_patch_29.png,data/processed/train/masks/23579125_15_patch_29.png,0.1041107177734375
train,23579125_15.png,30,data/processed/train/images/23579125_15_patch_30.png,data/processed/train/masks/23579125_15_patch_30.png,0.1112518310546875
train,23579125_15.png,31,data/processed/train/images/23579125_15_patch_31.png,data/processed/train/masks/23579125_15_patch_31.png,0.1402435302734375
train,23579125_15.png,32,data/processed/train/images/23579125_15_patch_32.png,data/processed/train/masks/23579125_15_patch_32.png,0.1909637451171875
train,23579125_15.png,33,data/processed/train/images/23579125_15_patch_33.png,data/processed/train/masks/23579125_15_patch_33.png,0.204559326171875
train,23579125_15.png,34,data/processed/train/images/23579125_15_patch_34.png,data/processed/train/masks/23579125_15_patch_34.png,0.139404296875
train,23579125_15.png,35,data/processed/train/images/23579125_15_patch_35.png,data/processed/train/masks/23579125_15_patch_35.png,0.0978851318359375
train,23579140_15.png,0,data/processed/train/images/23579140_15_patch_00.png,data/processed/train/masks/23579140_15_patch_00.png,0.012054443359375
train,23579140_15.png,1,data/processed/train/images/23579140_15_patch_01.png,data/processed/train/masks/23579140_15_patch_01.png,0.044342041015625
train,23579140_15.png,2,data/processed/train/images/23579140_15_patch_02.png,data/processed/train/masks/23579140_15_patch_02.png,0.1832122802734375
train,23579140_15.png,3,data/processed/train/images/23579140_15_patch_03.png,data/processed/train/masks/23579140_15_patch_03.png,0.1021728515625
train,23579140_15.png,4,data/processed/train/images/23579140_15_patch_04.png,data/processed/train/masks/23579140_15_patch_04.png,0.1048583984375
train,23579140_15.png,5,data/processed/train/images/23579140_15_patch_05.png,data/processed/train/masks/23579140_15_patch_05.png,0.0423736572265625
train,23579140_15.png,6,data/processed/train/images/23579140_15_patch_06.png,data/processed/train/masks/23579140_15_patch_06.png,0.067291259765625
train,23579140_15.png,7,data/processed/train/images/23579140_15_patch_07.png,data/processed/train/masks/23579140_15_patch_07.png,0.0600433349609375
train,23579140_15.png,8,data/processed/train/images/23579140_15_patch_08.png,data/processed/train/masks/23579140_15_patch_08.png,0.069671630859375
train,23579140_15.png,9,data/processed/train/images/23579140_15_patch_09.png,data/processed/train/masks/23579140_15_patch_09.png,0.1904449462890625
train,23579140_15.png,10,data/processed/train/images/23579140_15_patch_10.png,data/processed/train/masks/23579140_15_patch_10.png,0.1333770751953125
train,23579140_15.png,11,data/processed/train/images/23579140_15_patch_11.png,data/processed/train/masks/23579140_15_patch_11.png,0.0820770263671875
train,23579140_15.png,12,data/processed/train/images/23579140_15_patch_12.png,data/processed/train/masks/23579140_15_patch_12.png,0.0730438232421875
train,23579140_15.png,13,data/processed/train/images/23579140_15_patch_13.png,data/processed/train/masks/23579140_15_patch_13.png,0.0810394287109375
train,23579140_15.png,14,data/processed/train/images/23579140_15_patch_14.png,data/processed/train/masks/23579140_15_patch_14.png,0.08514404296875
train,23579140_15.png,15,data/processed/train/images/23579140_15_patch_15.png,data/processed/train/masks/23579140_15_patch_15.png,0.122894287109375
train,23579140_15.png,16,data/processed/train/images/23579140_15_patch_16.png,data/processed/train/masks/23579140_15_patch_16.png,0.125
train,23579140_15.png,17,data/processed/train/images/23579140_15_patch_17.png,data/processed/train/masks/23579140_15_patch_17.png,0.06549072265625
train,23579140_15.png,18,data/processed/train/images/23579140_15_patch_18.png,data/processed/train/masks/23579140_15_patch_18.png,0.06036376953125
train,23579140_15.png,19,data/processed/train/images/23579140_15_patch_19.png,data/processed/train/masks/23579140_15_patch_19.png,0.084136962890625
train,23579140_15.png,20,data/processed/train/images/23579140_15_patch_20.png,data/processed/train/masks/23579140_15_patch_20.png,0.097930908203125
train,23579140_15.png,21,data/processed/train/images/23579140_15_patch_21.png,data/processed/train/masks/23579140_15_patch_21.png,0.1000823974609375
train,23579140_15.png,22,data/processed/train/images/23579140_15_patch_22.png,data/processed/train/masks/23579140_15_patch_22.png,0.121826171875
train,23579140_15.png,23,data/processed/train/images/23579140_15_patch_23.png,data/processed/train/masks/23579140_15_patch_23.png,0.0691070556640625
train,23579140_15.png,24,data/processed/train/images/23579140_15_patch_24.png,data/processed/train/masks/23579140_15_patch_24.png,0.0143280029296875
train,23579140_15.png,25,data/processed/train/images/23579140_15_patch_25.png,data/processed/train/masks/23579140_15_patch_25.png,0.0478973388671875
train,23579140_15.png,26,data/processed/train/images/23579140_15_patch_26.png,data/processed/train/masks/23579140_15_patch_26.png,0.0881500244140625
train,23579140_15.png,27,data/processed/train/images/23579140_15_patch_27.png,data/processed/train/masks/23579140_15_patch_27.png,0.1188812255859375
train,23579140_15.png,28,data/processed/train/images/23579140_15_patch_28.png,data/processed/train/masks/23579140_15_patch_28.png,0.1400604248046875
train,23579140_15.png,29,data/processed/train/images/23579140_15_patch_29.png,data/processed/train/masks/23579140_15_patch_29.png,0.134735107421875
train,23579140_15.png,30,data/processed/train/images/23579140_15_patch_30.png,data/processed/train/masks/23579140_15_patch_30.png,0.08319091796875
train,23579140_15.png,31,data/processed/train/images/23579140_15_patch_31.png,data/processed/train/masks/23579140_15_patch_31.png,0.09185791015625
train,23579140_15.png,32,data/processed/train/images/23579140_15_patch_32.png,data/processed/train/masks/23579140_15_patch_32.png,0.1117706298828125
train,23579140_15.png,33,data/processed/train/images/23579140_15_patch_33.png,data/processed/train/masks/23579140_15_patch_33.png,0.1157073974609375
train,23579140_15.png,34,data/processed/train/images/23579140_15_patch_34.png,data/processed/train/masks/23579140_15_patch_34.png,0.1348876953125
train,23579140_15.png,35,data/processed/train/images/23579140_15_patch_35.png,data/processed/train/masks/23579140_15_patch_35.png,0.1287994384765625
train,23728840_15.png,0,data/processed/train/images/23728840_15_patch_00.png,data/processed/train/masks/23728840_15_patch_00.png,0.0
train,23728840_15.png,1,data/processed/train/images/23728840_15_patch_01.png,data/processed/train/masks/23728840_15_patch_01.png,0.0
train,23728840_15.png,2,data/processed/train/images/23728840_15_patch_02.png,data/processed/train/masks/23728840_15_patch_02.png,0.0
train,23728840_15.png,3,data/processed/train/images/23728840_15_patch_03.png,data/processed/train/masks/23728840_15_patch_03.png,0.0
train,23728840_15.png,4,data/processed/train/images/23728840_15_patch_04.png,data/processed/train/masks/23728840_15_patch_04.png,0.0
train,23728840_15.png,5,data/processed/train/images/23728840_15_patch_05.png,data/processed/train/masks/23728840_15_patch_05.png,0.0198822021484375
train,23728840_15.png,6,data/processed/train/images/23728840_15_patch_06.png,data/processed/train/masks/23728840_15_patch_06.png,0.0
train,23728840_15.png,7,data/processed/train/images/23728840_15_patch_07.png,data/processed/train/masks/23728840_15_patch_07.png,0.0
train,23728840_15.png,8,data/processed/train/images/23728840_15_patch_08.png,data/processed/train/masks/23728840_15_patch_08.png,0.0
train,23728840_15.png,9,data/processed/train/images/23728840_15_patch_09.png,data/processed/train/masks/23728840_15_patch_09.png,0.0
train,23728840_15.png,10,data/processed/train/images/23728840_15_patch_10.png,data/processed/train/masks/23728840_15_patch_10.png,0.0
train,23728840_15.png,11,data/processed/train/images/23728840_15_patch_11.png,data/processed/train/masks/23728840_15_patch_11.png,0.0
train,23728840_15.png,12,data/processed/train/images/23728840_15_patch_12.png,data/processed/train/masks/23728840_15_patch_12.png,0.0
train,23728840_15.png,13,data/processed/train/images/23728840_15_patch_13.png,data/processed/train/masks/23728840_15_patch_13.png,0.0
train,23728840_15.png,14,data/processed/train/images/23728840_15_patch_14.png,data/processed/train/masks/23728840_15_patch_14.png,0.0
train,23728840_15.png,15,data/processed/train/images/23728840_15_patch_15.png,data/processed/train/masks/23728840_15_patch_15.png,0.0
train,23728840_15.png,16,data/processed/train/images/23728840_15_patch_16.png,data/processed/train/masks/23728840_15_patch_16.png,0.0
train,23728840_15.png,17,data/processed/train/images/23728840_15_patch_17.png,data/processed/train/masks/23728840_15_patch_17.png,0.0
train,23728840_15.png,18,data/processed/train/images/23728840_15_patch_18.png,data/processed/train/masks/23728840_15_patch_18.png,0.076812744140625
train,23728840_15.png,19,data/processed/train/images/23728840_15_patch_19.png,data/processed/train/masks/23728840_15_patch_19.png,0.0534515380859375
train,23728840_15.png,20,data/processed/train/images/23728840_15_patch_20.png,data/processed/train/masks/23728840_15_patch_20.png,0.21441650390625
train,23728840_15.png,21,data/processed/train/images/23728840_15_patch_21.png,data/processed/train/masks/23728840_15_patch_21.png,0.0
train,23728840_15.png,22,data/processed/train/images/23728840_15_patch_22.png,data/processed/train/masks/23728840_15_patch_22.png,0.0
train,23728840_15.png,23,data/processed/train/images/23728840_15_patch_23.png,data/processed/train/masks/23728840_15_patch_23.png,0.0
train,23728840_15.png,24,data/processed/train/images/23728840_15_patch_24.png,data/processed/train/masks/23728840_15_patch_24.png,0.1104736328125
train,23728840_15.png,25,data/processed/train/images/23728840_15_patch_25.png,data/processed/train/masks/23728840_15_patch_25.png,0.0653076171875
train,23728840_15.png,26,data/processed/train/images/23728840_15_patch_26.png,data/processed/train/masks/23728840_15_patch_26.png,0.314361572265625
train,23728840_15.png,27,data/processed/train/images/23728840_15_patch_27.png,data/processed/train/masks/23728840_15_patch_27.png,0.0
train,23728840_15.png,28,data/processed/train/images/23728840_15_patch_28.png,data/processed/train/masks/23728840_15_patch_28.png,0.0
train,23728840_15.png,29,data/processed/train/images/23728840_15_patch_29.png,data/processed/train/masks/23728840_15_patch_29.png,0.003387451171875
train,23728840_15.png,30,data/processed/train/images/23728840_15_patch_30.png,data/processed/train/masks/23728840_15_patch_30.png,0.1386260986328125
train,23728840_15.png,31,data/processed/train/images/23728840_15_patch_31.png,data/processed/train/masks/23728840_15_patch_31.png,0.2797698974609375
train,23728840_15.png,32,data/processed/train/images/23728840_15_patch_32.png,data/processed/train/masks/23728840_15_patch_32.png,0.0962677001953125
train,23728840_15.png,33,data/processed/train/images/23728840_15_patch_33.png,data/processed/train/masks/23728840_15_patch_33.png,0.0
train,23728840_15.png,34,data/processed/train/images/23728840_15_patch_34.png,data/processed/train/masks/23728840_15_patch_34.png,0.0
train,23728840_15.png,35,data/processed/train/images/23728840_15_patch_35.png,data/processed/train/masks/23728840_15_patch_35.png,0.0
train,23728945_15.png,0,data/processed/train/images/23728945_15_patch_00.png,data/processed/train/masks/23728945_15_patch_00.png,0.1903839111328125
train,23728945_15.png,1,data/processed/train/images/23728945_15_patch_01.png,data/processed/train/masks/23728945_15_patch_01.png,0.0131072998046875
train,23728945_15.png,2,data/processed/train/images/23728945_15_patch_02.png,data/processed/train/masks/23728945_15_patch_02.png,0.0
train,23728945_15.png,3,data/processed/train/images/23728945_15_patch_03.png,data/processed/train/masks/23728945_15_patch_03.png,0.0032196044921875
train,23728945_15.png,4,data/processed/train/images/23728945_15_patch_04.png,data/processed/train/masks/23728945_15_patch_04.png,0.0
train,23728945_15.png,5,data/processed/train/images/23728945_15_patch_05.png,data/processed/train/masks/23728945_15_patch_05.png,0.0
train,23728945_15.png,6,data/processed/train/images/23728945_15_patch_06.png,data/processed/train/masks/23728945_15_patch_06.png,0.2392425537109375
train,23728945_15.png,7,data/processed/train/images/23728945_15_patch_07.png,data/processed/train/masks/23728945_15_patch_07.png,0.09356689453125
train,23728945_15.png,8,data/processed/train/images/23728945_15_patch_08.png,data/processed/train/masks/23728945_15_patch_08.png,0.00054931640625
train,23728945_15.png,9,data/processed/train/images/23728945_15_patch_09.png,data/processed/train/masks/23728945_15_patch_09.png,0.0
train,23728945_15.png,10,data/processed/train/images/23728945_15_patch_10.png,data/processed/train/masks/23728945_15_patch_10.png,0.0
train,23728945_15.png,11,data/processed/train/images/23728945_15_patch_11.png,data/processed/train/masks/23728945_15_patch_11.png,0.0
train,23728945_15.png,12,data/processed/train/images/23728945_15_patch_12.png,data/processed/train/masks/23728945_15_patch_12.png,0.1498565673828125
train,23728945_15.png,13,data/processed/train/images/23728945_15_patch_13.png,data/processed/train/masks/23728945_15_patch_13.png,0.1804046630859375
train,23728945_15.png,14,data/processed/train/images/23728945_15_patch_14.png,data/processed/train/masks/23728945_15_patch_14.png,0.039581298828125
train,23728945_15.png,15,data/processed/train/images/23728945_15_patch_15.png,data/processed/train/masks/23728945_15_patch_15.png,0.0366058349609375
train,23728945_15.png,16,data/processed/train/images/23728945_15_patch_16.png,data/processed/train/masks/23728945_15_patch_16.png,0.00970458984375
train,23728945_15.png,17,data/processed/train/images/23728945_15_patch_17.png,data/processed/train/masks/23728945_15_patch_17.png,0.0
train,23728945_15.png,18,data/processed/train/images/23728945_15_patch_18.png,data/processed/train/masks/23728945_15_patch_18.png,0.222198486328125
train,23728945_15.png,19,data/processed/train/images/23728945_15_patch_19.png,data/processed/train/masks/23728945_15_patch_19.png,0.107330322265625
train,23728945_15.png,20,data/processed/train/images/23728945_15_patch_20.png,data/processed/train/masks/23728945_15_patch_20.png,0.107513427734375
train,23728945_15.png,21,data/processed/train/images/23728945_15_patch_21.png,data/processed/train/masks/23728945_15_patch_21.png,0.0
train,23728945_15.png,22,data/processed/train/images/23728945_15_patch_22.png,data/processed/train/masks/23728945_15_patch_22.png,0.0074462890625
train,23728945_15.png,23,data/processed/train/images/23728945_15_patch_23.png,data/processed/train/masks/23728945_15_patch_23.png,0.0
train,23728945_15.png,24,data/processed/train/images/23728945_15_patch_24.png,data/processed/train/masks/23728945_15_patch_24.png,0.1971588134765625
train,23728945_15.png,25,data/processed/train/images/23728945_15_patch_25.png,data/processed/train/masks/23728945_15_patch_25.png,0.1151580810546875
train,23728945_15.png,26,data/processed/train/images/23728945_15_patch_26.png,data/processed/train/masks/23728945_15_patch_26.png,0.1938934326171875
train,23728945_15.png,27,data/processed/train/images/23728945_15_patch_27.png,data/processed/train/masks/23728945_15_patch_27.png,0.0191497802734375
train,23728945_15.png,28,data/processed/train/images/23728945_15_patch_28.png,data/processed/train/masks/23728945_15_patch_28.png,0.0
train,23728945_15.png,29,data/processed/train/images/23728945_15_patch_29.png,data/processed/train/masks/23728945_15_patch_29.png,0.0
train,23728945_15.png,30,data/processed/train/images/23728945_15_patch_30.png,data/processed/train/masks/23728945_15_patch_30.png,0.219390869140625
train,23728945_15.png,31,data/processed/train/images/23728945_15_patch_31.png,data/processed/train/masks/23728945_15_patch_31.png,0.2122344970703125
train,23728945_15.png,32,data/processed/train/images/23728945_15_patch_32.png,data/processed/train/masks/23728945_15_patch_32.png,0.1641693115234375
train,23728945_15.png,33,data/processed/train/images/23728945_15_patch_33.png,data/processed/train/masks/23728945_15_patch_33.png,0.1667327880859375
train,23728945_15.png,34,data/processed/train/images/23728945_15_patch_34.png,data/processed/train/masks/23728945_15_patch_34.png,0.0
train,23728945_15.png,35,data/processed/train/images/23728945_15_patch_35.png,data/processed/train/masks/23728945_15_patch_35.png,0.0
train,23728960_15.png,0,data/processed/train/images/23728960_15_patch_00.png,data/processed/train/masks/23728960_15_patch_00.png,0.3103179931640625
train,23728960_15.png,1,data/processed/train/images/23728960_15_patch_01.png,data/processed/train/masks/23728960_15_patch_01.png,0.1356201171875
train,23728960_15.png,2,data/processed/train/images/23728960_15_patch_02.png,data/processed/train/masks/23728960_15_patch_02.png,0.2289886474609375
train,23728960_15.png,3,data/processed/train/images/23728960_15_patch_03.png,data/processed/train/masks/23728960_15_patch_03.png,0.0829010009765625
train,23728960_15.png,4,data/processed/train/images/23728960_15_patch_04.png,data/processed/train/masks/23728960_15_patch_04.png,0.19561767578125
train,23728960_15.png,5,data/processed/train/images/23728960_15_patch_05.png,data/processed/train/masks/23728960_15_patch_05.png,0.1380767822265625
train,23728960_15.png,6,data/processed/train/images/23728960_15_patch_06.png,data/processed/train/masks/23728960_15_patch_06.png,0.2840728759765625
train,23728960_15.png,7,data/processed/train/images/23728960_15_patch_07.png,data/processed/train/masks/23728960_15_patch_07.png,0.1692352294921875
train,23728960_15.png,8,data/processed/train/images/23728960_15_patch_08.png,data/processed/train/masks/23728960_15_patch_08.png,0.24224853515625
train,23728960_15.png,9,data/processed/train/images/23728960_15_patch_09.png,data/processed/train/masks/23728960_15_patch_09.png,0.1467132568359375
train,23728960_15.png,10,data/processed/train/images/23728960_15_patch_10.png,data/processed/train/masks/23728960_15_patch_10.png,0.1462249755859375
train,23728960_15.png,11,data/processed/train/images/23728960_15_patch_11.png,data/processed/train/masks/23728960_15_patch_11.png,0.1248931884765625
train,23728960_15.png,12,data/processed/train/images/23728960_15_patch_12.png,data/processed/train/masks/23728960_15_patch_12.png,0.2376556396484375
train,23728960_15.png,13,data/processed/train/images/23728960_15_patch_13.png,data/processed/train/masks/23728960_15_patch_13.png,0.1669158935546875
train,23728960_15.png,14,data/processed/train/images/23728960_15_patch_14.png,data/processed/train/masks/23728960_15_patch_14.png,0.2775421142578125
train,23728960_15.png,15,data/processed/train/images/23728960_15_patch_15.png,data/processed/train/masks/23728960_15_patch_15.png,0.0362091064453125
train,23728960_15.png,16,data/processed/train/images/23728960_15_patch_16.png,data/processed/train/masks/23728960_15_patch_16.png,0.0098114013671875
train,23728960_15.png,17,data/processed/train/images/23728960_15_patch_17.png,data/processed/train/masks/23728960_15_patch_17.png,0.2487945556640625
train,23728960_15.png,18,data/processed/train/images/23728960_15_patch_18.png,data/processed/train/masks/23728960_15_patch_18.png,0.2313079833984375
train,23728960_15.png,19,data/processed/train/images/23728960_15_patch_19.png,data/processed/train/masks/23728960_15_patch_19.png,0.1475982666015625
train,23728960_15.png,20,data/processed/train/images/23728960_15_patch_20.png,data/processed/train/masks/23728960_15_patch_20.png,0.130706787109375
train,23728960_15.png,21,data/processed/train/images/23728960_15_patch_21.png,data/processed/train/masks/23728960_15_patch_21.png,0.038543701171875
train,23728960_15.png,22,data/processed/train/images/23728960_15_patch_22.png,data/processed/train/masks/23728960_15_patch_22.png,0.0
train,23728960_15.png,23,data/processed/train/images/23728960_15_patch_23.png,data/processed/train/masks/23728960_15_patch_23.png,0.1200103759765625
train,23728960_15.png,24,data/processed/train/images/23728960_15_patch_24.png,data/processed/train/masks/23728960_15_patch_24.png,0.2273101806640625
train,23728960_15.png,25,data/processed/train/images/23728960_15_patch_25.png,data/processed/train/masks/23728960_15_patch_25.png,0.0971527099609375
train,23728960_15.png,26,data/processed/train/images/23728960_15_patch_26.png,data/processed/train/masks/23728960_15_patch_26.png,0.101226806640625
train,23728960_15.png,27,data/processed/train/images/23728960_15_patch_27.png,data/processed/train/masks/23728960_15_patch_27.png,0.0869903564453125
train,23728960_15.png,28,data/processed/train/images/23728960_15_patch_28.png,data/processed/train/masks/23728960_15_patch_28.png,0.0050201416015625
train,23728960_15.png,29,data/processed/train/images/23728960_15_patch_29.png,data/processed/train/masks/23728960_15_patch_29.png,0.0
train,23728960_15.png,30,data/processed/train/images/23728960_15_patch_30.png,data/processed/train/masks/23728960_15_patch_30.png,0.17822265625
train,23728960_15.png,31,data/processed/train/images/23728960_15_patch_31.png,data/processed/train/masks/23728960_15_patch_31.png,0.0038604736328125
train,23728960_15.png,32,data/processed/train/images/23728960_15_patch_32.png,data/processed/train/masks/23728960_15_patch_32.png,0.0752410888671875
train,23728960_15.png,33,data/processed/train/images/23728960_15_patch_33.png,data/processed/train/masks/23728960_15_patch_33.png,0.0149078369140625
train,23728960_15.png,34,data/processed/train/images/23728960_15_patch_34.png,data/processed/train/masks/23728960_15_patch_34.png,0.0
train,23728960_15.png,35,data/processed/train/images/23728960_15_patch_35.png,data/processed/train/masks/23728960_15_patch_35.png,0.0
train,23728975_15.png,0,data/processed/train/images/23728975_15_patch_00.png,data/processed/train/masks/23728975_15_patch_00.png,0.4002227783203125
train,23728975_15.png,1,data/processed/train/images/23728975_15_patch_01.png,data/processed/train/masks/23728975_15_patch_01.png,0.31195068359375
train,23728975_15.png,2,data/processed/train/images/23728975_15_patch_02.png,data/processed/train/masks/23728975_15_patch_02.png,0.28955078125
train,23728975_15.png,3,data/processed/train/images/23728975_15_patch_03.png,data/processed/train/masks/23728975_15_patch_03.png,0.1953125
train,23728975_15.png,4,data/processed/train/images/23728975_15_patch_04.png,data/processed/train/masks/23728975_15_patch_04.png,0.319976806640625
train,23728975_15.png,5,data/processed/train/images/23728975_15_patch_05.png,data/processed/train/masks/23728975_15_patch_05.png,0.28167724609375
train,23728975_15.png,6,data/processed/train/images/23728975_15_patch_06.png,data/processed/train/masks/23728975_15_patch_06.png,0.282440185546875
train,23728975_15.png,7,data/processed/train/images/23728975_15_patch_07.png,data/processed/train/masks/23728975_15_patch_07.png,0.2320098876953125
train,23728975_15.png,8,data/processed/train/images/23728975_15_patch_08.png,data/processed/train/masks/23728975_15_patch_08.png,0.145477294921875
train,23728975_15.png,9,data/processed/train/images/23728975_15_patch_09.png,data/processed/train/masks/23728975_15_patch_09.png,0.1620635986328125
train,23728975_15.png,10,data/processed/train/images/23728975_15_patch_10.png,data/processed/train/masks/23728975_15_patch_10.png,0.143707275390625
train,23728975_15.png,11,data/processed/train/images/23728975_15_patch_11.png,data/processed/train/masks/23728975_15_patch_11.png,0.1226654052734375
train,23728975_15.png,12,data/processed/train/images/23728975_15_patch_12.png,data/processed/train/masks/23728975_15_patch_12.png,0.1789703369140625
train,23728975_15.png,13,data/processed/train/images/23728975_15_patch_13.png,data/processed/train/masks/23728975_15_patch_13.png,0.099945068359375
train,23728975_15.png,14,data/processed/train/images/23728975_15_patch_14.png,data/processed/train/masks/23728975_15_patch_14.png,0.0
train,23728975_15.png,15,data/processed/train/images/23728975_15_patch_15.png,data/processed/train/masks/23728975_15_patch_15.png,0.0
train,23728975_15.png,16,data/processed/train/images/23728975_15_patch_16.png,data/processed/train/masks/23728975_15_patch_16.png,0.0
train,23728975_15.png,17,data/processed/train/images/23728975_15_patch_17.png,data/processed/train/masks/23728975_15_patch_17.png,0.0
train,23728975_15.png,18,data/processed/train/images/23728975_15_patch_18.png,data/processed/train/masks/23728975_15_patch_18.png,0.1000518798828125
train,23728975_15.png,19,data/processed/train/images/23728975_15_patch_19.png,data/processed/train/masks/23728975_15_patch_19.png,0.096832275390625
train,23728975_15.png,20,data/processed/train/images/23728975_15_patch_20.png,data/processed/train/masks/23728975_15_patch_20.png,0.0
train,23728975_15.png,21,data/processed/train/images/23728975_15_patch_21.png,data/processed/train/masks/23728975_15_patch_21.png,0.0
train,23728975_15.png,22,data/processed/train/images/23728975_15_patch_22.png,data/processed/train/masks/23728975_15_patch_22.png,0.0
train,23728975_15.png,23,data/processed/train/images/23728975_15_patch_23.png,data/processed/train/masks/23728975_15_patch_23.png,0.0
train,23728975_15.png,24,data/processed/train/images/23728975_15_patch_24.png,data/processed/train/masks/23728975_15_patch_24.png,0.1676025390625
train,23728975_15.png,25,data/processed/train/images/23728975_15_patch_25.png,data/processed/train/masks/23728975_15_patch_25.png,0.108489990234375
train,23728975_15.png,26,data/processed/train/images/23728975_15_patch_26.png,data/processed/train/masks/23728975_15_patch_26.png,0.005859375
train,23728975_15.png,27,data/processed/train/images/23728975_15_patch_27.png,data/processed/train/masks/23728975_15_patch_27.png,0.0142669677734375
train,23728975_15.png,28,data/processed/train/images/23728975_15_patch_28.png,data/processed/train/masks/23728975_15_patch_28.png,0.0
train,23728975_15.png,29,data/processed/train/images/23728975_15_patch_29.png,data/processed/train/masks/23728975_15_patch_29.png,0.0
train,23728975_15.png,30,data/processed/train/images/23728975_15_patch_30.png,data/processed/train/masks/23728975_15_patch_30.png,0.177001953125
train,23728975_15.png,31,data/processed/train/images/23728975_15_patch_31.png,data/processed/train/masks/23728975_15_patch_31.png,0.018280029296875
train,23728975_15.png,32,data/processed/train/images/23728975_15_patch_32.png,data/processed/train/masks/23728975_15_patch_32.png,0.09466552734375
train,23728975_15.png,33,data/processed/train/images/23728975_15_patch_33.png,data/processed/train/masks/23728975_15_patch_33.png,0.3550262451171875
train,23728975_15.png,34,data/processed/train/images/23728975_15_patch_34.png,data/processed/train/masks/23728975_15_patch_34.png,0.0596466064453125
train,23728975_15.png,35,data/processed/train/images/23728975_15_patch_35.png,data/processed/train/masks/23728975_15_patch_35.png,0.0030364990234375
train,23728990_15.png,0,data/processed/train/images/23728990_15_patch_00.png,data/processed/train/masks/23728990_15_patch_00.png,0.083984375
train,23728990_15.png,1,data/processed/train/images/23728990_15_patch_01.png,data/processed/train/masks/23728990_15_patch_01.png,0.3450164794921875
train,23728990_15.png,2,data/processed/train/images/23728990_15_patch_02.png,data/processed/train/masks/23728990_15_patch_02.png,0.212982177734375
train,23728990_15.png,3,data/processed/train/images/23728990_15_patch_03.png,data/processed/train/masks/23728990_15_patch_03.png,0.7087554931640625
train,23728990_15.png,4,data/processed/train/images/23728990_15_patch_04.png,data/processed/train/masks/23728990_15_patch_04.png,0.3760986328125
train,23728990_15.png,5,data/processed/train/images/23728990_15_patch_05.png,data/processed/train/masks/23728990_15_patch_05.png,0.09527587890625
train,23728990_15.png,6,data/processed/train/images/23728990_15_patch_06.png,data/processed/train/masks/23728990_15_patch_06.png,0.4803009033203125
train,23728990_15.png,7,data/processed/train/images/23728990_15_patch_07.png,data/processed/train/masks/23728990_15_patch_07.png,0.1516265869140625
train,23728990_15.png,8,data/processed/train/images/23728990_15_patch_08.png,data/processed/train/masks/23728990_15_patch_08.png,0.097320556640625
train,23728990_15.png,9,data/processed/train/images/23728990_15_patch_09.png,data/processed/train/masks/23728990_15_patch_09.png,0.5177001953125
train,23728990_15.png,10,data/processed/train/images/23728990_15_patch_10.png,data/processed/train/masks/23728990_15_patch_10.png,0.099029541015625
train,23728990_15.png,11,data/processed/train/images/23728990_15_patch_11.png,data/processed/train/masks/23728990_15_patch_11.png,0.037139892578125
train,23728990_15.png,12,data/processed/train/images/23728990_15_patch_12.png,data/processed/train/masks/23728990_15_patch_12.png,0.3037109375
train,23728990_15.png,13,data/processed/train/images/23728990_15_patch_13.png,data/processed/train/masks/23728990_15_patch_13.png,0.2236175537109375
train,23728990_15.png,14,data/processed/train/images/23728990_15_patch_14.png,data/processed/train/masks/23728990_15_patch_14.png,0.254608154296875
train,23728990_15.png,15,data/processed/train/images/23728990_15_patch_15.png,data/processed/train/masks/23728990_15_patch_15.png,0.267852783203125
train,23728990_15.png,16,data/processed/train/images/23728990_15_patch_16.png,data/processed/train/masks/23728990_15_patch_16.png,0.3182830810546875
train,23728990_15.png,17,data/processed/train/images/23728990_15_patch_17.png,data/processed/train/masks/23728990_15_patch_17.png,0.0001678466796875
train,23728990_15.png,18,data/processed/train/images/23728990_15_patch_18.png,data/processed/train/masks/23728990_15_patch_18.png,0.192840576171875
train,23728990_15.png,19,data/processed/train/images/23728990_15_patch_19.png,data/processed/train/masks/23728990_15_patch_19.png,0.2465667724609375
train,23728990_15.png,20,data/processed/train/images/23728990_15_patch_20.png,data/processed/train/masks/23728990_15_patch_20.png,0.2297210693359375
train,23728990_15.png,21,data/processed/train/images/23728990_15_patch_21.png,data/processed/train/masks/23728990_15_patch_21.png,0.4070281982421875
train,23728990_15.png,22,data/processed/train/images/23728990_15_patch_22.png,data/processed/train/masks/23728990_15_patch_22.png,0.3466644287109375
train,23728990_15.png,23,data/processed/train/images/23728990_15_patch_23.png,data/processed/train/masks/23728990_15_patch_23.png,0.0397491455078125
train,23728990_15.png,24,data/processed/train/images/23728990_15_patch_24.png,data/processed/train/masks/23728990_15_patch_24.png,0.33551025390625
train,23728990_15.png,25,data/processed/train/images/23728990_15_patch_25.png,data/processed/train/masks/23728990_15_patch_25.png,0.2827301025390625
train,23728990_15.png,26,data/processed/train/images/23728990_15_patch_26.png,data/processed/train/masks/23728990_15_patch_26.png,0.339874267578125
train,23728990_15.png,27,data/processed/train/images/23728990_15_patch_27.png,data/processed/train/masks/23728990_15_patch_27.png,0.3171844482421875
train,23728990_15.png,28,data/processed/train/images/23728990_15_patch_28.png,data/processed/train/masks/23728990_15_patch_28.png,0.3513946533203125
train,23728990_15.png,29,data/processed/train/images/23728990_15_patch_29.png,data/processed/train/masks/23728990_15_patch_29.png,0.2461395263671875
train,23728990_15.png,30,data/processed/train/images/23728990_15_patch_30.png,data/processed/train/masks/23728990_15_patch_30.png,0.2974395751953125
train,23728990_15.png,31,data/processed/train/images/23728990_15_patch_31.png,data/processed/train/masks/23728990_15_patch_31.png,0.257659912109375
train,23728990_15.png,32,data/processed/train/images/23728990_15_patch_32.png,data/processed/train/masks/23728990_15_patch_32.png,0.2716827392578125
train,23728990_15.png,33,data/processed/train/images/23728990_15_patch_33.png,data/processed/train/masks/23728990_15_patch_33.png,0.3173065185546875
train,23728990_15.png,34,data/processed/train/images/23728990_15_patch_34.png,data/processed/train/masks/23728990_15_patch_34.png,0.28704833984375
train,23728990_15.png,35,data/processed/train/images/23728990_15_patch_35.png,data/processed/train/masks/23728990_15_patch_35.png,0.245697021484375
train,23729005_15.png,0,data/processed/train/images/23729005_15_patch_00.png,data/processed/train/masks/23729005_15_patch_00.png,0.3902130126953125
train,23729005_15.png,1,data/processed/train/images/23729005_15_patch_01.png,data/processed/train/masks/23729005_15_patch_01.png,0.2233123779296875
train,23729005_15.png,2,data/processed/train/images/23729005_15_patch_02.png,data/processed/train/masks/23729005_15_patch_02.png,0.14984130859375
train,23729005_15.png,3,data/processed/train/images/23729005_15_patch_03.png,data/processed/train/masks/23729005_15_patch_03.png,0.0
train,23729005_15.png,4,data/processed/train/images/23729005_15_patch_04.png,data/processed/train/masks/23729005_15_patch_04.png,0.0
train,23729005_15.png,5,data/processed/train/images/23729005_15_patch_05.png,data/processed/train/masks/23729005_15_patch_05.png,0.0
train,23729005_15.png,6,data/processed/train/images/23729005_15_patch_06.png,data/processed/train/masks/23729005_15_patch_06.png,0.5515594482421875
train,23729005_15.png,7,data/processed/train/images/23729005_15_patch_07.png,data/processed/train/masks/23729005_15_patch_07.png,0.362396240234375
train,23729005_15.png,8,data/processed/train/images/23729005_15_patch_08.png,data/processed/train/masks/23729005_15_patch_08.png,0.1460723876953125
train,23729005_15.png,9,data/processed/train/images/23729005_15_patch_09.png,data/processed/train/masks/23729005_15_patch_09.png,0.0
train,23729005_15.png,10,data/processed/train/images/23729005_15_patch_10.png,data/processed/train/masks/23729005_15_patch_10.png,0.0
train,23729005_15.png,11,data/processed/train/images/23729005_15_patch_11.png,data/processed/train/masks/23729005_15_patch_11.png,0.0
train,23729005_15.png,12,data/processed/train/images/23729005_15_patch_12.png,data/processed/train/masks/23729005_15_patch_12.png,0.5242919921875
train,23729005_15.png,13,data/processed/train/images/23729005_15_patch_13.png,data/processed/train/masks/23729005_15_patch_13.png,0.32684326171875
train,23729005_15.png,14,data/processed/train/images/23729005_15_patch_14.png,data/processed/train/masks/23729005_15_patch_14.png,0.1187286376953125
train,23729005_15.png,15,data/processed/train/images/23729005_15_patch_15.png,data/processed/train/masks/23729005_15_patch_15.png,0.065032958984375
train,23729005_15.png,16,data/processed/train/images/23729005_15_patch_16.png,data/processed/train/masks/23729005_15_patch_16.png,0.0
train,23729005_15.png,17,data/processed/train/images/23729005_15_patch_17.png,data/processed/train/masks/23729005_15_patch_17.png,0.0
train,23729005_15.png,18,data/processed/train/images/23729005_15_patch_18.png,data/processed/train/masks/23729005_15_patch_18.png,0.292327880859375
train,23729005_15.png,19,data/processed/train/images/23729005_15_patch_19.png,data/processed/train/masks/23729005_15_patch_19.png,0.2355499267578125
train,23729005_15.png,20,data/processed/train/images/23729005_15_patch_20.png,data/processed/train/masks/23729005_15_patch_20.png,0.0797882080078125
train,23729005_15.png,21,data/processed/train/images/23729005_15_patch_21.png,data/processed/train/masks/23729005_15_patch_21.png,0.137420654296875
train,23729005_15.png,22,data/processed/train/images/23729005_15_patch_22.png,data/processed/train/masks/23729005_15_patch_22.png,0.0384521484375
train,23729005_15.png,23,data/processed/train/images/23729005_15_patch_23.png,data/processed/train/masks/23729005_15_patch_23.png,0.0208892822265625
train,23729005_15.png,24,data/processed/train/images/23729005_15_patch_24.png,data/processed/train/masks/23729005_15_patch_24.png,0.368011474609375
train,23729005_15.png,25,data/processed/train/images/23729005_15_patch_25.png,data/processed/train/masks/23729005_15_patch_25.png,0.0064697265625
train,23729005_15.png,26,data/processed/train/images/23729005_15_patch_26.png,data/processed/train/masks/23729005_15_patch_26.png,0.2991485595703125
train,23729005_15.png,27,data/processed/train/images/23729005_15_patch_27.png,data/processed/train/masks/23729005_15_patch_27.png,0.198028564453125
train,23729005_15.png,28,data/processed/train/images/23729005_15_patch_28.png,data/processed/train/masks/23729005_15_patch_28.png,0.0653839111328125
train,23729005_15.png,29,data/processed/train/images/23729005_15_patch_29.png,data/processed/train/masks/23729005_15_patch_29.png,0.015228271484375
train,23729005_15.png,30,data/processed/train/images/23729005_15_patch_30.png,data/processed/train/masks/23729005_15_patch_30.png,0.033935546875
train,23729005_15.png,31,data/processed/train/images/23729005_15_patch_31.png,data/processed/train/masks/23729005_15_patch_31.png,0.0216064453125
train,23729005_15.png,32,data/processed/train/images/23729005_15_patch_32.png,data/processed/train/masks/23729005_15_patch_32.png,0.184844970703125
train,23729005_15.png,33,data/processed/train/images/23729005_15_patch_33.png,data/processed/train/masks/23729005_15_patch_33.png,0.035064697265625
train,23729005_15.png,34,data/processed/train/images/23729005_15_patch_34.png,data/processed/train/masks/23729005_15_patch_34.png,0.057586669921875
train,23729005_15.png,35,data/processed/train/images/23729005_15_patch_35.png,data/processed/train/masks/23729005_15_patch_35.png,0.130401611328125
train,23729020_15.png,0,data/processed/train/images/23729020_15_patch_00.png,data/processed/train/masks/23729020_15_patch_00.png,0.087188720703125
train,23729020_15.png,1,data/processed/train/images/23729020_15_patch_01.png,data/processed/train/masks/23729020_15_patch_01.png,0.111968994140625
train,23729020_15.png,2,data/processed/train/images/23729020_15_patch_02.png,data/processed/train/masks/23729020_15_patch_02.png,0.0
train,23729020_15.png,3,data/processed/train/images/23729020_15_patch_03.png,data/processed/train/masks/23729020_15_patch_03.png,0.0
train,23729020_15.png,4,data/processed/train/images/23729020_15_patch_04.png,data/processed/train/masks/23729020_15_patch_04.png,0.0169677734375
train,23729020_15.png,5,data/processed/train/images/23729020_15_patch_05.png,data/processed/train/masks/23729020_15_patch_05.png,0.2112884521484375
train,23729020_15.png,6,data/processed/train/images/23729020_15_patch_06.png,data/processed/train/masks/23729020_15_patch_06.png,0.010345458984375
train,23729020_15.png,7,data/processed/train/images/23729020_15_patch_07.png,data/processed/train/masks/23729020_15_patch_07.png,0.0
train,23729020_15.png,8,data/processed/train/images/23729020_15_patch_08.png,data/processed/train/masks/23729020_15_patch_08.png,0.0
train,23729020_15.png,9,data/processed/train/images/23729020_15_patch_09.png,data/processed/train/masks/23729020_15_patch_09.png,0.0
train,23729020_15.png,10,data/processed/train/images/23729020_15_patch_10.png,data/processed/train/masks/23729020_15_patch_10.png,0.23919677734375
train,23729020_15.png,11,data/processed/train/images/23729020_15_patch_11.png,data/processed/train/masks/23729020_15_patch_11.png,0.2430572509765625
train,23729020_15.png,12,data/processed/train/images/23729020_15_patch_12.png,data/processed/train/masks/23729020_15_patch_12.png,0.0529937744140625
train,23729020_15.png,13,data/processed/train/images/23729020_15_patch_13.png,data/processed/train/masks/23729020_15_patch_13.png,0.05596923828125
train,23729020_15.png,14,data/processed/train/images/23729020_15_patch_14.png,data/processed/train/masks/23729020_15_patch_14.png,0.0015716552734375
train,23729020_15.png,15,data/processed/train/images/23729020_15_patch_15.png,data/processed/train/masks/23729020_15_patch_15.png,0.0
train,23729020_15.png,16,data/processed/train/images/23729020_15_patch_16.png,data/processed/train/masks/23729020_15_patch_16.png,0.056732177734375
train,23729020_15.png,17,data/processed/train/images/23729020_15_patch_17.png,data/processed/train/masks/23729020_15_patch_17.png,0.1809539794921875
train,23729020_15.png,18,data/processed/train/images/23729020_15_patch_18.png,data/processed/train/masks/23729020_15_patch_18.png,0.4434967041015625
train,23729020_15.png,19,data/processed/train/images/23729020_15_patch_19.png,data/processed/train/masks/23729020_15_patch_19.png,0.419342041015625
train,23729020_15.png,20,data/processed/train/images/23729020_15_patch_20.png,data/processed/train/masks/23729020_15_patch_20.png,0.154205322265625
train,23729020_15.png,21,data/processed/train/images/23729020_15_patch_21.png,data/processed/train/masks/23729020_15_patch_21.png,0.0
train,23729020_15.png,22,data/processed/train/images/23729020_15_patch_22.png,data/processed/train/masks/23729020_15_patch_22.png,3.0517578125e-05
train,23729020_15.png,23,data/processed/train/images/23729020_15_patch_23.png,data/processed/train/masks/23729020_15_patch_23.png,0.0264892578125
train,23729020_15.png,24,data/processed/train/images/23729020_15_patch_24.png,data/processed/train/masks/23729020_15_patch_24.png,0.4392547607421875
train,23729020_15.png,25,data/processed/train/images/23729020_15_patch_25.png,data/processed/train/masks/23729020_15_patch_25.png,0.4027862548828125
train,23729020_15.png,26,data/processed/train/images/23729020_15_patch_26.png,data/processed/train/masks/23729020_15_patch_26.png,0.080352783203125
train,23729020_15.png,27,data/processed/train/images/23729020_15_patch_27.png,data/processed/train/masks/23729020_15_patch_27.png,0.0
train,23729020_15.png,28,data/processed/train/images/23729020_15_patch_28.png,data/processed/train/masks/23729020_15_patch_28.png,0.0
train,23729020_15.png,29,data/processed/train/images/23729020_15_patch_29.png,data/processed/train/masks/23729020_15_patch_29.png,0.0
train,23729020_15.png,30,data/processed/train/images/23729020_15_patch_30.png,data/processed/train/masks/23729020_15_patch_30.png,0.1170806884765625
train,23729020_15.png,31,data/processed/train/images/23729020_15_patch_31.png,data/processed/train/masks/23729020_15_patch_31.png,0.24261474609375
train,23729020_15.png,32,data/processed/train/images/23729020_15_patch_32.png,data/processed/train/masks/23729020_15_patch_32.png,0.0695343017578125
train,23729020_15.png,33,data/processed/train/images/23729020_15_patch_33.png,data/processed/train/masks/23729020_15_patch_33.png,0.0
train,23729020_15.png,34,data/processed/train/images/23729020_15_patch_34.png,data/processed/train/masks/23729020_15_patch_34.png,0.0
train,23729020_15.png,35,data/processed/train/images/23729020_15_patch_35.png,data/processed/train/masks/23729020_15_patch_35.png,0.0
train,23729050_15.png,0,data/processed/train/images/23729050_15_patch_00.png,data/processed/train/masks/23729050_15_patch_00.png,0.1479339599609375
train,23729050_15.png,1,data/processed/train/images/23729050_15_patch_01.png,data/processed/train/masks/23729050_15_patch_01.png,0.1377410888671875
train,23729050_15.png,2,data/processed/train/images/23729050_15_patch_02.png,data/processed/train/masks/23729050_15_patch_02.png,0.283447265625
train,23729050_15.png,3,data/processed/train/images/23729050_15_patch_03.png,data/processed/train/masks/23729050_15_patch_03.png,0.2751007080078125
train,23729050_15.png,4,data/processed/train/images/23729050_15_patch_04.png,data/processed/train/masks/23729050_15_patch_04.png,0.1973724365234375
train,23729050_15.png,5,data/processed/train/images/23729050_15_patch_05.png,data/processed/train/masks/23729050_15_patch_05.png,0.1307830810546875
train,23729050_15.png,6,data/processed/train/images/23729050_15_patch_06.png,data/processed/train/masks/23729050_15_patch_06.png,0.096649169921875
train,23729050_15.png,7,data/processed/train/images/23729050_15_patch_07.png,data/processed/train/masks/23729050_15_patch_07.png,0.1901092529296875
train,23729050_15.png,8,data/processed/train/images/23729050_15_patch_08.png,data/processed/train/masks/23729050_15_patch_08.png,0.16009521484375
train,23729050_15.png,9,data/processed/train/images/23729050_15_patch_09.png,data/processed/train/masks/23729050_15_patch_09.png,0.1721954345703125
train,23729050_15.png,10,data/processed/train/images/23729050_15_patch_10.png,data/processed/train/masks/23729050_15_patch_10.png,0.2143402099609375
train,23729050_15.png,11,data/processed/train/images/23729050_15_patch_11.png,data/processed/train/masks/23729050_15_patch_11.png,0.1385498046875
train,23729050_15.png,12,data/processed/train/images/23729050_15_patch_12.png,data/processed/train/masks/23729050_15_patch_12.png,0.1163177490234375
train,23729050_15.png,13,data/processed/train/images/23729050_15_patch_13.png,data/processed/train/masks/23729050_15_patch_13.png,0.2265167236328125
train,23729050_15.png,14,data/processed/train/images/23729050_15_patch_14.png,data/processed/train/masks/23729050_15_patch_14.png,0.2872314453125
train,23729050_15.png,15,data/processed/train/images/23729050_15_patch_15.png,data/processed/train/masks/23729050_15_patch_15.png,0.2885894775390625
train,23729050_15.png,16,data/processed/train/images/23729050_15_patch_16.png,data/processed/train/masks/23729050_15_patch_16.png,0.16162109375
train,23729050_15.png,17,data/processed/train/images/23729050_15_patch_17.png,data/processed/train/masks/23729050_15_patch_17.png,0.0484771728515625
train,23729050_15.png,18,data/processed/train/images/23729050_15_patch_18.png,data/processed/train/masks/23729050_15_patch_18.png,0.27386474609375
train,23729050_15.png,19,data/processed/train/images/23729050_15_patch_19.png,data/processed/train/masks/23729050_15_patch_19.png,0.2844085693359375
train,23729050_15.png,20,data/processed/train/images/23729050_15_patch_20.png,data/processed/train/masks/23729050_15_patch_20.png,0.064117431640625
train,23729050_15.png,21,data/processed/train/images/23729050_15_patch_21.png,data/processed/train/masks/23729050_15_patch_21.png,0.328704833984375
train,23729050_15.png,22,data/processed/train/images/23729050_15_patch_22.png,data/processed/train/masks/23729050_15_patch_22.png,0.3736114501953125
train,23729050_15.png,23,data/processed/train/images/23729050_15_patch_23.png,data/processed/train/masks/23729050_15_patch_23.png,0.187347412109375
train,23729050_15.png,24,data/processed/train/images/23729050_15_patch_24.png,data/processed/train/masks/23729050_15_patch_24.png,0.1508331298828125
train,23729050_15.png,25,data/processed/train/images/23729050_15_patch_25.png,data/processed/train/masks/23729050_15_patch_25.png,0.0435333251953125
train,23729050_15.png,26,data/processed/train/images/23729050_15_patch_26.png,data/processed/train/masks/23729050_15_patch_26.png,0.0552520751953125
train,23729050_15.png,27,data/processed/train/images/23729050_15_patch_27.png,data/processed/train/masks/23729050_15_patch_27.png,0.1014862060546875
train,23729050_15.png,28,data/processed/train/images/23729050_15_patch_28.png,data/processed/train/masks/23729050_15_patch_28.png,0.3891143798828125
train,23729050_15.png,29,data/processed/train/images/23729050_15_patch_29.png,data/processed/train/masks/23729050_15_patch_29.png,0.241851806640625
train,23729050_15.png,30,data/processed/train/images/23729050_15_patch_30.png,data/processed/train/masks/23729050_15_patch_30.png,0.033355712890625
train,23729050_15.png,31,data/processed/train/images/23729050_15_patch_31.png,data/processed/train/masks/23729050_15_patch_31.png,0.0149993896484375
train,23729050_15.png,32,data/processed/train/images/23729050_15_patch_32.png,data/processed/train/masks/23729050_15_patch_32.png,0.106658935546875
train,23729050_15.png,33,data/processed/train/images/23729050_15_patch_33.png,data/processed/train/masks/23729050_15_patch_33.png,0.1176910400390625
train,23729050_15.png,34,data/processed/train/images/23729050_15_patch_34.png,data/processed/train/masks/23729050_15_patch_34.png,0.17474365234375
train,23729050_15.png,35,data/processed/train/images/23729050_15_patch_35.png,data/processed/train/masks/23729050_15_patch_35.png,0.1955108642578125
train,23729065_15.png,0,data/processed/train/images/23729065_15_patch_00.png,data/processed/train/masks/23729065_15_patch_00.png,0.2532958984375
train,23729065_15.png,1,data/processed/train/images/23729065_15_patch_01.png,data/processed/train/masks/23729065_15_patch_01.png,0.2834625244140625
train,23729065_15.png,2,data/processed/train/images/23729065_15_patch_02.png,data/processed/train/masks/23729065_15_patch_02.png,0.288665771484375
train,23729065_15.png,3,data/processed/train/images/23729065_15_patch_03.png,data/processed/train/masks/23729065_15_patch_03.png,0.1348114013671875
train,23729065_15.png,4,data/processed/train/images/23729065_15_patch_04.png,data/processed/train/masks/23729065_15_patch_04.png,0.1105804443359375
train,23729065_15.png,5,data/processed/train/images/23729065_15_patch_05.png,data/processed/train/masks/23729065_15_patch_05.png,0.205718994140625
train,23729065_15.png,6,data/processed/train/images/23729065_15_patch_06.png,data/processed/train/masks/23729065_15_patch_06.png,0.273681640625
train,23729065_15.png,7,data/processed/train/images/23729065_15_patch_07.png,data/processed/train/masks/23729065_15_patch_07.png,0.314453125
train,23729065_15.png,8,data/processed/train/images/23729065_15_patch_08.png,data/processed/train/masks/23729065_15_patch_08.png,0.274810791015625
train,23729065_15.png,9,data/processed/train/images/23729065_15_patch_09.png,data/processed/train/masks/23729065_15_patch_09.png,0.2942047119140625
train,23729065_15.png,10,data/processed/train/images/23729065_15_patch_10.png,data/processed/train/masks/23729065_15_patch_10.png,0.26397705078125
train,23729065_15.png,11,data/processed/train/images/23729065_15_patch_11.png,data/processed/train/masks/23729065_15_patch_11.png,0.2030792236328125
train,23729065_15.png,12,data/processed/train/images/23729065_15_patch_12.png,data/processed/train/masks/23729065_15_patch_12.png,0.245025634765625
train,23729065_15.png,13,data/processed/train/images/23729065_15_patch_13.png,data/processed/train/masks/23729065_15_patch_13.png,0.2996368408203125
train,23729065_15.png,14,data/processed/train/images/23729065_15_patch_14.png,data/processed/train/masks/23729065_15_patch_14.png,0.2386474609375
train,23729065_15.png,15,data/processed/train/images/23729065_15_patch_15.png,data/processed/train/masks/23729065_15_patch_15.png,0.25457763671875
train,23729065_15.png,16,data/processed/train/images/23729065_15_patch_16.png,data/processed/train/masks/23729065_15_patch_16.png,0.2108306884765625
train,23729065_15.png,17,data/processed/train/images/23729065_15_patch_17.png,data/processed/train/masks/23729065_15_patch_17.png,0.2328948974609375
train,23729065_15.png,18,data/processed/train/images/23729065_15_patch_18.png,data/processed/train/masks/23729065_15_patch_18.png,0.3527374267578125
train,23729065_15.png,19,data/processed/train/images/23729065_15_patch_19.png,data/processed/train/masks/23729065_15_patch_19.png,0.279022216796875
train,23729065_15.png,20,data/processed/train/images/23729065_15_patch_20.png,data/processed/train/masks/23729065_15_patch_20.png,0.2645416259765625
train,23729065_15.png,21,data/processed/train/images/23729065_15_patch_21.png,data/processed/train/masks/23729065_15_patch_21.png,0.3024444580078125
train,23729065_15.png,22,data/processed/train/images/23729065_15_patch_22.png,data/processed/train/masks/23729065_15_patch_22.png,0.27679443359375
train,23729065_15.png,23,data/processed/train/images/23729065_15_patch_23.png,data/processed/train/masks/23729065_15_patch_23.png,0.164337158203125
train,23729065_15.png,24,data/processed/train/images/23729065_15_patch_24.png,data/processed/train/masks/23729065_15_patch_24.png,0.281890869140625
train,23729065_15.png,25,data/processed/train/images/23729065_15_patch_25.png,data/processed/train/masks/23729065_15_patch_25.png,0.216766357421875
train,23729065_15.png,26,data/processed/train/images/23729065_15_patch_26.png,data/processed/train/masks/23729065_15_patch_26.png,0.2743072509765625
train,23729065_15.png,27,data/processed/train/images/23729065_15_patch_27.png,data/processed/train/masks/23729065_15_patch_27.png,0.2439422607421875
train,23729065_15.png,28,data/processed/train/images/23729065_15_patch_28.png,data/processed/train/masks/23729065_15_patch_28.png,0.25335693359375
train,23729065_15.png,29,data/processed/train/images/23729065_15_patch_29.png,data/processed/train/masks/23729065_15_patch_29.png,0.167816162109375
train,23729065_15.png,30,data/processed/train/images/23729065_15_patch_30.png,data/processed/train/masks/23729065_15_patch_30.png,0.2034454345703125
train,23729065_15.png,31,data/processed/train/images/23729065_15_patch_31.png,data/processed/train/masks/23729065_15_patch_31.png,0.194000244140625
train,23729065_15.png,32,data/processed/train/images/23729065_15_patch_32.png,data/processed/train/masks/23729065_15_patch_32.png,0.223968505859375
train,23729065_15.png,33,data/processed/train/images/23729065_15_patch_33.png,data/processed/train/masks/23729065_15_patch_33.png,0.1334686279296875
train,23729065_15.png,34,data/processed/train/images/23729065_15_patch_34.png,data/processed/train/masks/23729065_15_patch_34.png,0.136383056640625
train,23729065_15.png,35,data/processed/train/images/23729065_15_patch_35.png,data/processed/train/masks/23729065_15_patch_35.png,0.0856781005859375
train,23729080_15.png,0,data/processed/train/images/23729080_15_patch_00.png,data/processed/train/masks/23729080_15_patch_00.png,0.18359375
train,23729080_15.png,1,data/processed/train/images/23729080_15_patch_01.png,data/processed/train/masks/23729080_15_patch_01.png,0.1462860107421875
train,23729080_15.png,2,data/processed/train/images/23729080_15_patch_02.png,data/processed/train/masks/23729080_15_patch_02.png,0.103363037109375
train,23729080_15.png,3,data/processed/train/images/23729080_15_patch_03.png,data/processed/train/masks/23729080_15_patch_03.png,0.294097900390625
train,23729080_15.png,4,data/processed/train/images/23729080_15_patch_04.png,data/processed/train/masks/23729080_15_patch_04.png,0.1290283203125
train,23729080_15.png,5,data/processed/train/images/23729080_15_patch_05.png,data/processed/train/masks/23729080_15_patch_05.png,0.0139923095703125
train,23729080_15.png,6,data/processed/train/images/23729080_15_patch_06.png,data/processed/train/masks/23729080_15_patch_06.png,0.159942626953125
train,23729080_15.png,7,data/processed/train/images/23729080_15_patch_07.png,data/processed/train/masks/23729080_15_patch_07.png,0.1876220703125
train,23729080_15.png,8,data/processed/train/images/23729080_15_patch_08.png,data/processed/train/masks/23729080_15_patch_08.png,0.140960693359375
train,23729080_15.png,9,data/processed/train/images/23729080_15_patch_09.png,data/processed/train/masks/23729080_15_patch_09.png,0.220367431640625
train,23729080_15.png,10,data/processed/train/images/23729080_15_patch_10.png,data/processed/train/masks/23729080_15_patch_10.png,0.1795806884765625
train,23729080_15.png,11,data/processed/train/images/23729080_15_patch_11.png,data/processed/train/masks/23729080_15_patch_11.png,0.050537109375
train,23729080_15.png,12,data/processed/train/images/23729080_15_patch_12.png,data/processed/train/masks/23729080_15_patch_12.png,0.1834564208984375
train,23729080_15.png,13,data/processed/train/images/23729080_15_patch_13.png,data/processed/train/masks/23729080_15_patch_13.png,0.2383270263671875
train,23729080_15.png,14,data/processed/train/images/23729080_15_patch_14.png,data/processed/train/masks/23729080_15_patch_14.png,0.184051513671875
train,23729080_15.png,15,data/processed/train/images/23729080_15_patch_15.png,data/processed/train/masks/23729080_15_patch_15.png,0.2216033935546875
train,23729080_15.png,16,data/processed/train/images/23729080_15_patch_16.png,data/processed/train/masks/23729080_15_patch_16.png,0.208892822265625
train,23729080_15.png,17,data/processed/train/images/23729080_15_patch_17.png,data/processed/train/masks/23729080_15_patch_17.png,0.162750244140625
train,23729080_15.png,18,data/processed/train/images/23729080_15_patch_18.png,data/processed/train/masks/23729080_15_patch_18.png,0.1934967041015625
train,23729080_15.png,19,data/processed/train/images/23729080_15_patch_19.png,data/processed/train/masks/23729080_15_patch_19.png,0.234588623046875
train,23729080_15.png,20,data/processed/train/images/23729080_15_patch_20.png,data/processed/train/masks/23729080_15_patch_20.png,0.231475830078125
train,23729080_15.png,21,data/processed/train/images/23729080_15_patch_21.png,data/processed/train/masks/23729080_15_patch_21.png,0.2426605224609375
train,23729080_15.png,22,data/processed/train/images/23729080_15_patch_22.png,data/processed/train/masks/23729080_15_patch_22.png,0.176300048828125
train,23729080_15.png,23,data/processed/train/images/23729080_15_patch_23.png,data/processed/train/masks/23729080_15_patch_23.png,0.0182952880859375
train,23729080_15.png,24,data/processed/train/images/23729080_15_patch_24.png,data/processed/train/masks/23729080_15_patch_24.png,0.1973114013671875
train,23729080_15.png,25,data/processed/train/images/23729080_15_patch_25.png,data/processed/train/masks/23729080_15_patch_25.png,0.2640838623046875
train,23729080_15.png,26,data/processed/train/images/23729080_15_patch_26.png,data/processed/train/masks/23729080_15_patch_26.png,0.2995147705078125
train,23729080_15.png,27,data/processed/train/images/23729080_15_patch_27.png,data/processed/train/masks/23729080_15_patch_27.png,0.2796173095703125
train,23729080_15.png,28,data/processed/train/images/23729080_15_patch_28.png,data/processed/train/masks/23729080_15_patch_28.png,0.15948486328125
train,23729080_15.png,29,data/processed/train/images/23729080_15_patch_29.png,data/processed/train/masks/23729080_15_patch_29.png,0.0
train,23729080_15.png,30,data/processed/train/images/23729080_15_patch_30.png,data/processed/train/masks/23729080_15_patch_30.png,0.172210693359375
train,23729080_15.png,31,data/processed/train/images/23729080_15_patch_31.png,data/processed/train/masks/23729080_15_patch_31.png,0.220367431640625
train,23729080_15.png,32,data/processed/train/images/23729080_15_patch_32.png,data/processed/train/masks/23729080_15_patch_32.png,0.2520904541015625
train,23729080_15.png,33,data/processed/train/images/23729080_15_patch_33.png,data/processed/train/masks/23729080_15_patch_33.png,0.2672882080078125
train,23729080_15.png,34,data/processed/train/images/23729080_15_patch_34.png,data/processed/train/masks/23729080_15_patch_34.png,0.136810302734375
train,23729080_15.png,35,data/processed/train/images/23729080_15_patch_35.png,data/processed/train/masks/23729080_15_patch_35.png,0.0803985595703125
train,23729095_15.png,0,data/processed/train/images/23729095_15_patch_00.png,data/processed/train/masks/23729095_15_patch_00.png,0.1877899169921875
train,23729095_15.png,1,data/processed/train/images/23729095_15_patch_01.png,data/processed/train/masks/23729095_15_patch_01.png,0.0684661865234375
train,23729095_15.png,2,data/processed/train/images/23729095_15_patch_02.png,data/processed/train/masks/23729095_15_patch_02.png,0.130096435546875
train,23729095_15.png,3,data/processed/train/images/23729095_15_patch_03.png,data/processed/train/masks/23729095_15_patch_03.png,0.1129913330078125
train,23729095_15.png,4,data/processed/train/images/23729095_15_patch_04.png,data/processed/train/masks/23729095_15_patch_04.png,0.05523681640625
train,23729095_15.png,5,data/processed/train/images/23729095_15_patch_05.png,data/processed/train/masks/23729095_15_patch_05.png,0.0351715087890625
train,23729095_15.png,6,data/processed/train/images/23729095_15_patch_06.png,data/processed/train/masks/23729095_15_patch_06.png,0.15936279296875
train,23729095_15.png,7,data/processed/train/images/23729095_15_patch_07.png,data/processed/train/masks/23729095_15_patch_07.png,0.1360931396484375
train,23729095_15.png,8,data/processed/train/images/23729095_15_patch_08.png,data/processed/train/masks/23729095_15_patch_08.png,0.18377685546875
train,23729095_15.png,9,data/processed/train/images/23729095_15_patch_09.png,data/processed/train/masks/23729095_15_patch_09.png,0.1179656982421875
train,23729095_15.png,10,data/processed/train/images/23729095_15_patch_10.png,data/processed/train/masks/23729095_15_patch_10.png,0.1296234130859375
train,23729095_15.png,11,data/processed/train/images/23729095_15_patch_11.png,data/processed/train/masks/23729095_15_patch_11.png,0.07879638671875
train,23729095_15.png,12,data/processed/train/images/23729095_15_patch_12.png,data/processed/train/masks/23729095_15_patch_12.png,0.135467529296875
train,23729095_15.png,13,data/processed/train/images/23729095_15_patch_13.png,data/processed/train/masks/23729095_15_patch_13.png,0.1700592041015625
train,23729095_15.png,14,data/processed/train/images/23729095_15_patch_14.png,data/processed/train/masks/23729095_15_patch_14.png,0.2050018310546875
train,23729095_15.png,15,data/processed/train/images/23729095_15_patch_15.png,data/processed/train/masks/23729095_15_patch_15.png,0.124725341796875
train,23729095_15.png,16,data/processed/train/images/23729095_15_patch_16.png,data/processed/train/masks/23729095_15_patch_16.png,0.148651123046875
train,23729095_15.png,17,data/processed/train/images/23729095_15_patch_17.png,data/processed/train/masks/23729095_15_patch_17.png,0.177764892578125
train,23729095_15.png,18,data/processed/train/images/23729095_15_patch_18.png,data/processed/train/masks/23729095_15_patch_18.png,0.1510772705078125
train,23729095_15.png,19,data/processed/train/images/23729095_15_patch_19.png,data/processed/train/masks/23729095_15_patch_19.png,0.162567138671875
train,23729095_15.png,20,data/processed/train/images/23729095_15_patch_20.png,data/processed/train/masks/23729095_15_patch_20.png,0.17352294921875
train,23729095_15.png,21,data/processed/train/images/23729095_15_patch_21.png,data/processed/train/masks/23729095_15_patch_21.png,0.2673492431640625
train,23729095_15.png,22,data/processed/train/images/23729095_15_patch_22.png,data/processed/train/masks/23729095_15_patch_22.png,0.2032928466796875
train,23729095_15.png,23,data/processed/train/images/23729095_15_patch_23.png,data/processed/train/masks/23729095_15_patch_23.png,0.1792144775390625
train,23729095_15.png,24,data/processed/train/images/23729095_15_patch_24.png,data/processed/train/masks/23729095_15_patch_24.png,0.1757049560546875
train,23729095_15.png,25,data/processed/train/images/23729095_15_patch_25.png,data/processed/train/masks/23729095_15_patch_25.png,0.14996337890625
train,23729095_15.png,26,data/processed/train/images/23729095_15_patch_26.png,data/processed/train/masks/23729095_15_patch_26.png,0.2156219482421875
train,23729095_15.png,27,data/processed/train/images/23729095_15_patch_27.png,data/processed/train/masks/23729095_15_patch_27.png,0.228302001953125
train,23729095_15.png,28,data/processed/train/images/23729095_15_patch_28.png,data/processed/train/masks/23729095_15_patch_28.png,0.2000274658203125
train,23729095_15.png,29,data/processed/train/images/23729095_15_patch_29.png,data/processed/train/masks/23729095_15_patch_29.png,0.1630859375
train,23729095_15.png,30,data/processed/train/images/23729095_15_patch_30.png,data/processed/train/masks/23729095_15_patch_30.png,0.1371917724609375
train,23729095_15.png,31,data/processed/train/images/23729095_15_patch_31.png,data/processed/train/masks/23729095_15_patch_31.png,0.15447998046875
train,23729095_15.png,32,data/processed/train/images/23729095_15_patch_32.png,data/processed/train/masks/23729095_15_patch_32.png,0.38714599609375
train,23729095_15.png,33,data/processed/train/images/23729095_15_patch_33.png,data/processed/train/masks/23729095_15_patch_33.png,0.251007080078125
train,23729095_15.png,34,data/processed/train/images/23729095_15_patch_34.png,data/processed/train/masks/23729095_15_patch_34.png,0.1783905029296875
train,23729095_15.png,35,data/processed/train/images/23729095_15_patch_35.png,data/processed/train/masks/23729095_15_patch_35.png,0.037078857421875
train,23729110_15.png,0,data/processed/train/images/23729110_15_patch_00.png,data/processed/train/masks/23729110_15_patch_00.png,0.13653564453125
train,23729110_15.png,1,data/processed/train/images/23729110_15_patch_01.png,data/processed/train/masks/23729110_15_patch_01.png,0.1336669921875
train,23729110_15.png,2,data/processed/train/images/23729110_15_patch_02.png,data/processed/train/masks/23729110_15_patch_02.png,0.1078948974609375
train,23729110_15.png,3,data/processed/train/images/23729110_15_patch_03.png,data/processed/train/masks/23729110_15_patch_03.png,0.0980682373046875
train,23729110_15.png,4,data/processed/train/images/23729110_15_patch_04.png,data/processed/train/masks/23729110_15_patch_04.png,0.0854339599609375
train,23729110_15.png,5,data/processed/train/images/23729110_15_patch_05.png,data/processed/train/masks/23729110_15_patch_05.png,0.0159912109375
train,23729110_15.png,6,data/processed/train/images/23729110_15_patch_06.png,data/processed/train/masks/23729110_15_patch_06.png,0.1543121337890625
train,23729110_15.png,7,data/processed/train/images/23729110_15_patch_07.png,data/processed/train/masks/23729110_15_patch_07.png,0.1347503662109375
train,23729110_15.png,8,data/processed/train/images/23729110_15_patch_08.png,data/processed/train/masks/23729110_15_patch_08.png,0.0916900634765625
train,23729110_15.png,9,data/processed/train/images/23729110_15_patch_09.png,data/processed/train/masks/23729110_15_patch_09.png,0.0149993896484375
train,23729110_15.png,10,data/processed/train/images/23729110_15_patch_10.png,data/processed/train/masks/23729110_15_patch_10.png,0.0360870361328125
train,23729110_15.png,11,data/processed/train/images/23729110_15_patch_11.png,data/processed/train/masks/23729110_15_patch_11.png,0.00433349609375
train,23729110_15.png,12,data/processed/train/images/23729110_15_patch_12.png,data/processed/train/masks/23729110_15_patch_12.png,0.1433563232421875
train,23729110_15.png,13,data/processed/train/images/23729110_15_patch_13.png,data/processed/train/masks/23729110_15_patch_13.png,0.0891876220703125
train,23729110_15.png,14,data/processed/train/images/23729110_15_patch_14.png,data/processed/train/masks/23729110_15_patch_14.png,0.05377197265625
train,23729110_15.png,15,data/processed/train/images/23729110_15_patch_15.png,data/processed/train/masks/23729110_15_patch_15.png,0.016815185546875
train,23729110_15.png,16,data/processed/train/images/23729110_15_patch_16.png,data/processed/train/masks/23729110_15_patch_16.png,0.0
train,23729110_15.png,17,data/processed/train/images/23729110_15_patch_17.png,data/processed/train/masks/23729110_15_patch_17.png,0.0
train,23729110_15.png,18,data/processed/train/images/23729110_15_patch_18.png,data/processed/train/masks/23729110_15_patch_18.png,0.097686767578125
train,23729110_15.png,19,data/processed/train/images/23729110_15_patch_19.png,data/processed/train/masks/23729110_15_patch_19.png,0.1234588623046875
train,23729110_15.png,20,data/processed/train/images/23729110_15_patch_20.png,data/processed/train/masks/23729110_15_patch_20.png,0.0403594970703125
train,23729110_15.png,21,data/processed/train/images/23729110_15_patch_21.png,data/processed/train/masks/23729110_15_patch_21.png,0.0061798095703125
train,23729110_15.png,22,data/processed/train/images/23729110_15_patch_22.png,data/processed/train/masks/23729110_15_patch_22.png,0.0089111328125
train,23729110_15.png,23,data/processed/train/images/23729110_15_patch_23.png,data/processed/train/masks/23729110_15_patch_23.png,0.0071563720703125
train,23729110_15.png,24,data/processed/train/images/23729110_15_patch_24.png,data/processed/train/masks/23729110_15_patch_24.png,0.0883026123046875
train,23729110_15.png,25,data/processed/train/images/23729110_15_patch_25.png,data/processed/train/masks/23729110_15_patch_25.png,0.1175689697265625
train,23729110_15.png,26,data/processed/train/images/23729110_15_patch_26.png,data/processed/train/masks/23729110_15_patch_26.png,0.026763916015625
train,23729110_15.png,27,data/processed/train/images/23729110_15_patch_27.png,data/processed/train/masks/23729110_15_patch_27.png,0.0206451416015625
train,23729110_15.png,28,data/processed/train/images/23729110_15_patch_28.png,data/processed/train/masks/23729110_15_patch_28.png,0.00738525390625
train,23729110_15.png,29,data/processed/train/images/23729110_15_patch_29.png,data/processed/train/masks/23729110_15_patch_29.png,0.02655029296875
train,23729110_15.png,30,data/processed/train/images/23729110_15_patch_30.png,data/processed/train/masks/23729110_15_patch_30.png,0.083892822265625
train,23729110_15.png,31,data/processed/train/images/23729110_15_patch_31.png,data/processed/train/masks/23729110_15_patch_31.png,0.0948028564453125
train,23729110_15.png,32,data/processed/train/images/23729110_15_patch_32.png,data/processed/train/masks/23729110_15_patch_32.png,0.0860748291015625
train,23729110_15.png,33,data/processed/train/images/23729110_15_patch_33.png,data/processed/train/masks/23729110_15_patch_33.png,0.0607757568359375
train,23729110_15.png,34,data/processed/train/images/23729110_15_patch_34.png,data/processed/train/masks/23729110_15_patch_34.png,0.014556884765625
train,23729110_15.png,35,data/processed/train/images/23729110_15_patch_35.png,data/processed/train/masks/23729110_15_patch_35.png,0.01654052734375
train,23878915_15.png,0,data/processed/train/images/23878915_15_patch_00.png,data/processed/train/masks/23878915_15_patch_00.png,0.0844879150390625
train,23878915_15.png,1,data/processed/train/images/23878915_15_patch_01.png,data/processed/train/masks/23878915_15_patch_01.png,0.1111297607421875
train,23878915_15.png,2,data/processed/train/images/23878915_15_patch_02.png,data/processed/train/masks/23878915_15_patch_02.png,0.0556640625
train,23878915_15.png,3,data/processed/train/images/23878915_15_patch_03.png,data/processed/train/masks/23878915_15_patch_03.png,0.1418304443359375
train,23878915_15.png,4,data/processed/train/images/23878915_15_patch_04.png,data/processed/train/masks/23878915_15_patch_04.png,0.177703857421875
train,23878915_15.png,5,data/processed/train/images/23878915_15_patch_05.png,data/processed/train/masks/23878915_15_patch_05.png,0.1396484375
train,23878915_15.png,6,data/processed/train/images/23878915_15_patch_06.png,data/processed/train/masks/23878915_15_patch_06.png,0.087615966796875
train,23878915_15.png,7,data/processed/train/images/23878915_15_patch_07.png,data/processed/train/masks/23878915_15_patch_07.png,0.3260650634765625
train,23878915_15.png,8,data/processed/train/images/23878915_15_patch_08.png,data/processed/train/masks/23878915_15_patch_08.png,0.144989013671875
train,23878915_15.png,9,data/processed/train/images/23878915_15_patch_09.png,data/processed/train/masks/23878915_15_patch_09.png,0.19525146484375
train,23878915_15.png,10,data/processed/train/images/23878915_15_patch_10.png,data/processed/train/masks/23878915_15_patch_10.png,0.1739044189453125
train,23878915_15.png,11,data/processed/train/images/23878915_15_patch_11.png,data/processed/train/masks/23878915_15_patch_11.png,0.1268768310546875
train,23878915_15.png,12,data/processed/train/images/23878915_15_patch_12.png,data/processed/train/masks/23878915_15_patch_12.png,0.1772308349609375
train,23878915_15.png,13,data/processed/train/images/23878915_15_patch_13.png,data/processed/train/masks/23878915_15_patch_13.png,0.0613861083984375
train,23878915_15.png,14,data/processed/train/images/23878915_15_patch_14.png,data/processed/train/masks/23878915_15_patch_14.png,0.07080078125
train,23878915_15.png,15,data/processed/train/images/23878915_15_patch_15.png,data/processed/train/masks/23878915_15_patch_15.png,0.192657470703125
train,23878915_15.png,16,data/processed/train/images/23878915_15_patch_16.png,data/processed/train/masks/23878915_15_patch_16.png,0.275543212890625
train,23878915_15.png,17,data/processed/train/images/23878915_15_patch_17.png,data/processed/train/masks/23878915_15_patch_17.png,0.1635589599609375
train,23878915_15.png,18,data/processed/train/images/23878915_15_patch_18.png,data/processed/train/masks/23878915_15_patch_18.png,0.134765625
train,23878915_15.png,19,data/processed/train/images/23878915_15_patch_19.png,data/processed/train/masks/23878915_15_patch_19.png,0.172149658203125
train,23878915_15.png,20,data/processed/train/images/23878915_15_patch_20.png,data/processed/train/masks/23878915_15_patch_20.png,0.1579132080078125
train,23878915_15.png,21,data/processed/train/images/23878915_15_patch_21.png,data/processed/train/masks/23878915_15_patch_21.png,0.186767578125
train,23878915_15.png,22,data/processed/train/images/23878915_15_patch_22.png,data/processed/train/masks/23878915_15_patch_22.png,0.3046722412109375
train,23878915_15.png,23,data/processed/train/images/23878915_15_patch_23.png,data/processed/train/masks/23878915_15_patch_23.png,0.1474761962890625
train,23878915_15.png,24,data/processed/train/images/23878915_15_patch_24.png,data/processed/train/masks/23878915_15_patch_24.png,0.0977783203125
train,23878915_15.png,25,data/processed/train/images/23878915_15_patch_25.png,data/processed/train/masks/23878915_15_patch_25.png,0.1600799560546875
train,23878915_15.png,26,data/processed/train/images/23878915_15_patch_26.png,data/processed/train/masks/23878915_15_patch_26.png,0.1411590576171875
train,23878915_15.png,27,data/processed/train/images/23878915_15_patch_27.png,data/processed/train/masks/23878915_15_patch_27.png,0.1741180419921875
train,23878915_15.png,28,data/processed/train/images/23878915_15_patch_28.png,data/processed/train/masks/23878915_15_patch_28.png,0.1768035888671875
train,23878915_15.png,29,data/processed/train/images/23878915_15_patch_29.png,data/processed/train/masks/23878915_15_patch_29.png,0.2364654541015625
train,23878915_15.png,30,data/processed/train/images/23878915_15_patch_30.png,data/processed/train/masks/23878915_15_patch_30.png,0.1370086669921875
train,23878915_15.png,31,data/processed/train/images/23878915_15_patch_31.png,data/processed/train/masks/23878915_15_patch_31.png,0.1538848876953125
train,23878915_15.png,32,data/processed/train/images/23878915_15_patch_32.png,data/processed/train/masks/23878915_15_patch_32.png,0.154022216796875
train,23878915_15.png,33,data/processed/train/images/23878915_15_patch_33.png,data/processed/train/masks/23878915_15_patch_33.png,0.1329498291015625
train,23878915_15.png,34,data/processed/train/images/23878915_15_patch_34.png,data/processed/train/masks/23878915_15_patch_34.png,0.1674346923828125
train,23878915_15.png,35,data/processed/train/images/23878915_15_patch_35.png,data/processed/train/masks/23878915_15_patch_35.png,0.124267578125
train,23878930_15.png,0,data/processed/train/images/23878930_15_patch_00.png,data/processed/train/masks/23878930_15_patch_00.png,0.0
train,23878930_15.png,1,data/processed/train/images/23878930_15_patch_01.png,data/processed/train/masks/23878930_15_patch_01.png,0.2104339599609375
train,23878930_15.png,2,data/processed/train/images/23878930_15_patch_02.png,data/processed/train/masks/23878930_15_patch_02.png,0.2043914794921875
train,23878930_15.png,3,data/processed/train/images/23878930_15_patch_03.png,data/processed/train/masks/23878930_15_patch_03.png,0.0212249755859375
train,23878930_15.png,4,data/processed/train/images/23878930_15_patch_04.png,data/processed/train/masks/23878930_15_patch_04.png,0.0
train,23878930_15.png,5,data/processed/train/images/23878930_15_patch_05.png,data/processed/train/masks/23878930_15_patch_05.png,0.0
train,23878930_15.png,6,data/processed/train/images/23878930_15_patch_06.png,data/processed/train/masks/23878930_15_patch_06.png,0.0234222412109375
train,23878930_15.png,7,data/processed/train/images/23878930_15_patch_07.png,data/processed/train/masks/23878930_15_patch_07.png,0.0
train,23878930_15.png,8,data/processed/train/images/23878930_15_patch_08.png,data/processed/train/masks/23878930_15_patch_08.png,0.0
train,23878930_15.png,9,data/processed/train/images/23878930_15_patch_09.png,data/processed/train/masks/23878930_15_patch_09.png,0.0
train,23878930_15.png,10,data/processed/train/images/23878930_15_patch_10.png,data/processed/train/masks/23878930_15_patch_10.png,0.0319671630859375
train,23878930_15.png,11,data/processed/train/images/23878930_15_patch_11.png,data/processed/train/masks/23878930_15_patch_11.png,0.0315093994140625
train,23878930_15.png,12,data/processed/train/images/23878930_15_patch_12.png,data/processed/train/masks/23878930_15_patch_12.png,0.01043701171875
train,23878930_15.png,13,data/processed/train/images/23878930_15_patch_13.png,data/processed/train/masks/23878930_15_patch_13.png,0.0
train,23878930_15.png,14,data/processed/train/images/23878930_15_patch_14.png,data/processed/train/masks/23878930_15_patch_14.png,0.0284271240234375
train,23878930_15.png,15,data/processed/train/images/23878930_15_patch_15.png,data/processed/train/masks/23878930_15_patch_15.png,0.112884521484375
train,23878930_15.png,16,data/processed/train/images/23878930_15_patch_16.png,data/processed/train/masks/23878930_15_patch_16.png,0.0616455078125
train,23878930_15.png,17,data/processed/train/images/23878930_15_patch_17.png,data/processed/train/masks/23878930_15_patch_17.png,0.03668212890625
train,23878930_15.png,18,data/processed/train/images/23878930_15_patch_18.png,data/processed/train/masks/23878930_15_patch_18.png,0.0
train,23878930_15.png,19,data/processed/train/images/23878930_15_patch_19.png,data/processed/train/masks/23878930_15_patch_19.png,0.0
train,23878930_15.png,20,data/processed/train/images/23878930_15_patch_20.png,data/processed/train/masks/23878930_15_patch_20.png,0.2363433837890625
train,23878930_15.png,21,data/processed/train/images/23878930_15_patch_21.png,data/processed/train/masks/23878930_15_patch_21.png,0.1558990478515625
train,23878930_15.png,22,data/processed/train/images/23878930_15_patch_22.png,data/processed/train/masks/23878930_15_patch_22.png,0.1994171142578125
train,23878930_15.png,23,data/processed/train/images/23878930_15_patch_23.png,data/processed/train/masks/23878930_15_patch_23.png,0.15313720703125
train,23878930_15.png,24,data/processed/train/images/23878930_15_patch_24.png,data/processed/train/masks/23878930_15_patch_24.png,0.0318603515625
train,23878930_15.png,25,data/processed/train/images/23878930_15_patch_25.png,data/processed/train/masks/23878930_15_patch_25.png,0.0286712646484375
train,23878930_15.png,26,data/processed/train/images/23878930_15_patch_26.png,data/processed/train/masks/23878930_15_patch_26.png,0.1513824462890625
train,23878930_15.png,27,data/processed/train/images/23878930_15_patch_27.png,data/processed/train/masks/23878930_15_patch_27.png,0.188934326171875
train,23878930_15.png,28,data/processed/train/images/23878930_15_patch_28.png,data/processed/train/masks/23878930_15_patch_28.png,0.189727783203125
train,23878930_15.png,29,data/processed/train/images/23878930_15_patch_29.png,data/processed/train/masks/23878930_15_patch_29.png,0.1640625
train,23878930_15.png,30,data/processed/train/images/23878930_15_patch_30.png,data/processed/train/masks/23878930_15_patch_30.png,0.13189697265625
train,23878930_15.png,31,data/processed/train/images/23878930_15_patch_31.png,data/processed/train/masks/23878930_15_patch_31.png,0.092559814453125
train,23878930_15.png,32,data/processed/train/images/23878930_15_patch_32.png,data/processed/train/masks/23878930_15_patch_32.png,0.1326751708984375
train,23878930_15.png,33,data/processed/train/images/23878930_15_patch_33.png,data/processed/train/masks/23878930_15_patch_33.png,0.1635894775390625
train,23878930_15.png,34,data/processed/train/images/23878930_15_patch_34.png,data/processed/train/masks/23878930_15_patch_34.png,0.132965087890625
train,23878930_15.png,35,data/processed/train/images/23878930_15_patch_35.png,data/processed/train/masks/23878930_15_patch_35.png,0.133880615234375
train,23878945_15.png,0,data/processed/train/images/23878945_15_patch_00.png,data/processed/train/masks/23878945_15_patch_00.png,0.0
train,23878945_15.png,1,data/processed/train/images/23878945_15_patch_01.png,data/processed/train/masks/23878945_15_patch_01.png,0.0
train,23878945_15.png,2,data/processed/train/images/23878945_15_patch_02.png,data/processed/train/masks/23878945_15_patch_02.png,0.0
train,23878945_15.png,3,data/processed/train/images/23878945_15_patch_03.png,data/processed/train/masks/23878945_15_patch_03.png,0.0
train,23878945_15.png,4,data/processed/train/images/23878945_15_patch_04.png,data/processed/train/masks/23878945_15_patch_04.png,0.0
train,23878945_15.png,5,data/processed/train/images/23878945_15_patch_05.png,data/processed/train/masks/23878945_15_patch_05.png,0.0
train,23878945_15.png,6,data/processed/train/images/23878945_15_patch_06.png,data/processed/train/masks/23878945_15_patch_06.png,0.0
train,23878945_15.png,7,data/processed/train/images/23878945_15_patch_07.png,data/processed/train/masks/23878945_15_patch_07.png,0.0
train,23878945_15.png,8,data/processed/train/images/23878945_15_patch_08.png,data/processed/train/masks/23878945_15_patch_08.png,0.0
train,23878945_15.png,9,data/processed/train/images/23878945_15_patch_09.png,data/processed/train/masks/23878945_15_patch_09.png,0.0
train,23878945_15.png,10,data/processed/train/images/23878945_15_patch_10.png,data/processed/train/masks/23878945_15_patch_10.png,0.0
train,23878945_15.png,11,data/processed/train/images/23878945_15_patch_11.png,data/processed/train/masks/23878945_15_patch_11.png,0.0
train,23878945_15.png,12,data/processed/train/images/23878945_15_patch_12.png,data/processed/train/masks/23878945_15_patch_12.png,0.0
train,23878945_15.png,13,data/processed/train/images/23878945_15_patch_13.png,data/processed/train/masks/23878945_15_patch_13.png,0.0
train,23878945_15.png,14,data/processed/train/images/23878945_15_patch_14.png,data/processed/train/masks/23878945_15_patch_14.png,0.0093994140625
train,23878945_15.png,15,data/processed/train/images/23878945_15_patch_15.png,data/processed/train/masks/23878945_15_patch_15.png,0.0007781982421875
train,23878945_15.png,16,data/processed/train/images/23878945_15_patch_16.png,data/processed/train/masks/23878945_15_patch_16.png,0.0
train,23878945_15.png,17,data/processed/train/images/23878945_15_patch_17.png,data/processed/train/masks/23878945_15_patch_17.png,0.0
train,23878945_15.png,18,data/processed/train/images/23878945_15_patch_18.png,data/processed/train/masks/23878945_15_patch_18.png,0.0
train,23878945_15.png,19,data/processed/train/images/23878945_15_patch_19.png,data/processed/train/masks/23878945_15_patch_19.png,0.0
train,23878945_15.png,20,data/processed/train/images/23878945_15_patch_20.png,data/processed/train/masks/23878945_15_patch_20.png,0.1289215087890625
train,23878945_15.png,21,data/processed/train/images/23878945_15_patch_21.png,data/processed/train/masks/23878945_15_patch_21.png,0.155670166015625
train,23878945_15.png,22,data/processed/train/images/23878945_15_patch_22.png,data/processed/train/masks/23878945_15_patch_22.png,0.1264801025390625
train,23878945_15.png,23,data/processed/train/images/23878945_15_patch_23.png,data/processed/train/masks/23878945_15_patch_23.png,0.0
train,23878945_15.png,24,data/processed/train/images/23878945_15_patch_24.png,data/processed/train/masks/23878945_15_patch_24.png,0.0
train,23878945_15.png,25,data/processed/train/images/23878945_15_patch_25.png,data/processed/train/masks/23878945_15_patch_25.png,0.1410369873046875
train,23878945_15.png,26,data/processed/train/images/23878945_15_patch_26.png,data/processed/train/masks/23878945_15_patch_26.png,0.173187255859375
train,23878945_15.png,27,data/processed/train/images/23878945_15_patch_27.png,data/processed/train/masks/23878945_15_patch_27.png,0.22991943359375
train,23878945_15.png,28,data/processed/train/images/23878945_15_patch_28.png,data/processed/train/masks/23878945_15_patch_28.png,0.1647796630859375
train,23878945_15.png,29,data/processed/train/images/23878945_15_patch_29.png,data/processed/train/masks/23878945_15_patch_29.png,0.0
train,23878945_15.png,30,data/processed/train/images/23878945_15_patch_30.png,data/processed/train/masks/23878945_15_patch_30.png,0.0
train,23878945_15.png,31,data/processed/train/images/23878945_15_patch_31.png,data/processed/train/masks/23878945_15_patch_31.png,0.51678466796875
train,23878945_15.png,32,data/processed/train/images/23878945_15_patch_32.png,data/processed/train/masks/23878945_15_patch_32.png,0.478240966796875
train,23878945_15.png,33,data/processed/train/images/23878945_15_patch_33.png,data/processed/train/masks/23878945_15_patch_33.png,0.1037750244140625
train,23878945_15.png,34,data/processed/train/images/23878945_15_patch_34.png,data/processed/train/masks/23878945_15_patch_34.png,0.039703369140625
train,23878945_15.png,35,data/processed/train/images/23878945_15_patch_35.png,data/processed/train/masks/23878945_15_patch_35.png,0.0
train,23878975_15.png,0,data/processed/train/images/23878975_15_patch_00.png,data/processed/train/masks/23878975_15_patch_00.png,0.3158721923828125
train,23878975_15.png,1,data/processed/train/images/23878975_15_patch_01.png,data/processed/train/masks/23878975_15_patch_01.png,0.3453826904296875
train,23878975_15.png,2,data/processed/train/images/23878975_15_patch_02.png,data/processed/train/masks/23878975_15_patch_02.png,0.36077880859375
train,23878975_15.png,3,data/processed/train/images/23878975_15_patch_03.png,data/processed/train/masks/23878975_15_patch_03.png,0.2598114013671875
train,23878975_15.png,4,data/processed/train/images/23878975_15_patch_04.png,data/processed/train/masks/23878975_15_patch_04.png,0.050537109375
train,23878975_15.png,5,data/processed/train/images/23878975_15_patch_05.png,data/processed/train/masks/23878975_15_patch_05.png,0.0
train,23878975_15.png,6,data/processed/train/images/23878975_15_patch_06.png,data/processed/train/masks/23878975_15_patch_06.png,0.2457427978515625
train,23878975_15.png,7,data/processed/train/images/23878975_15_patch_07.png,data/processed/train/masks/23878975_15_patch_07.png,0.282470703125
train,23878975_15.png,8,data/processed/train/images/23878975_15_patch_08.png,data/processed/train/masks/23878975_15_patch_08.png,0.085052490234375
train,23878975_15.png,9,data/processed/train/images/23878975_15_patch_09.png,data/processed/train/masks/23878975_15_patch_09.png,0.0111083984375
train,23878975_15.png,10,data/processed/train/images/23878975_15_patch_10.png,data/processed/train/masks/23878975_15_patch_10.png,0.0
train,23878975_15.png,11,data/processed/train/images/23878975_15_patch_11.png,data/processed/train/masks/23878975_15_patch_11.png,0.0
train,23878975_15.png,12,data/processed/train/images/23878975_15_patch_12.png,data/processed/train/masks/23878975_15_patch_12.png,0.0
train,23878975_15.png,13,data/processed/train/images/23878975_15_patch_13.png,data/processed/train/masks/23878975_15_patch_13.png,0.0
train,23878975_15.png,14,data/processed/train/images/23878975_15_patch_14.png,data/processed/train/masks/23878975_15_patch_14.png,0.0
train,23878975_15.png,15,data/processed/train/images/23878975_15_patch_15.png,data/processed/train/masks/23878975_15_patch_15.png,0.0
train,23878975_15.png,16,data/processed/train/images/23878975_15_patch_16.png,data/processed/train/masks/23878975_15_patch_16.png,0.0
train,23878975_15.png,17,data/processed/train/images/23878975_15_patch_17.png,data/processed/train/masks/23878975_15_patch_17.png,0.0
train,23878975_15.png,18,data/processed/train/images/23878975_15_patch_18.png,data/processed/train/masks/23878975_15_patch_18.png,0.0
train,23878975_15.png,19,data/processed/train/images/23878975_15_patch_19.png,data/processed/train/masks/23878975_15_patch_19.png,0.0
train,23878975_15.png,20,data/processed/train/images/23878975_15_patch_20.png,data/processed/train/masks/23878975_15_patch_20.png,0.0
train,23878975_15.png,21,data/processed/train/images/23878975_15_patch_21.png,data/processed/train/masks/23878975_15_patch_21.png,0.0
train,23878975_15.png,22,data/processed/train/images/23878975_15_patch_22.png,data/processed/train/masks/23878975_15_patch_22.png,0.0
train,23878975_15.png,23,data/processed/train/images/23878975_15_patch_23.png,data/processed/train/masks/23878975_15_patch_23.png,0.0
train,23878975_15.png,24,data/processed/train/images/23878975_15_patch_24.png,data/processed/train/masks/23878975_15_patch_24.png,0.0
train,23878975_15.png,25,data/processed/train/images/23878975_15_patch_25.png,data/processed/train/masks/23878975_15_patch_25.png,0.0
train,23878975_15.png,26,data/processed/train/images/23878975_15_patch_26.png,data/processed/train/masks/23878975_15_patch_26.png,0.0
train,23878975_15.png,27,data/processed/train/images/23878975_15_patch_27.png,data/processed/train/masks/23878975_15_patch_27.png,0.0
train,23878975_15.png,28,data/processed/train/images/23878975_15_patch_28.png,data/processed/train/masks/23878975_15_patch_28.png,0.0
train,23878975_15.png,29,data/processed/train/images/23878975_15_patch_29.png,data/processed/train/masks/23878975_15_patch_29.png,0.0
train,23878975_15.png,30,data/processed/train/images/23878975_15_patch_30.png,data/processed/train/masks/23878975_15_patch_30.png,0.0
train,23878975_15.png,31,data/processed/train/images/23878975_15_patch_31.png,data/processed/train/masks/23878975_15_patch_31.png,0.0
train,23878975_15.png,32,data/processed/train/images/23878975_15_patch_32.png,data/processed/train/masks/23878975_15_patch_32.png,0.0
train,23878975_15.png,33,data/processed/train/images/23878975_15_patch_33.png,data/processed/train/masks/23878975_15_patch_33.png,0.0
train,23878975_15.png,34,data/processed/train/images/23878975_15_patch_34.png,data/processed/train/masks/23878975_15_patch_34.png,0.0
train,23878975_15.png,35,data/processed/train/images/23878975_15_patch_35.png,data/processed/train/masks/23878975_15_patch_35.png,0.0
train,23878990_15.png,0,data/processed/train/images/23878990_15_patch_00.png,data/processed/train/masks/23878990_15_patch_00.png,0.2000885009765625
train,23878990_15.png,1,data/processed/train/images/23878990_15_patch_01.png,data/processed/train/masks/23878990_15_patch_01.png,0.302734375
train,23878990_15.png,2,data/processed/train/images/23878990_15_patch_02.png,data/processed/train/masks/23878990_15_patch_02.png,0.173248291015625
train,23878990_15.png,3,data/processed/train/images/23878990_15_patch_03.png,data/processed/train/masks/23878990_15_patch_03.png,0.1145782470703125
train,23878990_15.png,4,data/processed/train/images/23878990_15_patch_04.png,data/processed/train/masks/23878990_15_patch_04.png,0.182708740234375
train,23878990_15.png,5,data/processed/train/images/23878990_15_patch_05.png,data/processed/train/masks/23878990_15_patch_05.png,0.0
train,23878990_15.png,6,data/processed/train/images/23878990_15_patch_06.png,data/processed/train/masks/23878990_15_patch_06.png,0.0561065673828125
train,23878990_15.png,7,data/processed/train/images/23878990_15_patch_07.png,data/processed/train/masks/23878990_15_patch_07.png,0.135009765625
train,23878990_15.png,8,data/processed/train/images/23878990_15_patch_08.png,data/processed/train/masks/23878990_15_patch_08.png,0.2290496826171875
train,23878990_15.png,9,data/processed/train/images/23878990_15_patch_09.png,data/processed/train/masks/23878990_15_patch_09.png,0.1614990234375
train,23878990_15.png,10,data/processed/train/images/23878990_15_patch_10.png,data/processed/train/masks/23878990_15_patch_10.png,0.0152435302734375
train,23878990_15.png,11,data/processed/train/images/23878990_15_patch_11.png,data/processed/train/masks/23878990_15_patch_11.png,0.0
train,23878990_15.png,12,data/processed/train/images/23878990_15_patch_12.png,data/processed/train/masks/23878990_15_patch_12.png,0.08013916015625
train,23878990_15.png,13,data/processed/train/images/23878990_15_patch_13.png,data/processed/train/masks/23878990_15_patch_13.png,0.0220184326171875
train,23878990_15.png,14,data/processed/train/images/23878990_15_patch_14.png,data/processed/train/masks/23878990_15_patch_14.png,0.0044708251953125
train,23878990_15.png,15,data/processed/train/images/23878990_15_patch_15.png,data/processed/train/masks/23878990_15_patch_15.png,0.092041015625
train,23878990_15.png,16,data/processed/train/images/23878990_15_patch_16.png,data/processed/train/masks/23878990_15_patch_16.png,0.0341339111328125
train,23878990_15.png,17,data/processed/train/images/23878990_15_patch_17.png,data/processed/train/masks/23878990_15_patch_17.png,0.0020294189453125
train,23878990_15.png,18,data/processed/train/images/23878990_15_patch_18.png,data/processed/train/masks/23878990_15_patch_18.png,0.215972900390625
train,23878990_15.png,19,data/processed/train/images/23878990_15_patch_19.png,data/processed/train/masks/23878990_15_patch_19.png,0.440032958984375
train,23878990_15.png,20,data/processed/train/images/23878990_15_patch_20.png,data/processed/train/masks/23878990_15_patch_20.png,0.1143035888671875
train,23878990_15.png,21,data/processed/train/images/23878990_15_patch_21.png,data/processed/train/masks/23878990_15_patch_21.png,0.2502593994140625
train,23878990_15.png,22,data/processed/train/images/23878990_15_patch_22.png,data/processed/train/masks/23878990_15_patch_22.png,0.14739990234375
train,23878990_15.png,23,data/processed/train/images/23878990_15_patch_23.png,data/processed/train/masks/23878990_15_patch_23.png,0.00091552734375
train,23878990_15.png,24,data/processed/train/images/23878990_15_patch_24.png,data/processed/train/masks/23878990_15_patch_24.png,0.3230438232421875
train,23878990_15.png,25,data/processed/train/images/23878990_15_patch_25.png,data/processed/train/masks/23878990_15_patch_25.png,0.2306671142578125
train,23878990_15.png,26,data/processed/train/images/23878990_15_patch_26.png,data/processed/train/masks/23878990_15_patch_26.png,0.135223388671875
train,23878990_15.png,27,data/processed/train/images/23878990_15_patch_27.png,data/processed/train/masks/23878990_15_patch_27.png,0.2744293212890625
train,23878990_15.png,28,data/processed/train/images/23878990_15_patch_28.png,data/processed/train/masks/23878990_15_patch_28.png,0.19256591796875
train,23878990_15.png,29,data/processed/train/images/23878990_15_patch_29.png,data/processed/train/masks/23878990_15_patch_29.png,0.0
train,23878990_15.png,30,data/processed/train/images/23878990_15_patch_30.png,data/processed/train/masks/23878990_15_patch_30.png,0.285430908203125
train,23878990_15.png,31,data/processed/train/images/23878990_15_patch_31.png,data/processed/train/masks/23878990_15_patch_31.png,0.225555419921875
train,23878990_15.png,32,data/processed/train/images/23878990_15_patch_32.png,data/processed/train/masks/23878990_15_patch_32.png,0.228729248046875
train,23878990_15.png,33,data/processed/train/images/23878990_15_patch_33.png,data/processed/train/masks/23878990_15_patch_33.png,0.2684173583984375
train,23878990_15.png,34,data/processed/train/images/23878990_15_patch_34.png,data/processed/train/masks/23878990_15_patch_34.png,0.106109619140625
train,23878990_15.png,35,data/processed/train/images/23878990_15_patch_35.png,data/processed/train/masks/23878990_15_patch_35.png,0.0
train,23879020_15.png,0,data/processed/train/images/23879020_15_patch_00.png,data/processed/train/masks/23879020_15_patch_00.png,0.20654296875
train,23879020_15.png,1,data/processed/train/images/23879020_15_patch_01.png,data/processed/train/masks/23879020_15_patch_01.png,0.166107177734375
train,23879020_15.png,2,data/processed/train/images/23879020_15_patch_02.png,data/processed/train/masks/23879020_15_patch_02.png,0.0597076416015625
train,23879020_15.png,3,data/processed/train/images/23879020_15_patch_03.png,data/processed/train/masks/23879020_15_patch_03.png,0.13818359375
train,23879020_15.png,4,data/processed/train/images/23879020_15_patch_04.png,data/processed/train/masks/23879020_15_patch_04.png,0.1059722900390625
train,23879020_15.png,5,data/processed/train/images/23879020_15_patch_05.png,data/processed/train/masks/23879020_15_patch_05.png,0.0809173583984375
train,23879020_15.png,6,data/processed/train/images/23879020_15_patch_06.png,data/processed/train/masks/23879020_15_patch_06.png,0.2521820068359375
train,23879020_15.png,7,data/processed/train/images/23879020_15_patch_07.png,data/processed/train/masks/23879020_15_patch_07.png,0.2404632568359375
train,23879020_15.png,8,data/processed/train/images/23879020_15_patch_08.png,data/processed/train/masks/23879020_15_patch_08.png,0.166259765625
train,23879020_15.png,9,data/processed/train/images/23879020_15_patch_09.png,data/processed/train/masks/23879020_15_patch_09.png,0.0509033203125
train,23879020_15.png,10,data/processed/train/images/23879020_15_patch_10.png,data/processed/train/masks/23879020_15_patch_10.png,0.136993408203125
train,23879020_15.png,11,data/processed/train/images/23879020_15_patch_11.png,data/processed/train/masks/23879020_15_patch_11.png,0.040313720703125
train,23879020_15.png,12,data/processed/train/images/23879020_15_patch_12.png,data/processed/train/masks/23879020_15_patch_12.png,0.30615234375
train,23879020_15.png,13,data/processed/train/images/23879020_15_patch_13.png,data/processed/train/masks/23879020_15_patch_13.png,0.26434326171875
train,23879020_15.png,14,data/processed/train/images/23879020_15_patch_14.png,data/processed/train/masks/23879020_15_patch_14.png,0.0787200927734375
train,23879020_15.png,15,data/processed/train/images/23879020_15_patch_15.png,data/processed/train/masks/23879020_15_patch_15.png,0.0028228759765625
train,23879020_15.png,16,data/processed/train/images/23879020_15_patch_16.png,data/processed/train/masks/23879020_15_patch_16.png,0.03302001953125
train,23879020_15.png,17,data/processed/train/images/23879020_15_patch_17.png,data/processed/train/masks/23879020_15_patch_17.png,0.100341796875
train,23879020_15.png,18,data/processed/train/images/23879020_15_patch_18.png,data/processed/train/masks/23879020_15_patch_18.png,0.2397613525390625
train,23879020_15.png,19,data/processed/train/images/23879020_15_patch_19.png,data/processed/train/masks/23879020_15_patch_19.png,0.284759521484375
train,23879020_15.png,20,data/processed/train/images/23879020_15_patch_20.png,data/processed/train/masks/23879020_15_patch_20.png,0.1469268798828125
train,23879020_15.png,21,data/processed/train/images/23879020_15_patch_21.png,data/processed/train/masks/23879020_15_patch_21.png,0.0943145751953125
train,23879020_15.png,22,data/processed/train/images/23879020_15_patch_22.png,data/processed/train/masks/23879020_15_patch_22.png,0.0222625732421875
train,23879020_15.png,23,data/processed/train/images/23879020_15_patch_23.png,data/processed/train/masks/23879020_15_patch_23.png,0.2666473388671875
train,23879020_15.png,24,data/processed/train/images/23879020_15_patch_24.png,data/processed/train/masks/23879020_15_patch_24.png,0.0046539306640625
train,23879020_15.png,25,data/processed/train/images/23879020_15_patch_25.png,data/processed/train/masks/23879020_15_patch_25.png,0.1750640869140625
train,23879020_15.png,26,data/processed/train/images/23879020_15_patch_26.png,data/processed/train/masks/23879020_15_patch_26.png,0.2302398681640625
train,23879020_15.png,27,data/processed/train/images/23879020_15_patch_27.png,data/processed/train/masks/23879020_15_patch_27.png,0.0411834716796875
train,23879020_15.png,28,data/processed/train/images/23879020_15_patch_28.png,data/processed/train/masks/23879020_15_patch_28.png,0.11773681640625
train,23879020_15.png,29,data/processed/train/images/23879020_15_patch_29.png,data/processed/train/masks/23879020_15_patch_29.png,0.0
train,23879020_15.png,30,data/processed/train/images/23879020_15_patch_30.png,data/processed/train/masks/23879020_15_patch_30.png,0.0
train,23879020_15.png,31,data/processed/train/images/23879020_15_patch_31.png,data/processed/train/masks/23879020_15_patch_31.png,0.00213623046875
train,23879020_15.png,32,data/processed/train/images/23879020_15_patch_32.png,data/processed/train/masks/23879020_15_patch_32.png,0.0004730224609375
train,23879020_15.png,33,data/processed/train/images/23879020_15_patch_33.png,data/processed/train/masks/23879020_15_patch_33.png,0.0
train,23879020_15.png,34,data/processed/train/images/23879020_15_patch_34.png,data/processed/train/masks/23879020_15_patch_34.png,0.09539794921875
train,23879020_15.png,35,data/processed/train/images/23879020_15_patch_35.png,data/processed/train/masks/23879020_15_patch_35.png,0.0
train,23879035_15.png,0,data/processed/train/images/23879035_15_patch_00.png,data/processed/train/masks/23879035_15_patch_00.png,0.0232391357421875
train,23879035_15.png,1,data/processed/train/images/23879035_15_patch_01.png,data/processed/train/masks/23879035_15_patch_01.png,0.227142333984375
train,23879035_15.png,2,data/processed/train/images/23879035_15_patch_02.png,data/processed/train/masks/23879035_15_patch_02.png,0.2805328369140625
train,23879035_15.png,3,data/processed/train/images/23879035_15_patch_03.png,data/processed/train/masks/23879035_15_patch_03.png,0.248046875
train,23879035_15.png,4,data/processed/train/images/23879035_15_patch_04.png,data/processed/train/masks/23879035_15_patch_04.png,0.0654754638671875
train,23879035_15.png,5,data/processed/train/images/23879035_15_patch_05.png,data/processed/train/masks/23879035_15_patch_05.png,0.0450592041015625
train,23879035_15.png,6,data/processed/train/images/23879035_15_patch_06.png,data/processed/train/masks/23879035_15_patch_06.png,0.04412841796875
train,23879035_15.png,7,data/processed/train/images/23879035_15_patch_07.png,data/processed/train/masks/23879035_15_patch_07.png,0.0
train,23879035_15.png,8,data/processed/train/images/23879035_15_patch_08.png,data/processed/train/masks/23879035_15_patch_08.png,0.0
train,23879035_15.png,9,data/processed/train/images/23879035_15_patch_09.png,data/processed/train/masks/23879035_15_patch_09.png,0.022674560546875
train,23879035_15.png,10,data/processed/train/images/23879035_15_patch_10.png,data/processed/train/masks/23879035_15_patch_10.png,0.1145172119140625
train,23879035_15.png,11,data/processed/train/images/23879035_15_patch_11.png,data/processed/train/masks/23879035_15_patch_11.png,0.1329193115234375
train,23879035_15.png,12,data/processed/train/images/23879035_15_patch_12.png,data/processed/train/masks/23879035_15_patch_12.png,0.3050079345703125
train,23879035_15.png,13,data/processed/train/images/23879035_15_patch_13.png,data/processed/train/masks/23879035_15_patch_13.png,0.2142181396484375
train,23879035_15.png,14,data/processed/train/images/23879035_15_patch_14.png,data/processed/train/masks/23879035_15_patch_14.png,0.1366119384765625
train,23879035_15.png,15,data/processed/train/images/23879035_15_patch_15.png,data/processed/train/masks/23879035_15_patch_15.png,0.062408447265625
train,23879035_15.png,16,data/processed/train/images/23879035_15_patch_16.png,data/processed/train/masks/23879035_15_patch_16.png,0.15509033203125
train,23879035_15.png,17,data/processed/train/images/23879035_15_patch_17.png,data/processed/train/masks/23879035_15_patch_17.png,0.1043548583984375
train,23879035_15.png,18,data/processed/train/images/23879035_15_patch_18.png,data/processed/train/masks/23879035_15_patch_18.png,0.3078460693359375
train,23879035_15.png,19,data/processed/train/images/23879035_15_patch_19.png,data/processed/train/masks/23879035_15_patch_19.png,0.304656982421875
train,23879035_15.png,20,data/processed/train/images/23879035_15_patch_20.png,data/processed/train/masks/23879035_15_patch_20.png,0.3050689697265625
train,23879035_15.png,21,data/processed/train/images/23879035_15_patch_21.png,data/processed/train/masks/23879035_15_patch_21.png,0.3028411865234375
train,23879035_15.png,22,data/processed/train/images/23879035_15_patch_22.png,data/processed/train/masks/23879035_15_patch_22.png,0.0666351318359375
train,23879035_15.png,23,data/processed/train/images/23879035_15_patch_23.png,data/processed/train/masks/23879035_15_patch_23.png,0.123748779296875
train,23879035_15.png,24,data/processed/train/images/23879035_15_patch_24.png,data/processed/train/masks/23879035_15_patch_24.png,0.315521240234375
train,23879035_15.png,25,data/processed/train/images/23879035_15_patch_25.png,data/processed/train/masks/23879035_15_patch_25.png,0.31390380859375
train,23879035_15.png,26,data/processed/train/images/23879035_15_patch_26.png,data/processed/train/masks/23879035_15_patch_26.png,0.2840118408203125
train,23879035_15.png,27,data/processed/train/images/23879035_15_patch_27.png,data/processed/train/masks/23879035_15_patch_27.png,0.1025390625
train,23879035_15.png,28,data/processed/train/images/23879035_15_patch_28.png,data/processed/train/masks/23879035_15_patch_28.png,0.165435791015625
train,23879035_15.png,29,data/processed/train/images/23879035_15_patch_29.png,data/processed/train/masks/23879035_15_patch_29.png,0.0142669677734375
train,23879035_15.png,30,data/processed/train/images/23879035_15_patch_30.png,data/processed/train/masks/23879035_15_patch_30.png,0.302459716796875
train,23879035_15.png,31,data/processed/train/images/23879035_15_patch_31.png,data/processed/train/masks/23879035_15_patch_31.png,0.271209716796875
train,23879035_15.png,32,data/processed/train/images/23879035_15_patch_32.png,data/processed/train/masks/23879035_15_patch_32.png,0.108001708984375
train,23879035_15.png,33,data/processed/train/images/23879035_15_patch_33.png,data/processed/train/masks/23879035_15_patch_33.png,0.0657806396484375
train,23879035_15.png,34,data/processed/train/images/23879035_15_patch_34.png,data/processed/train/masks/23879035_15_patch_34.png,0.1163177490234375
train,23879035_15.png,35,data/processed/train/images/23879035_15_patch_35.png,data/processed/train/masks/23879035_15_patch_35.png,0.0
train,23879050_15.png,0,data/processed/train/images/23879050_15_patch_00.png,data/processed/train/masks/23879050_15_patch_00.png,0.1528167724609375
train,23879050_15.png,1,data/processed/train/images/23879050_15_patch_01.png,data/processed/train/masks/23879050_15_patch_01.png,0.237030029296875
train,23879050_15.png,2,data/processed/train/images/23879050_15_patch_02.png,data/processed/train/masks/23879050_15_patch_02.png,0.17449951171875
train,23879050_15.png,3,data/processed/train/images/23879050_15_patch_03.png,data/processed/train/masks/23879050_15_patch_03.png,0.1781463623046875
train,23879050_15.png,4,data/processed/train/images/23879050_15_patch_04.png,data/processed/train/masks/23879050_15_patch_04.png,0.148284912109375
train,23879050_15.png,5,data/processed/train/images/23879050_15_patch_05.png,data/processed/train/masks/23879050_15_patch_05.png,0.211669921875
train,23879050_15.png,6,data/processed/train/images/23879050_15_patch_06.png,data/processed/train/masks/23879050_15_patch_06.png,0.1465606689453125
train,23879050_15.png,7,data/processed/train/images/23879050_15_patch_07.png,data/processed/train/masks/23879050_15_patch_07.png,0.28271484375
train,23879050_15.png,8,data/processed/train/images/23879050_15_patch_08.png,data/processed/train/masks/23879050_15_patch_08.png,0.3035125732421875
train,23879050_15.png,9,data/processed/train/images/23879050_15_patch_09.png,data/processed/train/masks/23879050_15_patch_09.png,0.2356719970703125
train,23879050_15.png,10,data/processed/train/images/23879050_15_patch_10.png,data/processed/train/masks/23879050_15_patch_10.png,0.2454681396484375
train,23879050_15.png,11,data/processed/train/images/23879050_15_patch_11.png,data/processed/train/masks/23879050_15_patch_11.png,0.238311767578125
train,23879050_15.png,12,data/processed/train/images/23879050_15_patch_12.png,data/processed/train/masks/23879050_15_patch_12.png,0.1691741943359375
train,23879050_15.png,13,data/processed/train/images/23879050_15_patch_13.png,data/processed/train/masks/23879050_15_patch_13.png,0.2520904541015625
train,23879050_15.png,14,data/processed/train/images/23879050_15_patch_14.png,data/processed/train/masks/23879050_15_patch_14.png,0.24835205078125
train,23879050_15.png,15,data/processed/train/images/23879050_15_patch_15.png,data/processed/train/masks/23879050_15_patch_15.png,0.2408294677734375
train,23879050_15.png,16,data/processed/train/images/23879050_15_patch_16.png,data/processed/train/masks/23879050_15_patch_16.png,0.16815185546875
train,23879050_15.png,17,data/processed/train/images/23879050_15_patch_17.png,data/processed/train/masks/23879050_15_patch_17.png,0.1656036376953125
train,23879050_15.png,18,data/processed/train/images/23879050_15_patch_18.png,data/processed/train/masks/23879050_15_patch_18.png,0.22857666015625
train,23879050_15.png,19,data/processed/train/images/23879050_15_patch_19.png,data/processed/train/masks/23879050_15_patch_19.png,0.313934326171875
train,23879050_15.png,20,data/processed/train/images/23879050_15_patch_20.png,data/processed/train/masks/23879050_15_patch_20.png,0.295166015625
train,23879050_15.png,21,data/processed/train/images/23879050_15_patch_21.png,data/processed/train/masks/23879050_15_patch_21.png,0.2728118896484375
train,23879050_15.png,22,data/processed/train/images/23879050_15_patch_22.png,data/processed/train/masks/23879050_15_patch_22.png,0.16864013671875
train,23879050_15.png,23,data/processed/train/images/23879050_15_patch_23.png,data/processed/train/masks/23879050_15_patch_23.png,0.1116943359375
train,23879050_15.png,24,data/processed/train/images/23879050_15_patch_24.png,data/processed/train/masks/23879050_15_patch_24.png,0.4182891845703125
train,23879050_15.png,25,data/processed/train/images/23879050_15_patch_25.png,data/processed/train/masks/23879050_15_patch_25.png,0.3407440185546875
train,23879050_15.png,26,data/processed/train/images/23879050_15_patch_26.png,data/processed/train/masks/23879050_15_patch_26.png,0.3099822998046875
train,23879050_15.png,27,data/processed/train/images/23879050_15_patch_27.png,data/processed/train/masks/23879050_15_patch_27.png,0.28021240234375
train,23879050_15.png,28,data/processed/train/images/23879050_15_patch_28.png,data/processed/train/masks/23879050_15_patch_28.png,0.2610626220703125
train,23879050_15.png,29,data/processed/train/images/23879050_15_patch_29.png,data/processed/train/masks/23879050_15_patch_29.png,0.080718994140625
train,23879050_15.png,30,data/processed/train/images/23879050_15_patch_30.png,data/processed/train/masks/23879050_15_patch_30.png,0.2351837158203125
train,23879050_15.png,31,data/processed/train/images/23879050_15_patch_31.png,data/processed/train/masks/23879050_15_patch_31.png,0.2826385498046875
train,23879050_15.png,32,data/processed/train/images/23879050_15_patch_32.png,data/processed/train/masks/23879050_15_patch_32.png,0.2501068115234375
train,23879050_15.png,33,data/processed/train/images/23879050_15_patch_33.png,data/processed/train/masks/23879050_15_patch_33.png,0.1874237060546875
train,23879050_15.png,34,data/processed/train/images/23879050_15_patch_34.png,data/processed/train/masks/23879050_15_patch_34.png,0.240264892578125
train,23879050_15.png,35,data/processed/train/images/23879050_15_patch_35.png,data/processed/train/masks/23879050_15_patch_35.png,0.0
train,23879065_15.png,0,data/processed/train/images/23879065_15_patch_00.png,data/processed/train/masks/23879065_15_patch_00.png,0.2147064208984375
train,23879065_15.png,1,data/processed/train/images/23879065_15_patch_01.png,data/processed/train/masks/23879065_15_patch_01.png,0.2065887451171875
train,23879065_15.png,2,data/processed/train/images/23879065_15_patch_02.png,data/processed/train/masks/23879065_15_patch_02.png,0.1412200927734375
train,23879065_15.png,3,data/processed/train/images/23879065_15_patch_03.png,data/processed/train/masks/23879065_15_patch_03.png,0.1863861083984375
train,23879065_15.png,4,data/processed/train/images/23879065_15_patch_04.png,data/processed/train/masks/23879065_15_patch_04.png,0.2188873291015625
train,23879065_15.png,5,data/processed/train/images/23879065_15_patch_05.png,data/processed/train/masks/23879065_15_patch_05.png,0.1818389892578125
train,23879065_15.png,6,data/processed/train/images/23879065_15_patch_06.png,data/processed/train/masks/23879065_15_patch_06.png,0.1995391845703125
train,23879065_15.png,7,data/processed/train/images/23879065_15_patch_07.png,data/processed/train/masks/23879065_15_patch_07.png,0.187103271484375
train,23879065_15.png,8,data/processed/train/images/23879065_15_patch_08.png,data/processed/train/masks/23879065_15_patch_08.png,0.12701416015625
train,23879065_15.png,9,data/processed/train/images/23879065_15_patch_09.png,data/processed/train/masks/23879065_15_patch_09.png,0.1586456298828125
train,23879065_15.png,10,data/processed/train/images/23879065_15_patch_10.png,data/processed/train/masks/23879065_15_patch_10.png,0.18902587890625
train,23879065_15.png,11,data/processed/train/images/23879065_15_patch_11.png,data/processed/train/masks/23879065_15_patch_11.png,0.1708221435546875
train,23879065_15.png,12,data/processed/train/images/23879065_15_patch_12.png,data/processed/train/masks/23879065_15_patch_12.png,0.1974334716796875
train,23879065_15.png,13,data/processed/train/images/23879065_15_patch_13.png,data/processed/train/masks/23879065_15_patch_13.png,0.1573638916015625
train,23879065_15.png,14,data/processed/train/images/23879065_15_patch_14.png,data/processed/train/masks/23879065_15_patch_14.png,0.1282958984375
train,23879065_15.png,15,data/processed/train/images/23879065_15_patch_15.png,data/processed/train/masks/23879065_15_patch_15.png,0.071441650390625
train,23879065_15.png,16,data/processed/train/images/23879065_15_patch_16.png,data/processed/train/masks/23879065_15_patch_16.png,0.125244140625
train,23879065_15.png,17,data/processed/train/images/23879065_15_patch_17.png,data/processed/train/masks/23879065_15_patch_17.png,0.127105712890625
train,23879065_15.png,18,data/processed/train/images/23879065_15_patch_18.png,data/processed/train/masks/23879065_15_patch_18.png,0.1879425048828125
train,23879065_15.png,19,data/processed/train/images/23879065_15_patch_19.png,data/processed/train/masks/23879065_15_patch_19.png,0.21942138671875
train,23879065_15.png,20,data/processed/train/images/23879065_15_patch_20.png,data/processed/train/masks/23879065_15_patch_20.png,0.180877685546875
train,23879065_15.png,21,data/processed/train/images/23879065_15_patch_21.png,data/processed/train/masks/23879065_15_patch_21.png,0.1008758544921875
train,23879065_15.png,22,data/processed/train/images/23879065_15_patch_22.png,data/processed/train/masks/23879065_15_patch_22.png,0.1041107177734375
train,23879065_15.png,23,data/processed/train/images/23879065_15_patch_23.png,data/processed/train/masks/23879065_15_patch_23.png,0.10003662109375
train,23879065_15.png,24,data/processed/train/images/23879065_15_patch_24.png,data/processed/train/masks/23879065_15_patch_24.png,0.1683502197265625
train,23879065_15.png,25,data/processed/train/images/23879065_15_patch_25.png,data/processed/train/masks/23879065_15_patch_25.png,0.182159423828125
train,23879065_15.png,26,data/processed/train/images/23879065_15_patch_26.png,data/processed/train/masks/23879065_15_patch_26.png,0.1463775634765625
train,23879065_15.png,27,data/processed/train/images/23879065_15_patch_27.png,data/processed/train/masks/23879065_15_patch_27.png,0.0919647216796875
train,23879065_15.png,28,data/processed/train/images/23879065_15_patch_28.png,data/processed/train/masks/23879065_15_patch_28.png,0.21588134765625
train,23879065_15.png,29,data/processed/train/images/23879065_15_patch_29.png,data/processed/train/masks/23879065_15_patch_29.png,0.023773193359375
train,23879065_15.png,30,data/processed/train/images/23879065_15_patch_30.png,data/processed/train/masks/23879065_15_patch_30.png,0.1331787109375
train,23879065_15.png,31,data/processed/train/images/23879065_15_patch_31.png,data/processed/train/masks/23879065_15_patch_31.png,0.1156463623046875
train,23879065_15.png,32,data/processed/train/images/23879065_15_patch_32.png,data/processed/train/masks/23879065_15_patch_32.png,0.101104736328125
train,23879065_15.png,33,data/processed/train/images/23879065_15_patch_33.png,data/processed/train/masks/23879065_15_patch_33.png,0.1447296142578125
train,23879065_15.png,34,data/processed/train/images/23879065_15_patch_34.png,data/processed/train/masks/23879065_15_patch_34.png,0.09051513671875
train,23879065_15.png,35,data/processed/train/images/23879065_15_patch_35.png,data/processed/train/masks/23879065_15_patch_35.png,0.0858001708984375
train,23879095_15.png,0,data/processed/train/images/23879095_15_patch_00.png,data/processed/train/masks/23879095_15_patch_00.png,0.1193695068359375
train,23879095_15.png,1,data/processed/train/images/23879095_15_patch_01.png,data/processed/train/masks/23879095_15_patch_01.png,0.1404876708984375
train,23879095_15.png,2,data/processed/train/images/23879095_15_patch_02.png,data/processed/train/masks/23879095_15_patch_02.png,0.1044921875
train,23879095_15.png,3,data/processed/train/images/23879095_15_patch_03.png,data/processed/train/masks/23879095_15_patch_03.png,0.0084228515625
train,23879095_15.png,4,data/processed/train/images/23879095_15_patch_04.png,data/processed/train/masks/23879095_15_patch_04.png,0.0016021728515625
train,23879095_15.png,5,data/processed/train/images/23879095_15_patch_05.png,data/processed/train/masks/23879095_15_patch_05.png,0.00262451171875
train,23879095_15.png,6,data/processed/train/images/23879095_15_patch_06.png,data/processed/train/masks/23879095_15_patch_06.png,0.122528076171875
train,23879095_15.png,7,data/processed/train/images/23879095_15_patch_07.png,data/processed/train/masks/23879095_15_patch_07.png,0.2010040283203125
train,23879095_15.png,8,data/processed/train/images/23879095_15_patch_08.png,data/processed/train/masks/23879095_15_patch_08.png,0.1277008056640625
train,23879095_15.png,9,data/processed/train/images/23879095_15_patch_09.png,data/processed/train/masks/23879095_15_patch_09.png,0.0568389892578125
train,23879095_15.png,10,data/processed/train/images/23879095_15_patch_10.png,data/processed/train/masks/23879095_15_patch_10.png,0.0300140380859375
train,23879095_15.png,11,data/processed/train/images/23879095_15_patch_11.png,data/processed/train/masks/23879095_15_patch_11.png,0.0001678466796875
train,23879095_15.png,12,data/processed/train/images/23879095_15_patch_12.png,data/processed/train/masks/23879095_15_patch_12.png,0.089111328125
train,23879095_15.png,13,data/processed/train/images/23879095_15_patch_13.png,data/processed/train/masks/23879095_15_patch_13.png,0.0818939208984375
train,23879095_15.png,14,data/processed/train/images/23879095_15_patch_14.png,data/processed/train/masks/23879095_15_patch_14.png,0.1459808349609375
train,23879095_15.png,15,data/processed/train/images/23879095_15_patch_15.png,data/processed/train/masks/23879095_15_patch_15.png,0.1227264404296875
train,23879095_15.png,16,data/processed/train/images/23879095_15_patch_16.png,data/processed/train/masks/23879095_15_patch_16.png,0.1382598876953125
train,23879095_15.png,17,data/processed/train/images/23879095_15_patch_17.png,data/processed/train/masks/23879095_15_patch_17.png,0.0400390625
train,23879095_15.png,18,data/processed/train/images/23879095_15_patch_18.png,data/processed/train/masks/23879095_15_patch_18.png,0.1367340087890625
train,23879095_15.png,19,data/processed/train/images/23879095_15_patch_19.png,data/processed/train/masks/23879095_15_patch_19.png,0.1593780517578125
train,23879095_15.png,20,data/processed/train/images/23879095_15_patch_20.png,data/processed/train/masks/23879095_15_patch_20.png,0.1680145263671875
train,23879095_15.png,21,data/processed/train/images/23879095_15_patch_21.png,data/processed/train/masks/23879095_15_patch_21.png,0.1461639404296875
train,23879095_15.png,22,data/processed/train/images/23879095_15_patch_22.png,data/processed/train/masks/23879095_15_patch_22.png,0.2093505859375
train,23879095_15.png,23,data/processed/train/images/23879095_15_patch_23.png,data/processed/train/masks/23879095_15_patch_23.png,0.04180908203125
train,23879095_15.png,24,data/processed/train/images/23879095_15_patch_24.png,data/processed/train/masks/23879095_15_patch_24.png,0.150390625
train,23879095_15.png,25,data/processed/train/images/23879095_15_patch_25.png,data/processed/train/masks/23879095_15_patch_25.png,0.1460418701171875
train,23879095_15.png,26,data/processed/train/images/23879095_15_patch_26.png,data/processed/train/masks/23879095_15_patch_26.png,0.193572998046875
train,23879095_15.png,27,data/processed/train/images/23879095_15_patch_27.png,data/processed/train/masks/23879095_15_patch_27.png,0.167266845703125
train,23879095_15.png,28,data/processed/train/images/23879095_15_patch_28.png,data/processed/train/masks/23879095_15_patch_28.png,0.1879730224609375
train,23879095_15.png,29,data/processed/train/images/23879095_15_patch_29.png,data/processed/train/masks/23879095_15_patch_29.png,0.0631256103515625
train,23879095_15.png,30,data/processed/train/images/23879095_15_patch_30.png,data/processed/train/masks/23879095_15_patch_30.png,0.0
train,23879095_15.png,31,data/processed/train/images/23879095_15_patch_31.png,data/processed/train/masks/23879095_15_patch_31.png,0.0148773193359375
train,23879095_15.png,32,data/processed/train/images/23879095_15_patch_32.png,data/processed/train/masks/23879095_15_patch_32.png,0.110504150390625
train,23879095_15.png,33,data/processed/train/images/23879095_15_patch_33.png,data/processed/train/masks/23879095_15_patch_33.png,0.120391845703125
train,23879095_15.png,34,data/processed/train/images/23879095_15_patch_34.png,data/processed/train/masks/23879095_15_patch_34.png,0.0531768798828125
train,23879095_15.png,35,data/processed/train/images/23879095_15_patch_35.png,data/processed/train/masks/23879095_15_patch_35.png,0.13531494140625
train,23879110_15.png,0,data/processed/train/images/23879110_15_patch_00.png,data/processed/train/masks/23879110_15_patch_00.png,0.00079345703125
train,23879110_15.png,1,data/processed/train/images/23879110_15_patch_01.png,data/processed/train/masks/23879110_15_patch_01.png,0.0077667236328125
train,23879110_15.png,2,data/processed/train/images/23879110_15_patch_02.png,data/processed/train/masks/23879110_15_patch_02.png,0.0
train,23879110_15.png,3,data/processed/train/images/23879110_15_patch_03.png,data/processed/train/masks/23879110_15_patch_03.png,0.0009918212890625
train,23879110_15.png,4,data/processed/train/images/23879110_15_patch_04.png,data/processed/train/masks/23879110_15_patch_04.png,0.0841522216796875
train,23879110_15.png,5,data/processed/train/images/23879110_15_patch_05.png,data/processed/train/masks/23879110_15_patch_05.png,0.11474609375
train,23879110_15.png,6,data/processed/train/images/23879110_15_patch_06.png,data/processed/train/masks/23879110_15_patch_06.png,0.0011444091796875
train,23879110_15.png,7,data/processed/train/images/23879110_15_patch_07.png,data/processed/train/masks/23879110_15_patch_07.png,0.0
train,23879110_15.png,8,data/processed/train/images/23879110_15_patch_08.png,data/processed/train/masks/23879110_15_patch_08.png,0.0
train,23879110_15.png,9,data/processed/train/images/23879110_15_patch_09.png,data/processed/train/masks/23879110_15_patch_09.png,0.004730224609375
train,23879110_15.png,10,data/processed/train/images/23879110_15_patch_10.png,data/processed/train/masks/23879110_15_patch_10.png,0.017181396484375
train,23879110_15.png,11,data/processed/train/images/23879110_15_patch_11.png,data/processed/train/masks/23879110_15_patch_11.png,0.1001434326171875
train,23879110_15.png,12,data/processed/train/images/23879110_15_patch_12.png,data/processed/train/masks/23879110_15_patch_12.png,0.0
train,23879110_15.png,13,data/processed/train/images/23879110_15_patch_13.png,data/processed/train/masks/23879110_15_patch_13.png,0.0
train,23879110_15.png,14,data/processed/train/images/23879110_15_patch_14.png,data/processed/train/masks/23879110_15_patch_14.png,0.0
train,23879110_15.png,15,data/processed/train/images/23879110_15_patch_15.png,data/processed/train/masks/23879110_15_patch_15.png,0.058135986328125
train,23879110_15.png,16,data/processed/train/images/23879110_15_patch_16.png,data/processed/train/masks/23879110_15_patch_16.png,0.1088714599609375
train,23879110_15.png,17,data/processed/train/images/23879110_15_patch_17.png,data/processed/train/masks/23879110_15_patch_17.png,0.01898193359375
train,23879110_15.png,18,data/processed/train/images/23879110_15_patch_18.png,data/processed/train/masks/23879110_15_patch_18.png,0.007354736328125
train,23879110_15.png,19,data/processed/train/images/23879110_15_patch_19.png,data/processed/train/masks/23879110_15_patch_19.png,0.0
train,23879110_15.png,20,data/processed/train/images/23879110_15_patch_20.png,data/processed/train/masks/23879110_15_patch_20.png,0.0052642822265625
train,23879110_15.png,21,data/processed/train/images/23879110_15_patch_21.png,data/processed/train/masks/23879110_15_patch_21.png,0.0259857177734375
train,23879110_15.png,22,data/processed/train/images/23879110_15_patch_22.png,data/processed/train/masks/23879110_15_patch_22.png,0.2393798828125
train,23879110_15.png,23,data/processed/train/images/23879110_15_patch_23.png,data/processed/train/masks/23879110_15_patch_23.png,0.0118408203125
train,23879110_15.png,24,data/processed/train/images/23879110_15_patch_24.png,data/processed/train/masks/23879110_15_patch_24.png,0.003021240234375
train,23879110_15.png,25,data/processed/train/images/23879110_15_patch_25.png,data/processed/train/masks/23879110_15_patch_25.png,0.02911376953125
train,23879110_15.png,26,data/processed/train/images/23879110_15_patch_26.png,data/processed/train/masks/23879110_15_patch_26.png,0.043792724609375
train,23879110_15.png,27,data/processed/train/images/23879110_15_patch_27.png,data/processed/train/masks/23879110_15_patch_27.png,0.1396942138671875
train,23879110_15.png,28,data/processed/train/images/23879110_15_patch_28.png,data/processed/train/masks/23879110_15_patch_28.png,0.06982421875
train,23879110_15.png,29,data/processed/train/images/23879110_15_patch_29.png,data/processed/train/masks/23879110_15_patch_29.png,9.1552734375e-05
train,23879110_15.png,30,data/processed/train/images/23879110_15_patch_30.png,data/processed/train/masks/23879110_15_patch_30.png,0.0655975341796875
train,23879110_15.png,31,data/processed/train/images/23879110_15_patch_31.png,data/processed/train/masks/23879110_15_patch_31.png,0.1376495361328125
train,23879110_15.png,32,data/processed/train/images/23879110_15_patch_32.png,data/processed/train/masks/23879110_15_patch_32.png,0.1735382080078125
train,23879110_15.png,33,data/processed/train/images/23879110_15_patch_33.png,data/processed/train/masks/23879110_15_patch_33.png,0.1136627197265625
train,23879110_15.png,34,data/processed/train/images/23879110_15_patch_34.png,data/processed/train/masks/23879110_15_patch_34.png,0.075958251953125
train,23879110_15.png,35,data/processed/train/images/23879110_15_patch_35.png,data/processed/train/masks/23879110_15_patch_35.png,0.0373382568359375
train,24029035_15.png,0,data/processed/train/images/24029035_15_patch_00.png,data/processed/train/masks/24029035_15_patch_00.png,0.10662841796875
train,24029035_15.png,1,data/processed/train/images/24029035_15_patch_01.png,data/processed/train/masks/24029035_15_patch_01.png,0.210113525390625
train,24029035_15.png,2,data/processed/train/images/24029035_15_patch_02.png,data/processed/train/masks/24029035_15_patch_02.png,0.2300262451171875
train,24029035_15.png,3,data/processed/train/images/24029035_15_patch_03.png,data/processed/train/masks/24029035_15_patch_03.png,0.1369476318359375
train,24029035_15.png,4,data/processed/train/images/24029035_15_patch_04.png,data/processed/train/masks/24029035_15_patch_04.png,0.2018890380859375
train,24029035_15.png,5,data/processed/train/images/24029035_15_patch_05.png,data/processed/train/masks/24029035_15_patch_05.png,0.156707763671875
train,24029035_15.png,6,data/processed/train/images/24029035_15_patch_06.png,data/processed/train/masks/24029035_15_patch_06.png,0.201416015625
train,24029035_15.png,7,data/processed/train/images/24029035_15_patch_07.png,data/processed/train/masks/24029035_15_patch_07.png,0.2264404296875
train,24029035_15.png,8,data/processed/train/images/24029035_15_patch_08.png,data/processed/train/masks/24029035_15_patch_08.png,0.1197357177734375
train,24029035_15.png,9,data/processed/train/images/24029035_15_patch_09.png,data/processed/train/masks/24029035_15_patch_09.png,0.019866943359375
train,24029035_15.png,10,data/processed/train/images/24029035_15_patch_10.png,data/processed/train/masks/24029035_15_patch_10.png,0.061920166015625
train,24029035_15.png,11,data/processed/train/images/24029035_15_patch_11.png,data/processed/train/masks/24029035_15_patch_11.png,0.139556884765625
train,24029035_15.png,12,data/processed/train/images/24029035_15_patch_12.png,data/processed/train/masks/24029035_15_patch_12.png,0.21380615234375
train,24029035_15.png,13,data/processed/train/images/24029035_15_patch_13.png,data/processed/train/masks/24029035_15_patch_13.png,0.18353271484375
train,24029035_15.png,14,data/processed/train/images/24029035_15_patch_14.png,data/processed/train/masks/24029035_15_patch_14.png,0.1115875244140625
train,24029035_15.png,15,data/processed/train/images/24029035_15_patch_15.png,data/processed/train/masks/24029035_15_patch_15.png,0.0
train,24029035_15.png,16,data/processed/train/images/24029035_15_patch_16.png,data/processed/train/masks/24029035_15_patch_16.png,0.0
train,24029035_15.png,17,data/processed/train/images/24029035_15_patch_17.png,data/processed/train/masks/24029035_15_patch_17.png,0.0
train,24029035_15.png,18,data/processed/train/images/24029035_15_patch_18.png,data/processed/train/masks/24029035_15_patch_18.png,0.0275115966796875
train,24029035_15.png,19,data/processed/train/images/24029035_15_patch_19.png,data/processed/train/masks/24029035_15_patch_19.png,0.0324554443359375
train,24029035_15.png,20,data/processed/train/images/24029035_15_patch_20.png,data/processed/train/masks/24029035_15_patch_20.png,0.0089263916015625
train,24029035_15.png,21,data/processed/train/images/24029035_15_patch_21.png,data/processed/train/masks/24029035_15_patch_21.png,0.0
train,24029035_15.png,22,data/processed/train/images/24029035_15_patch_22.png,data/processed/train/masks/24029035_15_patch_22.png,0.0
train,24029035_15.png,23,data/processed/train/images/24029035_15_patch_23.png,data/processed/train/masks/24029035_15_patch_23.png,0.0
train,24029035_15.png,24,data/processed/train/images/24029035_15_patch_24.png,data/processed/train/masks/24029035_15_patch_24.png,0.0402984619140625
train,24029035_15.png,25,data/processed/train/images/24029035_15_patch_25.png,data/processed/train/masks/24029035_15_patch_25.png,0.0
train,24029035_15.png,26,data/processed/train/images/24029035_15_patch_26.png,data/processed/train/masks/24029035_15_patch_26.png,0.0
train,24029035_15.png,27,data/processed/train/images/24029035_15_patch_27.png,data/processed/train/masks/24029035_15_patch_27.png,0.0
train,24029035_15.png,28,data/processed/train/images/24029035_15_patch_28.png,data/processed/train/masks/24029035_15_patch_28.png,0.0
train,24029035_15.png,29,data/processed/train/images/24029035_15_patch_29.png,data/processed/train/masks/24029035_15_patch_29.png,0.0
train,24029035_15.png,30,data/processed/train/images/24029035_15_patch_30.png,data/processed/train/masks/24029035_15_patch_30.png,0.0
train,24029035_15.png,31,data/processed/train/images/24029035_15_patch_31.png,data/processed/train/masks/24029035_15_patch_31.png,0.0
train,24029035_15.png,32,data/processed/train/images/24029035_15_patch_32.png,data/processed/train/masks/24029035_15_patch_32.png,0.0
train,24029035_15.png,33,data/processed/train/images/24029035_15_patch_33.png,data/processed/train/masks/24029035_15_patch_33.png,0.0
train,24029035_15.png,34,data/processed/train/images/24029035_15_patch_34.png,data/processed/train/masks/24029035_15_patch_34.png,0.0
train,24029035_15.png,35,data/processed/train/images/24029035_15_patch_35.png,data/processed/train/masks/24029035_15_patch_35.png,0.0
train,24029050_15.png,0,data/processed/train/images/24029050_15_patch_00.png,data/processed/train/masks/24029050_15_patch_00.png,0.2357635498046875
train,24029050_15.png,1,data/processed/train/images/24029050_15_patch_01.png,data/processed/train/masks/24029050_15_patch_01.png,0.1289825439453125
train,24029050_15.png,2,data/processed/train/images/24029050_15_patch_02.png,data/processed/train/masks/24029050_15_patch_02.png,0.045806884765625
train,24029050_15.png,3,data/processed/train/images/24029050_15_patch_03.png,data/processed/train/masks/24029050_15_patch_03.png,0.012420654296875
train,24029050_15.png,4,data/processed/train/images/24029050_15_patch_04.png,data/processed/train/masks/24029050_15_patch_04.png,0.1218719482421875
train,24029050_15.png,5,data/processed/train/images/24029050_15_patch_05.png,data/processed/train/masks/24029050_15_patch_05.png,0.081451416015625
train,24029050_15.png,6,data/processed/train/images/24029050_15_patch_06.png,data/processed/train/masks/24029050_15_patch_06.png,0.0828399658203125
train,24029050_15.png,7,data/processed/train/images/24029050_15_patch_07.png,data/processed/train/masks/24029050_15_patch_07.png,0.0
train,24029050_15.png,8,data/processed/train/images/24029050_15_patch_08.png,data/processed/train/masks/24029050_15_patch_08.png,0.0
train,24029050_15.png,9,data/processed/train/images/24029050_15_patch_09.png,data/processed/train/masks/24029050_15_patch_09.png,0.036285400390625
train,24029050_15.png,10,data/processed/train/images/24029050_15_patch_10.png,data/processed/train/masks/24029050_15_patch_10.png,0.102203369140625
train,24029050_15.png,11,data/processed/train/images/24029050_15_patch_11.png,data/processed/train/masks/24029050_15_patch_11.png,0.11248779296875
train,24029050_15.png,12,data/processed/train/images/24029050_15_patch_12.png,data/processed/train/masks/24029050_15_patch_12.png,0.03497314453125
train,24029050_15.png,13,data/processed/train/images/24029050_15_patch_13.png,data/processed/train/masks/24029050_15_patch_13.png,0.0
train,24029050_15.png,14,data/processed/train/images/24029050_15_patch_14.png,data/processed/train/masks/24029050_15_patch_14.png,0.0032196044921875
train,24029050_15.png,15,data/processed/train/images/24029050_15_patch_15.png,data/processed/train/masks/24029050_15_patch_15.png,0.021942138671875
train,24029050_15.png,16,data/processed/train/images/24029050_15_patch_16.png,data/processed/train/masks/24029050_15_patch_16.png,0.1326751708984375
train,24029050_15.png,17,data/processed/train/images/24029050_15_patch_17.png,data/processed/train/masks/24029050_15_patch_17.png,0.03900146484375
train,24029050_15.png,18,data/processed/train/images/24029050_15_patch_18.png,data/processed/train/masks/24029050_15_patch_18.png,0.0537872314453125
train,24029050_15.png,19,data/processed/train/images/24029050_15_patch_19.png,data/processed/train/masks/24029050_15_patch_19.png,0.003326416015625
train,24029050_15.png,20,data/processed/train/images/24029050_15_patch_20.png,data/processed/train/masks/24029050_15_patch_20.png,0.1743316650390625
train,24029050_15.png,21,data/processed/train/images/24029050_15_patch_21.png,data/processed/train/masks/24029050_15_patch_21.png,0.0975341796875
train,24029050_15.png,22,data/processed/train/images/24029050_15_patch_22.png,data/processed/train/masks/24029050_15_patch_22.png,0.0775604248046875
train,24029050_15.png,23,data/processed/train/images/24029050_15_patch_23.png,data/processed/train/masks/24029050_15_patch_23.png,0.015472412109375
train,24029050_15.png,24,data/processed/train/images/24029050_15_patch_24.png,data/processed/train/masks/24029050_15_patch_24.png,0.0474395751953125
train,24029050_15.png,25,data/processed/train/images/24029050_15_patch_25.png,data/processed/train/masks/24029050_15_patch_25.png,0.0408477783203125
train,24029050_15.png,26,data/processed/train/images/24029050_15_patch_26.png,data/processed/train/masks/24029050_15_patch_26.png,0.02593994140625
train,24029050_15.png,27,data/processed/train/images/24029050_15_patch_27.png,data/processed/train/masks/24029050_15_patch_27.png,0.128631591796875
train,24029050_15.png,28,data/processed/train/images/24029050_15_patch_28.png,data/processed/train/masks/24029050_15_patch_28.png,0.193817138671875
train,24029050_15.png,29,data/processed/train/images/24029050_15_patch_29.png,data/processed/train/masks/24029050_15_patch_29.png,0.1488189697265625
train,24029050_15.png,30,data/processed/train/images/24029050_15_patch_30.png,data/processed/train/masks/24029050_15_patch_30.png,0.00982666015625
train,24029050_15.png,31,data/processed/train/images/24029050_15_patch_31.png,data/processed/train/masks/24029050_15_patch_31.png,0.0768890380859375
train,24029050_15.png,32,data/processed/train/images/24029050_15_patch_32.png,data/processed/train/masks/24029050_15_patch_32.png,0.066802978515625
train,24029050_15.png,33,data/processed/train/images/24029050_15_patch_33.png,data/processed/train/masks/24029050_15_patch_33.png,0.112823486328125
train,24029050_15.png,34,data/processed/train/images/24029050_15_patch_34.png,data/processed/train/masks/24029050_15_patch_34.png,0.174652099609375
train,24029050_15.png,35,data/processed/train/images/24029050_15_patch_35.png,data/processed/train/masks/24029050_15_patch_35.png,0.13665771484375
train,24029065_15.png,0,data/processed/train/images/24029065_15_patch_00.png,data/processed/train/masks/24029065_15_patch_00.png,0.2111968994140625
train,24029065_15.png,1,data/processed/train/images/24029065_15_patch_01.png,data/processed/train/masks/24029065_15_patch_01.png,0.1719970703125
train,24029065_15.png,2,data/processed/train/images/24029065_15_patch_02.png,data/processed/train/masks/24029065_15_patch_02.png,0.1770477294921875
train,24029065_15.png,3,data/processed/train/images/24029065_15_patch_03.png,data/processed/train/masks/24029065_15_patch_03.png,0.1757354736328125
train,24029065_15.png,4,data/processed/train/images/24029065_15_patch_04.png,data/processed/train/masks/24029065_15_patch_04.png,0.1280059814453125
train,24029065_15.png,5,data/processed/train/images/24029065_15_patch_05.png,data/processed/train/masks/24029065_15_patch_05.png,0.0707855224609375
train,24029065_15.png,6,data/processed/train/images/24029065_15_patch_06.png,data/processed/train/masks/24029065_15_patch_06.png,0.224822998046875
train,24029065_15.png,7,data/processed/train/images/24029065_15_patch_07.png,data/processed/train/masks/24029065_15_patch_07.png,0.1422882080078125
train,24029065_15.png,8,data/processed/train/images/24029065_15_patch_08.png,data/processed/train/masks/24029065_15_patch_08.png,0.2035675048828125
train,24029065_15.png,9,data/processed/train/images/24029065_15_patch_09.png,data/processed/train/masks/24029065_15_patch_09.png,0.261138916015625
train,24029065_15.png,10,data/processed/train/images/24029065_15_patch_10.png,data/processed/train/masks/24029065_15_patch_10.png,0.2491302490234375
train,24029065_15.png,11,data/processed/train/images/24029065_15_patch_11.png,data/processed/train/masks/24029065_15_patch_11.png,0.0986175537109375
train,24029065_15.png,12,data/processed/train/images/24029065_15_patch_12.png,data/processed/train/masks/24029065_15_patch_12.png,0.1734771728515625
train,24029065_15.png,13,data/processed/train/images/24029065_15_patch_13.png,data/processed/train/masks/24029065_15_patch_13.png,0.205291748046875
train,24029065_15.png,14,data/processed/train/images/24029065_15_patch_14.png,data/processed/train/masks/24029065_15_patch_14.png,0.251312255859375
train,24029065_15.png,15,data/processed/train/images/24029065_15_patch_15.png,data/processed/train/masks/24029065_15_patch_15.png,0.18145751953125
train,24029065_15.png,16,data/processed/train/images/24029065_15_patch_16.png,data/processed/train/masks/24029065_15_patch_16.png,0.1806182861328125
train,24029065_15.png,17,data/processed/train/images/24029065_15_patch_17.png,data/processed/train/masks/24029065_15_patch_17.png,0.1294097900390625
train,24029065_15.png,18,data/processed/train/images/24029065_15_patch_18.png,data/processed/train/masks/24029065_15_patch_18.png,0.1716461181640625
train,24029065_15.png,19,data/processed/train/images/24029065_15_patch_19.png,data/processed/train/masks/24029065_15_patch_19.png,0.2428436279296875
train,24029065_15.png,20,data/processed/train/images/24029065_15_patch_20.png,data/processed/train/masks/24029065_15_patch_20.png,0.2214202880859375
train,24029065_15.png,21,data/processed/train/images/24029065_15_patch_21.png,data/processed/train/masks/24029065_15_patch_21.png,0.2005615234375
train,24029065_15.png,22,data/processed/train/images/24029065_15_patch_22.png,data/processed/train/masks/24029065_15_patch_22.png,0.1844940185546875
train,24029065_15.png,23,data/processed/train/images/24029065_15_patch_23.png,data/processed/train/masks/24029065_15_patch_23.png,0.0778045654296875
train,24029065_15.png,24,data/processed/train/images/24029065_15_patch_24.png,data/processed/train/masks/24029065_15_patch_24.png,0.0429229736328125
train,24029065_15.png,25,data/processed/train/images/24029065_15_patch_25.png,data/processed/train/masks/24029065_15_patch_25.png,0.156982421875
train,24029065_15.png,26,data/processed/train/images/24029065_15_patch_26.png,data/processed/train/masks/24029065_15_patch_26.png,0.2012481689453125
train,24029065_15.png,27,data/processed/train/images/24029065_15_patch_27.png,data/processed/train/masks/24029065_15_patch_27.png,0.1919403076171875
train,24029065_15.png,28,data/processed/train/images/24029065_15_patch_28.png,data/processed/train/masks/24029065_15_patch_28.png,0.1786346435546875
train,24029065_15.png,29,data/processed/train/images/24029065_15_patch_29.png,data/processed/train/masks/24029065_15_patch_29.png,0.0510101318359375
train,24029065_15.png,30,data/processed/train/images/24029065_15_patch_30.png,data/processed/train/masks/24029065_15_patch_30.png,0.16693115234375
train,24029065_15.png,31,data/processed/train/images/24029065_15_patch_31.png,data/processed/train/masks/24029065_15_patch_31.png,0.1189727783203125
train,24029065_15.png,32,data/processed/train/images/24029065_15_patch_32.png,data/processed/train/masks/24029065_15_patch_32.png,0.0647735595703125
train,24029065_15.png,33,data/processed/train/images/24029065_15_patch_33.png,data/processed/train/masks/24029065_15_patch_33.png,0.020721435546875
train,24029065_15.png,34,data/processed/train/images/24029065_15_patch_34.png,data/processed/train/masks/24029065_15_patch_34.png,0.082305908203125
train,24029065_15.png,35,data/processed/train/images/24029065_15_patch_35.png,data/processed/train/masks/24029065_15_patch_35.png,0.1273040771484375
train,24029080_15.png,0,data/processed/train/images/24029080_15_patch_00.png,data/processed/train/masks/24029080_15_patch_00.png,0.152679443359375
train,24029080_15.png,1,data/processed/train/images/24029080_15_patch_01.png,data/processed/train/masks/24029080_15_patch_01.png,0.190521240234375
train,24029080_15.png,2,data/processed/train/images/24029080_15_patch_02.png,data/processed/train/masks/24029080_15_patch_02.png,0.188018798828125
train,24029080_15.png,3,data/processed/train/images/24029080_15_patch_03.png,data/processed/train/masks/24029080_15_patch_03.png,0.2991180419921875
train,24029080_15.png,4,data/processed/train/images/24029080_15_patch_04.png,data/processed/train/masks/24029080_15_patch_04.png,0.148590087890625
train,24029080_15.png,5,data/processed/train/images/24029080_15_patch_05.png,data/processed/train/masks/24029080_15_patch_05.png,0.0
train,24029080_15.png,6,data/processed/train/images/24029080_15_patch_06.png,data/processed/train/masks/24029080_15_patch_06.png,0.201141357421875
train,24029080_15.png,7,data/processed/train/images/24029080_15_patch_07.png,data/processed/train/masks/24029080_15_patch_07.png,0.19085693359375
train,24029080_15.png,8,data/processed/train/images/24029080_15_patch_08.png,data/processed/train/masks/24029080_15_patch_08.png,0.1202239990234375
train,24029080_15.png,9,data/processed/train/images/24029080_15_patch_09.png,data/processed/train/masks/24029080_15_patch_09.png,0.191375732421875
train,24029080_15.png,10,data/processed/train/images/24029080_15_patch_10.png,data/processed/train/masks/24029080_15_patch_10.png,0.06884765625
train,24029080_15.png,11,data/processed/train/images/24029080_15_patch_11.png,data/processed/train/masks/24029080_15_patch_11.png,0.0006561279296875
train,24029080_15.png,12,data/processed/train/images/24029080_15_patch_12.png,data/processed/train/masks/24029080_15_patch_12.png,0.153961181640625
train,24029080_15.png,13,data/processed/train/images/24029080_15_patch_13.png,data/processed/train/masks/24029080_15_patch_13.png,0.1903228759765625
train,24029080_15.png,14,data/processed/train/images/24029080_15_patch_14.png,data/processed/train/masks/24029080_15_patch_14.png,0.1915130615234375
train,24029080_15.png,15,data/processed/train/images/24029080_15_patch_15.png,data/processed/train/masks/24029080_15_patch_15.png,0.155487060546875
train,24029080_15.png,16,data/processed/train/images/24029080_15_patch_16.png,data/processed/train/masks/24029080_15_patch_16.png,0.191650390625
train,24029080_15.png,17,data/processed/train/images/24029080_15_patch_17.png,data/processed/train/masks/24029080_15_patch_17.png,0.06683349609375
train,24029080_15.png,18,data/processed/train/images/24029080_15_patch_18.png,data/processed/train/masks/24029080_15_patch_18.png,0.13421630859375
train,24029080_15.png,19,data/processed/train/images/24029080_15_patch_19.png,data/processed/train/masks/24029080_15_patch_19.png,0.1996002197265625
train,24029080_15.png,20,data/processed/train/images/24029080_15_patch_20.png,data/processed/train/masks/24029080_15_patch_20.png,0.182220458984375
train,24029080_15.png,21,data/processed/train/images/24029080_15_patch_21.png,data/processed/train/masks/24029080_15_patch_21.png,0.1884002685546875
train,24029080_15.png,22,data/processed/train/images/24029080_15_patch_22.png,data/processed/train/masks/24029080_15_patch_22.png,0.17919921875
train,24029080_15.png,23,data/processed/train/images/24029080_15_patch_23.png,data/processed/train/masks/24029080_15_patch_23.png,0.10369873046875
train,24029080_15.png,24,data/processed/train/images/24029080_15_patch_24.png,data/processed/train/masks/24029080_15_patch_24.png,0.1546478271484375
train,24029080_15.png,25,data/processed/train/images/24029080_15_patch_25.png,data/processed/train/masks/24029080_15_patch_25.png,0.1790771484375
train,24029080_15.png,26,data/processed/train/images/24029080_15_patch_26.png,data/processed/train/masks/24029080_15_patch_26.png,0.159942626953125
train,24029080_15.png,27,data/processed/train/images/24029080_15_patch_27.png,data/processed/train/masks/24029080_15_patch_27.png,0.1821746826171875
train,24029080_15.png,28,data/processed/train/images/24029080_15_patch_28.png,data/processed/train/masks/24029080_15_patch_28.png,0.2017822265625
train,24029080_15.png,29,data/processed/train/images/24029080_15_patch_29.png,data/processed/train/masks/24029080_15_patch_29.png,0.1629486083984375
train,24029080_15.png,30,data/processed/train/images/24029080_15_patch_30.png,data/processed/train/masks/24029080_15_patch_30.png,0.10888671875
train,24029080_15.png,31,data/processed/train/images/24029080_15_patch_31.png,data/processed/train/masks/24029080_15_patch_31.png,0.1039276123046875
train,24029080_15.png,32,data/processed/train/images/24029080_15_patch_32.png,data/processed/train/masks/24029080_15_patch_32.png,0.10308837890625
train,24029080_15.png,33,data/processed/train/images/24029080_15_patch_33.png,data/processed/train/masks/24029080_15_patch_33.png,0.171966552734375
train,24029080_15.png,34,data/processed/train/images/24029080_15_patch_34.png,data/processed/train/masks/24029080_15_patch_34.png,0.1544342041015625
train,24029080_15.png,35,data/processed/train/images/24029080_15_patch_35.png,data/processed/train/masks/24029080_15_patch_35.png,0.1087646484375
train,24029110_15.png,0,data/processed/train/images/24029110_15_patch_00.png,data/processed/train/masks/24029110_15_patch_00.png,0.1275634765625
train,24029110_15.png,1,data/processed/train/images/24029110_15_patch_01.png,data/processed/train/masks/24029110_15_patch_01.png,0.0868377685546875
train,24029110_15.png,2,data/processed/train/images/24029110_15_patch_02.png,data/processed/train/masks/24029110_15_patch_02.png,0.1219329833984375
train,24029110_15.png,3,data/processed/train/images/24029110_15_patch_03.png,data/processed/train/masks/24029110_15_patch_03.png,0.084228515625
train,24029110_15.png,4,data/processed/train/images/24029110_15_patch_04.png,data/processed/train/masks/24029110_15_patch_04.png,0.0896148681640625
train,24029110_15.png,5,data/processed/train/images/24029110_15_patch_05.png,data/processed/train/masks/24029110_15_patch_05.png,0.092254638671875
train,24029110_15.png,6,data/processed/train/images/24029110_15_patch_06.png,data/processed/train/masks/24029110_15_patch_06.png,0.1315765380859375
train,24029110_15.png,7,data/processed/train/images/24029110_15_patch_07.png,data/processed/train/masks/24029110_15_patch_07.png,0.11968994140625
train,24029110_15.png,8,data/processed/train/images/24029110_15_patch_08.png,data/processed/train/masks/24029110_15_patch_08.png,0.066162109375
train,24029110_15.png,9,data/processed/train/images/24029110_15_patch_09.png,data/processed/train/masks/24029110_15_patch_09.png,0.1185302734375
train,24029110_15.png,10,data/processed/train/images/24029110_15_patch_10.png,data/processed/train/masks/24029110_15_patch_10.png,0.1573486328125
train,24029110_15.png,11,data/processed/train/images/24029110_15_patch_11.png,data/processed/train/masks/24029110_15_patch_11.png,0.09979248046875
train,24029110_15.png,12,data/processed/train/images/24029110_15_patch_12.png,data/processed/train/masks/24029110_15_patch_12.png,0.0405120849609375
train,24029110_15.png,13,data/processed/train/images/24029110_15_patch_13.png,data/processed/train/masks/24029110_15_patch_13.png,0.075408935546875
train,24029110_15.png,14,data/processed/train/images/24029110_15_patch_14.png,data/processed/train/masks/24029110_15_patch_14.png,0.111175537109375
train,24029110_15.png,15,data/processed/train/images/24029110_15_patch_15.png,data/processed/train/masks/24029110_15_patch_15.png,0.1565093994140625
train,24029110_15.png,16,data/processed/train/images/24029110_15_patch_16.png,data/processed/train/masks/24029110_15_patch_16.png,0.15863037109375
train,24029110_15.png,17,data/processed/train/images/24029110_15_patch_17.png,data/processed/train/masks/24029110_15_patch_17.png,0.121673583984375
train,24029110_15.png,18,data/processed/train/images/24029110_15_patch_18.png,data/processed/train/masks/24029110_15_patch_18.png,0.001678466796875
train,24029110_15.png,19,data/processed/train/images/24029110_15_patch_19.png,data/processed/train/masks/24029110_15_patch_19.png,0.0815887451171875
train,24029110_15.png,20,data/processed/train/images/24029110_15_patch_20.png,data/processed/train/masks/24029110_15_patch_20.png,0.1543731689453125
train,24029110_15.png,21,data/processed/train/images/24029110_15_patch_21.png,data/processed/train/masks/24029110_15_patch_21.png,0.14312744140625
train,24029110_15.png,22,data/processed/train/images/24029110_15_patch_22.png,data/processed/train/masks/24029110_15_patch_22.png,0.0897064208984375
train,24029110_15.png,23,data/processed/train/images/24029110_15_patch_23.png,data/processed/train/masks/24029110_15_patch_23.png,0.0773468017578125
train,24029110_15.png,24,data/processed/train/images/24029110_15_patch_24.png,data/processed/train/masks/24029110_15_patch_24.png,0.004180908203125
train,24029110_15.png,25,data/processed/train/images/24029110_15_patch_25.png,data/processed/train/masks/24029110_15_patch_25.png,0.0316314697265625
train,24029110_15.png,26,data/processed/train/images/24029110_15_patch_26.png,data/processed/train/masks/24029110_15_patch_26.png,0.13250732421875
train,24029110_15.png,27,data/processed/train/images/24029110_15_patch_27.png,data/processed/train/masks/24029110_15_patch_27.png,0.097503662109375
train,24029110_15.png,28,data/processed/train/images/24029110_15_patch_28.png,data/processed/train/masks/24029110_15_patch_28.png,0.06756591796875
train,24029110_15.png,29,data/processed/train/images/24029110_15_patch_29.png,data/processed/train/masks/24029110_15_patch_29.png,0.060821533203125
train,24029110_15.png,30,data/processed/train/images/24029110_15_patch_30.png,data/processed/train/masks/24029110_15_patch_30.png,0.0644378662109375
train,24029110_15.png,31,data/processed/train/images/24029110_15_patch_31.png,data/processed/train/masks/24029110_15_patch_31.png,0.07586669921875
train,24029110_15.png,32,data/processed/train/images/24029110_15_patch_32.png,data/processed/train/masks/24029110_15_patch_32.png,0.0631866455078125
train,24029110_15.png,33,data/processed/train/images/24029110_15_patch_33.png,data/processed/train/masks/24029110_15_patch_33.png,0.024871826171875
train,24029110_15.png,34,data/processed/train/images/24029110_15_patch_34.png,data/processed/train/masks/24029110_15_patch_34.png,0.053802490234375
train,24029110_15.png,35,data/processed/train/images/24029110_15_patch_35.png,data/processed/train/masks/24029110_15_patch_35.png,0.0190887451171875
train,24179020_15.png,0,data/processed/train/images/24179020_15_patch_00.png,data/processed/train/masks/24179020_15_patch_00.png,0.0
train,24179020_15.png,1,data/processed/train/images/24179020_15_patch_01.png,data/processed/train/masks/24179020_15_patch_01.png,0.0179901123046875
train,24179020_15.png,2,data/processed/train/images/24179020_15_patch_02.png,data/processed/train/masks/24179020_15_patch_02.png,0.2103424072265625
train,24179020_15.png,3,data/processed/train/images/24179020_15_patch_03.png,data/processed/train/masks/24179020_15_patch_03.png,0.208770751953125
train,24179020_15.png,4,data/processed/train/images/24179020_15_patch_04.png,data/processed/train/masks/24179020_15_patch_04.png,0.2157745361328125
train,24179020_15.png,5,data/processed/train/images/24179020_15_patch_05.png,data/processed/train/masks/24179020_15_patch_05.png,0.1791534423828125
train,24179020_15.png,6,data/processed/train/images/24179020_15_patch_06.png,data/processed/train/masks/24179020_15_patch_06.png,0.0
train,24179020_15.png,7,data/processed/train/images/24179020_15_patch_07.png,data/processed/train/masks/24179020_15_patch_07.png,0.0001220703125
train,24179020_15.png,8,data/processed/train/images/24179020_15_patch_08.png,data/processed/train/masks/24179020_15_patch_08.png,0.094573974609375
train,24179020_15.png,9,data/processed/train/images/24179020_15_patch_09.png,data/processed/train/masks/24179020_15_patch_09.png,0.1861419677734375
train,24179020_15.png,10,data/processed/train/images/24179020_15_patch_10.png,data/processed/train/masks/24179020_15_patch_10.png,0.194610595703125
train,24179020_15.png,11,data/processed/train/images/24179020_15_patch_11.png,data/processed/train/masks/24179020_15_patch_11.png,0.15191650390625
train,24179020_15.png,12,data/processed/train/images/24179020_15_patch_12.png,data/processed/train/masks/24179020_15_patch_12.png,0.0
train,24179020_15.png,13,data/processed/train/images/24179020_15_patch_13.png,data/processed/train/masks/24179020_15_patch_13.png,0.0
train,24179020_15.png,14,data/processed/train/images/24179020_15_patch_14.png,data/processed/train/masks/24179020_15_patch_14.png,0.0
train,24179020_15.png,15,data/processed/train/images/24179020_15_patch_15.png,data/processed/train/masks/24179020_15_patch_15.png,0.0030364990234375
train,24179020_15.png,16,data/processed/train/images/24179020_15_patch_16.png,data/processed/train/masks/24179020_15_patch_16.png,0.0734710693359375
train,24179020_15.png,17,data/processed/train/images/24179020_15_patch_17.png,data/processed/train/masks/24179020_15_patch_17.png,0.049957275390625
train,24179020_15.png,18,data/processed/train/images/24179020_15_patch_18.png,data/processed/train/masks/24179020_15_patch_18.png,0.0059661865234375
train,24179020_15.png,19,data/processed/train/images/24179020_15_patch_19.png,data/processed/train/masks/24179020_15_patch_19.png,0.0
train,24179020_15.png,20,data/processed/train/images/24179020_15_patch_20.png,data/processed/train/masks/24179020_15_patch_20.png,0.0
train,24179020_15.png,21,data/processed/train/images/24179020_15_patch_21.png,data/processed/train/masks/24179020_15_patch_21.png,0.0
train,24179020_15.png,22,data/processed/train/images/24179020_15_patch_22.png,data/processed/train/masks/24179020_15_patch_22.png,0.0
train,24179020_15.png,23,data/processed/train/images/24179020_15_patch_23.png,data/processed/train/masks/24179020_15_patch_23.png,0.0
train,24179020_15.png,24,data/processed/train/images/24179020_15_patch_24.png,data/processed/train/masks/24179020_15_patch_24.png,0.0097503662109375
train,24179020_15.png,25,data/processed/train/images/24179020_15_patch_25.png,data/processed/train/masks/24179020_15_patch_25.png,0.0
train,24179020_15.png,26,data/processed/train/images/24179020_15_patch_26.png,data/processed/train/masks/24179020_15_patch_26.png,0.0
train,24179020_15.png,27,data/processed/train/images/24179020_15_patch_27.png,data/processed/train/masks/24179020_15_patch_27.png,0.0
train,24179020_15.png,28,data/processed/train/images/24179020_15_patch_28.png,data/processed/train/masks/24179020_15_patch_28.png,0.0
train,24179020_15.png,29,data/processed/train/images/24179020_15_patch_29.png,data/processed/train/masks/24179020_15_patch_29.png,0.0
train,24179020_15.png,30,data/processed/train/images/24179020_15_patch_30.png,data/processed/train/masks/24179020_15_patch_30.png,0.0
train,24179020_15.png,31,data/processed/train/images/24179020_15_patch_31.png,data/processed/train/masks/24179020_15_patch_31.png,0.0
train,24179020_15.png,32,data/processed/train/images/24179020_15_patch_32.png,data/processed/train/masks/24179020_15_patch_32.png,0.0
train,24179020_15.png,33,data/processed/train/images/24179020_15_patch_33.png,data/processed/train/masks/24179020_15_patch_33.png,0.0
train,24179020_15.png,34,data/processed/train/images/24179020_15_patch_34.png,data/processed/train/masks/24179020_15_patch_34.png,0.0
train,24179020_15.png,35,data/processed/train/images/24179020_15_patch_35.png,data/processed/train/masks/24179020_15_patch_35.png,0.0
train,24179035_15.png,0,data/processed/train/images/24179035_15_patch_00.png,data/processed/train/masks/24179035_15_patch_00.png,0.050079345703125
train,24179035_15.png,1,data/processed/train/images/24179035_15_patch_01.png,data/processed/train/masks/24179035_15_patch_01.png,0.0134429931640625
train,24179035_15.png,2,data/processed/train/images/24179035_15_patch_02.png,data/processed/train/masks/24179035_15_patch_02.png,0.0
train,24179035_15.png,3,data/processed/train/images/24179035_15_patch_03.png,data/processed/train/masks/24179035_15_patch_03.png,0.0
train,24179035_15.png,4,data/processed/train/images/24179035_15_patch_04.png,data/processed/train/masks/24179035_15_patch_04.png,0.0
train,24179035_15.png,5,data/processed/train/images/24179035_15_patch_05.png,data/processed/train/masks/24179035_15_patch_05.png,0.0
train,24179035_15.png,6,data/processed/train/images/24179035_15_patch_06.png,data/processed/train/masks/24179035_15_patch_06.png,0.2147216796875
train,24179035_15.png,7,data/processed/train/images/24179035_15_patch_07.png,data/processed/train/masks/24179035_15_patch_07.png,0.106536865234375
train,24179035_15.png,8,data/processed/train/images/24179035_15_patch_08.png,data/processed/train/masks/24179035_15_patch_08.png,0.006011962890625
train,24179035_15.png,9,data/processed/train/images/24179035_15_patch_09.png,data/processed/train/masks/24179035_15_patch_09.png,0.063751220703125
train,24179035_15.png,10,data/processed/train/images/24179035_15_patch_10.png,data/processed/train/masks/24179035_15_patch_10.png,0.043609619140625
train,24179035_15.png,11,data/processed/train/images/24179035_15_patch_11.png,data/processed/train/masks/24179035_15_patch_11.png,0.07183837890625
train,24179035_15.png,12,data/processed/train/images/24179035_15_patch_12.png,data/processed/train/masks/24179035_15_patch_12.png,0.03997802734375
train,24179035_15.png,13,data/processed/train/images/24179035_15_patch_13.png,data/processed/train/masks/24179035_15_patch_13.png,0.0379791259765625
train,24179035_15.png,14,data/processed/train/images/24179035_15_patch_14.png,data/processed/train/masks/24179035_15_patch_14.png,0.045806884765625
train,24179035_15.png,15,data/processed/train/images/24179035_15_patch_15.png,data/processed/train/masks/24179035_15_patch_15.png,0.1815338134765625
train,24179035_15.png,16,data/processed/train/images/24179035_15_patch_16.png,data/processed/train/masks/24179035_15_patch_16.png,0.1974945068359375
train,24179035_15.png,17,data/processed/train/images/24179035_15_patch_17.png,data/processed/train/masks/24179035_15_patch_17.png,0.15277099609375
train,24179035_15.png,18,data/processed/train/images/24179035_15_patch_18.png,data/processed/train/masks/24179035_15_patch_18.png,0.0
train,24179035_15.png,19,data/processed/train/images/24179035_15_patch_19.png,data/processed/train/masks/24179035_15_patch_19.png,0.0
train,24179035_15.png,20,data/processed/train/images/24179035_15_patch_20.png,data/processed/train/masks/24179035_15_patch_20.png,0.0
train,24179035_15.png,21,data/processed/train/images/24179035_15_patch_21.png,data/processed/train/masks/24179035_15_patch_21.png,0.1780548095703125
train,24179035_15.png,22,data/processed/train/images/24179035_15_patch_22.png,data/processed/train/masks/24179035_15_patch_22.png,0.1865692138671875
train,24179035_15.png,23,data/processed/train/images/24179035_15_patch_23.png,data/processed/train/masks/24179035_15_patch_23.png,0.1797332763671875
train,24179035_15.png,24,data/processed/train/images/24179035_15_patch_24.png,data/processed/train/masks/24179035_15_patch_24.png,0.0
train,24179035_15.png,25,data/processed/train/images/24179035_15_patch_25.png,data/processed/train/masks/24179035_15_patch_25.png,0.0
train,24179035_15.png,26,data/processed/train/images/24179035_15_patch_26.png,data/processed/train/masks/24179035_15_patch_26.png,0.0020904541015625
train,24179035_15.png,27,data/processed/train/images/24179035_15_patch_27.png,data/processed/train/masks/24179035_15_patch_27.png,0.1355743408203125
train,24179035_15.png,28,data/processed/train/images/24179035_15_patch_28.png,data/processed/train/masks/24179035_15_patch_28.png,0.1063079833984375
train,24179035_15.png,29,data/processed/train/images/24179035_15_patch_29.png,data/processed/train/masks/24179035_15_patch_29.png,0.1274261474609375
train,24179035_15.png,30,data/processed/train/images/24179035_15_patch_30.png,data/processed/train/masks/24179035_15_patch_30.png,0.0
train,24179035_15.png,31,data/processed/train/images/24179035_15_patch_31.png,data/processed/train/masks/24179035_15_patch_31.png,0.00079345703125
train,24179035_15.png,32,data/processed/train/images/24179035_15_patch_32.png,data/processed/train/masks/24179035_15_patch_32.png,0.157928466796875
train,24179035_15.png,33,data/processed/train/images/24179035_15_patch_33.png,data/processed/train/masks/24179035_15_patch_33.png,0.1717681884765625
train,24179035_15.png,34,data/processed/train/images/24179035_15_patch_34.png,data/processed/train/masks/24179035_15_patch_34.png,0.2427978515625
train,24179035_15.png,35,data/processed/train/images/24179035_15_patch_35.png,data/processed/train/masks/24179035_15_patch_35.png,0.1958770751953125
train,24179050_15.png,0,data/processed/train/images/24179050_15_patch_00.png,data/processed/train/masks/24179050_15_patch_00.png,0.0122833251953125
train,24179050_15.png,1,data/processed/train/images/24179050_15_patch_01.png,data/processed/train/masks/24179050_15_patch_01.png,0.1075592041015625
train,24179050_15.png,2,data/processed/train/images/24179050_15_patch_02.png,data/processed/train/masks/24179050_15_patch_02.png,0.13861083984375
train,24179050_15.png,3,data/processed/train/images/24179050_15_patch_03.png,data/processed/train/masks/24179050_15_patch_03.png,0.0990142822265625
train,24179050_15.png,4,data/processed/train/images/24179050_15_patch_04.png,data/processed/train/masks/24179050_15_patch_04.png,0.235565185546875
train,24179050_15.png,5,data/processed/train/images/24179050_15_patch_05.png,data/processed/train/masks/24179050_15_patch_05.png,0.144561767578125
train,24179050_15.png,6,data/processed/train/images/24179050_15_patch_06.png,data/processed/train/masks/24179050_15_patch_06.png,0.025665283203125
train,24179050_15.png,7,data/processed/train/images/24179050_15_patch_07.png,data/processed/train/masks/24179050_15_patch_07.png,0.1423492431640625
train,24179050_15.png,8,data/processed/train/images/24179050_15_patch_08.png,data/processed/train/masks/24179050_15_patch_08.png,0.305511474609375
train,24179050_15.png,9,data/processed/train/images/24179050_15_patch_09.png,data/processed/train/masks/24179050_15_patch_09.png,0.1740875244140625
train,24179050_15.png,10,data/processed/train/images/24179050_15_patch_10.png,data/processed/train/masks/24179050_15_patch_10.png,0.1738128662109375
train,24179050_15.png,11,data/processed/train/images/24179050_15_patch_11.png,data/processed/train/masks/24179050_15_patch_11.png,0.123260498046875
train,24179050_15.png,12,data/processed/train/images/24179050_15_patch_12.png,data/processed/train/masks/24179050_15_patch_12.png,0.1320037841796875
train,24179050_15.png,13,data/processed/train/images/24179050_15_patch_13.png,data/processed/train/masks/24179050_15_patch_13.png,0.0
train,24179050_15.png,14,data/processed/train/images/24179050_15_patch_14.png,data/processed/train/masks/24179050_15_patch_14.png,0.05523681640625
train,24179050_15.png,15,data/processed/train/images/24179050_15_patch_15.png,data/processed/train/masks/24179050_15_patch_15.png,0.219635009765625
train,24179050_15.png,16,data/processed/train/images/24179050_15_patch_16.png,data/processed/train/masks/24179050_15_patch_16.png,0.197174072265625
train,24179050_15.png,17,data/processed/train/images/24179050_15_patch_17.png,data/processed/train/masks/24179050_15_patch_17.png,0.1722412109375
train,24179050_15.png,18,data/processed/train/images/24179050_15_patch_18.png,data/processed/train/masks/24179050_15_patch_18.png,0.1202545166015625
train,24179050_15.png,19,data/processed/train/images/24179050_15_patch_19.png,data/processed/train/masks/24179050_15_patch_19.png,0.0
train,24179050_15.png,20,data/processed/train/images/24179050_15_patch_20.png,data/processed/train/masks/24179050_15_patch_20.png,0.020477294921875
train,24179050_15.png,21,data/processed/train/images/24179050_15_patch_21.png,data/processed/train/masks/24179050_15_patch_21.png,0.0277557373046875
train,24179050_15.png,22,data/processed/train/images/24179050_15_patch_22.png,data/processed/train/masks/24179050_15_patch_22.png,0.058746337890625
train,24179050_15.png,23,data/processed/train/images/24179050_15_patch_23.png,data/processed/train/masks/24179050_15_patch_23.png,0.147857666015625
train,24179050_15.png,24,data/processed/train/images/24179050_15_patch_24.png,data/processed/train/masks/24179050_15_patch_24.png,0.136962890625
train,24179050_15.png,25,data/processed/train/images/24179050_15_patch_25.png,data/processed/train/masks/24179050_15_patch_25.png,0.019439697265625
train,24179050_15.png,26,data/processed/train/images/24179050_15_patch_26.png,data/processed/train/masks/24179050_15_patch_26.png,0.0
train,24179050_15.png,27,data/processed/train/images/24179050_15_patch_27.png,data/processed/train/masks/24179050_15_patch_27.png,0.0
train,24179050_15.png,28,data/processed/train/images/24179050_15_patch_28.png,data/processed/train/masks/24179050_15_patch_28.png,0.0
train,24179050_15.png,29,data/processed/train/images/24179050_15_patch_29.png,data/processed/train/masks/24179050_15_patch_29.png,0.012451171875
train,24179050_15.png,30,data/processed/train/images/24179050_15_patch_30.png,data/processed/train/masks/24179050_15_patch_30.png,0.1508331298828125
train,24179050_15.png,31,data/processed/train/images/24179050_15_patch_31.png,data/processed/train/masks/24179050_15_patch_31.png,0.1129913330078125
train,24179050_15.png,32,data/processed/train/images/24179050_15_patch_32.png,data/processed/train/masks/24179050_15_patch_32.png,0.014068603515625
train,24179050_15.png,33,data/processed/train/images/24179050_15_patch_33.png,data/processed/train/masks/24179050_15_patch_33.png,0.0
train,24179050_15.png,34,data/processed/train/images/24179050_15_patch_34.png,data/processed/train/masks/24179050_15_patch_34.png,0.0
train,24179050_15.png,35,data/processed/train/images/24179050_15_patch_35.png,data/processed/train/masks/24179050_15_patch_35.png,0.0
train,24179080_15.png,0,data/processed/train/images/24179080_15_patch_00.png,data/processed/train/masks/24179080_15_patch_00.png,0.0
train,24179080_15.png,1,data/processed/train/images/24179080_15_patch_01.png,data/processed/train/masks/24179080_15_patch_01.png,0.0
train,24179080_15.png,2,data/processed/train/images/24179080_15_patch_02.png,data/processed/train/masks/24179080_15_patch_02.png,0.0
train,24179080_15.png,3,data/processed/train/images/24179080_15_patch_03.png,data/processed/train/masks/24179080_15_patch_03.png,0.0228729248046875
train,24179080_15.png,4,data/processed/train/images/24179080_15_patch_04.png,data/processed/train/masks/24179080_15_patch_04.png,0.1550750732421875
train,24179080_15.png,5,data/processed/train/images/24179080_15_patch_05.png,data/processed/train/masks/24179080_15_patch_05.png,0.0924530029296875
train,24179080_15.png,6,data/processed/train/images/24179080_15_patch_06.png,data/processed/train/masks/24179080_15_patch_06.png,0.0
train,24179080_15.png,7,data/processed/train/images/24179080_15_patch_07.png,data/processed/train/masks/24179080_15_patch_07.png,0.0
train,24179080_15.png,8,data/processed/train/images/24179080_15_patch_08.png,data/processed/train/masks/24179080_15_patch_08.png,0.0
train,24179080_15.png,9,data/processed/train/images/24179080_15_patch_09.png,data/processed/train/masks/24179080_15_patch_09.png,0.0
train,24179080_15.png,10,data/processed/train/images/24179080_15_patch_10.png,data/processed/train/masks/24179080_15_patch_10.png,0.0650177001953125
train,24179080_15.png,11,data/processed/train/images/24179080_15_patch_11.png,data/processed/train/masks/24179080_15_patch_11.png,0.1218719482421875
train,24179080_15.png,12,data/processed/train/images/24179080_15_patch_12.png,data/processed/train/masks/24179080_15_patch_12.png,0.0
train,24179080_15.png,13,data/processed/train/images/24179080_15_patch_13.png,data/processed/train/masks/24179080_15_patch_13.png,0.0
train,24179080_15.png,14,data/processed/train/images/24179080_15_patch_14.png,data/processed/train/masks/24179080_15_patch_14.png,0.0
train,24179080_15.png,15,data/processed/train/images/24179080_15_patch_15.png,data/processed/train/masks/24179080_15_patch_15.png,0.0
train,24179080_15.png,16,data/processed/train/images/24179080_15_patch_16.png,data/processed/train/masks/24179080_15_patch_16.png,0.0741729736328125
train,24179080_15.png,17,data/processed/train/images/24179080_15_patch_17.png,data/processed/train/masks/24179080_15_patch_17.png,0.108551025390625
train,24179080_15.png,18,data/processed/train/images/24179080_15_patch_18.png,data/processed/train/masks/24179080_15_patch_18.png,0.1349945068359375
train,24179080_15.png,19,data/processed/train/images/24179080_15_patch_19.png,data/processed/train/masks/24179080_15_patch_19.png,0.1648101806640625
train,24179080_15.png,20,data/processed/train/images/24179080_15_patch_20.png,data/processed/train/masks/24179080_15_patch_20.png,0.0937347412109375
train,24179080_15.png,21,data/processed/train/images/24179080_15_patch_21.png,data/processed/train/masks/24179080_15_patch_21.png,0.0771331787109375
train,24179080_15.png,22,data/processed/train/images/24179080_15_patch_22.png,data/processed/train/masks/24179080_15_patch_22.png,0.1260528564453125
train,24179080_15.png,23,data/processed/train/images/24179080_15_patch_23.png,data/processed/train/masks/24179080_15_patch_23.png,0.026275634765625
train,24179080_15.png,24,data/processed/train/images/24179080_15_patch_24.png,data/processed/train/masks/24179080_15_patch_24.png,0.199798583984375
train,24179080_15.png,25,data/processed/train/images/24179080_15_patch_25.png,data/processed/train/masks/24179080_15_patch_25.png,0.235565185546875
train,24179080_15.png,26,data/processed/train/images/24179080_15_patch_26.png,data/processed/train/masks/24179080_15_patch_26.png,0.176361083984375
train,24179080_15.png,27,data/processed/train/images/24179080_15_patch_27.png,data/processed/train/masks/24179080_15_patch_27.png,0.2312164306640625
train,24179080_15.png,28,data/processed/train/images/24179080_15_patch_28.png,data/processed/train/masks/24179080_15_patch_28.png,0.028717041015625
train,24179080_15.png,29,data/processed/train/images/24179080_15_patch_29.png,data/processed/train/masks/24179080_15_patch_29.png,0.0
train,24179080_15.png,30,data/processed/train/images/24179080_15_patch_30.png,data/processed/train/masks/24179080_15_patch_30.png,0.0915985107421875
train,24179080_15.png,31,data/processed/train/images/24179080_15_patch_31.png,data/processed/train/masks/24179080_15_patch_31.png,0.0609283447265625
train,24179080_15.png,32,data/processed/train/images/24179080_15_patch_32.png,data/processed/train/masks/24179080_15_patch_32.png,0.0906982421875
train,24179080_15.png,33,data/processed/train/images/24179080_15_patch_33.png,data/processed/train/masks/24179080_15_patch_33.png,0.0634002685546875
train,24179080_15.png,34,data/processed/train/images/24179080_15_patch_34.png,data/processed/train/masks/24179080_15_patch_34.png,0.0
train,24179080_15.png,35,data/processed/train/images/24179080_15_patch_35.png,data/processed/train/masks/24179080_15_patch_35.png,0.0
train,24328840_15.png,0,data/processed/train/images/24328840_15_patch_00.png,data/processed/train/masks/24328840_15_patch_00.png,0.0984649658203125
train,24328840_15.png,1,data/processed/train/images/24328840_15_patch_01.png,data/processed/train/masks/24328840_15_patch_01.png,0.0847320556640625
train,24328840_15.png,2,data/processed/train/images/24328840_15_patch_02.png,data/processed/train/masks/24328840_15_patch_02.png,0.0782012939453125
train,24328840_15.png,3,data/processed/train/images/24328840_15_patch_03.png,data/processed/train/masks/24328840_15_patch_03.png,0.034088134765625
train,24328840_15.png,4,data/processed/train/images/24328840_15_patch_04.png,data/processed/train/masks/24328840_15_patch_04.png,0.0006561279296875
train,24328840_15.png,5,data/processed/train/images/24328840_15_patch_05.png,data/processed/train/masks/24328840_15_patch_05.png,0.073089599609375
train,24328840_15.png,6,data/processed/train/images/24328840_15_patch_06.png,data/processed/train/masks/24328840_15_patch_06.png,0.0999755859375
train,24328840_15.png,7,data/processed/train/images/24328840_15_patch_07.png,data/processed/train/masks/24328840_15_patch_07.png,0.0293426513671875
train,24328840_15.png,8,data/processed/train/images/24328840_15_patch_08.png,data/processed/train/masks/24328840_15_patch_08.png,0.0026397705078125
train,24328840_15.png,9,data/processed/train/images/24328840_15_patch_09.png,data/processed/train/masks/24328840_15_patch_09.png,0.0005340576171875
train,24328840_15.png,10,data/processed/train/images/24328840_15_patch_10.png,data/processed/train/masks/24328840_15_patch_10.png,0.0141448974609375
train,24328840_15.png,11,data/processed/train/images/24328840_15_patch_11.png,data/processed/train/masks/24328840_15_patch_11.png,0.0887451171875
train,24328840_15.png,12,data/processed/train/images/24328840_15_patch_12.png,data/processed/train/masks/24328840_15_patch_12.png,0.091033935546875
train,24328840_15.png,13,data/processed/train/images/24328840_15_patch_13.png,data/processed/train/masks/24328840_15_patch_13.png,0.03466796875
train,24328840_15.png,14,data/processed/train/images/24328840_15_patch_14.png,data/processed/train/masks/24328840_15_patch_14.png,0.0
train,24328840_15.png,15,data/processed/train/images/24328840_15_patch_15.png,data/processed/train/masks/24328840_15_patch_15.png,0.000579833984375
train,24328840_15.png,16,data/processed/train/images/24328840_15_patch_16.png,data/processed/train/masks/24328840_15_patch_16.png,0.0105133056640625
train,24328840_15.png,17,data/processed/train/images/24328840_15_patch_17.png,data/processed/train/masks/24328840_15_patch_17.png,0.0436553955078125
train,24328840_15.png,18,data/processed/train/images/24328840_15_patch_18.png,data/processed/train/masks/24328840_15_patch_18.png,0.034027099609375
train,24328840_15.png,19,data/processed/train/images/24328840_15_patch_19.png,data/processed/train/masks/24328840_15_patch_19.png,0.0080413818359375
train,24328840_15.png,20,data/processed/train/images/24328840_15_patch_20.png,data/processed/train/masks/24328840_15_patch_20.png,0.0
train,24328840_15.png,21,data/processed/train/images/24328840_15_patch_21.png,data/processed/train/masks/24328840_15_patch_21.png,0.0
train,24328840_15.png,22,data/processed/train/images/24328840_15_patch_22.png,data/processed/train/masks/24328840_15_patch_22.png,0.0089263916015625
train,24328840_15.png,23,data/processed/train/images/24328840_15_patch_23.png,data/processed/train/masks/24328840_15_patch_23.png,0.0556793212890625
train,24328840_15.png,24,data/processed/train/images/24328840_15_patch_24.png,data/processed/train/masks/24328840_15_patch_24.png,0.02301025390625
train,24328840_15.png,25,data/processed/train/images/24328840_15_patch_25.png,data/processed/train/masks/24328840_15_patch_25.png,0.0
train,24328840_15.png,26,data/processed/train/images/24328840_15_patch_26.png,data/processed/train/masks/24328840_15_patch_26.png,0.0
train,24328840_15.png,27,data/processed/train/images/24328840_15_patch_27.png,data/processed/train/masks/24328840_15_patch_27.png,0.0
train,24328840_15.png,28,data/processed/train/images/24328840_15_patch_28.png,data/processed/train/masks/24328840_15_patch_28.png,0.0393829345703125
train,24328840_15.png,29,data/processed/train/images/24328840_15_patch_29.png,data/processed/train/masks/24328840_15_patch_29.png,0.050079345703125
train,24328840_15.png,30,data/processed/train/images/24328840_15_patch_30.png,data/processed/train/masks/24328840_15_patch_30.png,0.0142364501953125
train,24328840_15.png,31,data/processed/train/images/24328840_15_patch_31.png,data/processed/train/masks/24328840_15_patch_31.png,0.0
train,24328840_15.png,32,data/processed/train/images/24328840_15_patch_32.png,data/processed/train/masks/24328840_15_patch_32.png,0.0933380126953125
train,24328840_15.png,33,data/processed/train/images/24328840_15_patch_33.png,data/processed/train/masks/24328840_15_patch_33.png,0.0109100341796875
train,24328840_15.png,34,data/processed/train/images/24328840_15_patch_34.png,data/processed/train/masks/24328840_15_patch_34.png,0.00665283203125
train,24328840_15.png,35,data/processed/train/images/24328840_15_patch_35.png,data/processed/train/masks/24328840_15_patch_35.png,0.0128936767578125
train,24328855_15.png,0,data/processed/train/images/24328855_15_patch_00.png,data/processed/train/masks/24328855_15_patch_00.png,0.1036529541015625
train,24328855_15.png,1,data/processed/train/images/24328855_15_patch_01.png,data/processed/train/masks/24328855_15_patch_01.png,0.1020965576171875
train,24328855_15.png,2,data/processed/train/images/24328855_15_patch_02.png,data/processed/train/masks/24328855_15_patch_02.png,0.11407470703125
train,24328855_15.png,3,data/processed/train/images/24328855_15_patch_03.png,data/processed/train/masks/24328855_15_patch_03.png,0.1046600341796875
train,24328855_15.png,4,data/processed/train/images/24328855_15_patch_04.png,data/processed/train/masks/24328855_15_patch_04.png,0.0905914306640625
train,24328855_15.png,5,data/processed/train/images/24328855_15_patch_05.png,data/processed/train/masks/24328855_15_patch_05.png,0.04852294921875
train,24328855_15.png,6,data/processed/train/images/24328855_15_patch_06.png,data/processed/train/masks/24328855_15_patch_06.png,0.0558319091796875
train,24328855_15.png,7,data/processed/train/images/24328855_15_patch_07.png,data/processed/train/masks/24328855_15_patch_07.png,0.097503662109375
train,24328855_15.png,8,data/processed/train/images/24328855_15_patch_08.png,data/processed/train/masks/24328855_15_patch_08.png,0.0989990234375
train,24328855_15.png,9,data/processed/train/images/24328855_15_patch_09.png,data/processed/train/masks/24328855_15_patch_09.png,0.0742950439453125
train,24328855_15.png,10,data/processed/train/images/24328855_15_patch_10.png,data/processed/train/masks/24328855_15_patch_10.png,0.0821685791015625
train,24328855_15.png,11,data/processed/train/images/24328855_15_patch_11.png,data/processed/train/masks/24328855_15_patch_11.png,0.064239501953125
train,24328855_15.png,12,data/processed/train/images/24328855_15_patch_12.png,data/processed/train/masks/24328855_15_patch_12.png,0.1438446044921875
train,24328855_15.png,13,data/processed/train/images/24328855_15_patch_13.png,data/processed/train/masks/24328855_15_patch_13.png,0.112640380859375
train,24328855_15.png,14,data/processed/train/images/24328855_15_patch_14.png,data/processed/train/masks/24328855_15_patch_14.png,0.082122802734375
train,24328855_15.png,15,data/processed/train/images/24328855_15_patch_15.png,data/processed/train/masks/24328855_15_patch_15.png,0.090118408203125
train,24328855_15.png,16,data/processed/train/images/24328855_15_patch_16.png,data/processed/train/masks/24328855_15_patch_16.png,0.09149169921875
train,24328855_15.png,17,data/processed/train/images/24328855_15_patch_17.png,data/processed/train/masks/24328855_15_patch_17.png,0.16552734375
train,24328855_15.png,18,data/processed/train/images/24328855_15_patch_18.png,data/processed/train/masks/24328855_15_patch_18.png,0.0860748291015625
train,24328855_15.png,19,data/processed/train/images/24328855_15_patch_19.png,data/processed/train/masks/24328855_15_patch_19.png,0.0977630615234375
train,24328855_15.png,20,data/processed/train/images/24328855_15_patch_20.png,data/processed/train/masks/24328855_15_patch_20.png,0.1137237548828125
train,24328855_15.png,21,data/processed/train/images/24328855_15_patch_21.png,data/processed/train/masks/24328855_15_patch_21.png,0.0543365478515625
train,24328855_15.png,22,data/processed/train/images/24328855_15_patch_22.png,data/processed/train/masks/24328855_15_patch_22.png,0.066192626953125
train,24328855_15.png,23,data/processed/train/images/24328855_15_patch_23.png,data/processed/train/masks/24328855_15_patch_23.png,0.0638885498046875
train,24328855_15.png,24,data/processed/train/images/24328855_15_patch_24.png,data/processed/train/masks/24328855_15_patch_24.png,0.0760498046875
train,24328855_15.png,25,data/processed/train/images/24328855_15_patch_25.png,data/processed/train/masks/24328855_15_patch_25.png,0.0896148681640625
train,24328855_15.png,26,data/processed/train/images/24328855_15_patch_26.png,data/processed/train/masks/24328855_15_patch_26.png,0.0627899169921875
train,24328855_15.png,27,data/processed/train/images/24328855_15_patch_27.png,data/processed/train/masks/24328855_15_patch_27.png,0.0386199951171875
train,24328855_15.png,28,data/processed/train/images/24328855_15_patch_28.png,data/processed/train/masks/24328855_15_patch_28.png,0.08544921875
train,24328855_15.png,29,data/processed/train/images/24328855_15_patch_29.png,data/processed/train/masks/24328855_15_patch_29.png,0.1005859375
train,24328855_15.png,30,data/processed/train/images/24328855_15_patch_30.png,data/processed/train/masks/24328855_15_patch_30.png,0.085205078125
train,24328855_15.png,31,data/processed/train/images/24328855_15_patch_31.png,data/processed/train/masks/24328855_15_patch_31.png,0.0680084228515625
train,24328855_15.png,32,data/processed/train/images/24328855_15_patch_32.png,data/processed/train/masks/24328855_15_patch_32.png,0.0060577392578125
train,24328855_15.png,33,data/processed/train/images/24328855_15_patch_33.png,data/processed/train/masks/24328855_15_patch_33.png,0.0267333984375
train,24328855_15.png,34,data/processed/train/images/24328855_15_patch_34.png,data/processed/train/masks/24328855_15_patch_34.png,0.05999755859375
train,24328855_15.png,35,data/processed/train/images/24328855_15_patch_35.png,data/processed/train/masks/24328855_15_patch_35.png,0.0687713623046875
train,24328870_15.png,0,data/processed/train/images/24328870_15_patch_00.png,data/processed/train/masks/24328870_15_patch_00.png,0.187896728515625
train,24328870_15.png,1,data/processed/train/images/24328870_15_patch_01.png,data/processed/train/masks/24328870_15_patch_01.png,0.0934295654296875
train,24328870_15.png,2,data/processed/train/images/24328870_15_patch_02.png,data/processed/train/masks/24328870_15_patch_02.png,0.04119873046875
train,24328870_15.png,3,data/processed/train/images/24328870_15_patch_03.png,data/processed/train/masks/24328870_15_patch_03.png,0.0599517822265625
train,24328870_15.png,4,data/processed/train/images/24328870_15_patch_04.png,data/processed/train/masks/24328870_15_patch_04.png,0.00262451171875
train,24328870_15.png,5,data/processed/train/images/24328870_15_patch_05.png,data/processed/train/masks/24328870_15_patch_05.png,0.0
train,24328870_15.png,6,data/processed/train/images/24328870_15_patch_06.png,data/processed/train/masks/24328870_15_patch_06.png,0.0604248046875
train,24328870_15.png,7,data/processed/train/images/24328870_15_patch_07.png,data/processed/train/masks/24328870_15_patch_07.png,0.0984344482421875
train,24328870_15.png,8,data/processed/train/images/24328870_15_patch_08.png,data/processed/train/masks/24328870_15_patch_08.png,0.0365142822265625
train,24328870_15.png,9,data/processed/train/images/24328870_15_patch_09.png,data/processed/train/masks/24328870_15_patch_09.png,0.033111572265625
train,24328870_15.png,10,data/processed/train/images/24328870_15_patch_10.png,data/processed/train/masks/24328870_15_patch_10.png,0.0918121337890625
train,24328870_15.png,11,data/processed/train/images/24328870_15_patch_11.png,data/processed/train/masks/24328870_15_patch_11.png,0.0421142578125
train,24328870_15.png,12,data/processed/train/images/24328870_15_patch_12.png,data/processed/train/masks/24328870_15_patch_12.png,0.04864501953125
train,24328870_15.png,13,data/processed/train/images/24328870_15_patch_13.png,data/processed/train/masks/24328870_15_patch_13.png,0.2086029052734375
train,24328870_15.png,14,data/processed/train/images/24328870_15_patch_14.png,data/processed/train/masks/24328870_15_patch_14.png,0.1099395751953125
train,24328870_15.png,15,data/processed/train/images/24328870_15_patch_15.png,data/processed/train/masks/24328870_15_patch_15.png,0.123382568359375
train,24328870_15.png,16,data/processed/train/images/24328870_15_patch_16.png,data/processed/train/masks/24328870_15_patch_16.png,0.1139678955078125
train,24328870_15.png,17,data/processed/train/images/24328870_15_patch_17.png,data/processed/train/masks/24328870_15_patch_17.png,0.0564727783203125
train,24328870_15.png,18,data/processed/train/images/24328870_15_patch_18.png,data/processed/train/masks/24328870_15_patch_18.png,0.06243896484375
train,24328870_15.png,19,data/processed/train/images/24328870_15_patch_19.png,data/processed/train/masks/24328870_15_patch_19.png,0.068023681640625
train,24328870_15.png,20,data/processed/train/images/24328870_15_patch_20.png,data/processed/train/masks/24328870_15_patch_20.png,0.1697998046875
train,24328870_15.png,21,data/processed/train/images/24328870_15_patch_21.png,data/processed/train/masks/24328870_15_patch_21.png,0.145355224609375
train,24328870_15.png,22,data/processed/train/images/24328870_15_patch_22.png,data/processed/train/masks/24328870_15_patch_22.png,0.1024627685546875
train,24328870_15.png,23,data/processed/train/images/24328870_15_patch_23.png,data/processed/train/masks/24328870_15_patch_23.png,0.10870361328125
train,24328870_15.png,24,data/processed/train/images/24328870_15_patch_24.png,data/processed/train/masks/24328870_15_patch_24.png,0.11798095703125
train,24328870_15.png,25,data/processed/train/images/24328870_15_patch_25.png,data/processed/train/masks/24328870_15_patch_25.png,0.109588623046875
train,24328870_15.png,26,data/processed/train/images/24328870_15_patch_26.png,data/processed/train/masks/24328870_15_patch_26.png,0.139404296875
train,24328870_15.png,27,data/processed/train/images/24328870_15_patch_27.png,data/processed/train/masks/24328870_15_patch_27.png,0.1411895751953125
train,24328870_15.png,28,data/processed/train/images/24328870_15_patch_28.png,data/processed/train/masks/24328870_15_patch_28.png,0.140167236328125
train,24328870_15.png,29,data/processed/train/images/24328870_15_patch_29.png,data/processed/train/masks/24328870_15_patch_29.png,0.13934326171875
train,24328870_15.png,30,data/processed/train/images/24328870_15_patch_30.png,data/processed/train/masks/24328870_15_patch_30.png,0.1082916259765625
train,24328870_15.png,31,data/processed/train/images/24328870_15_patch_31.png,data/processed/train/masks/24328870_15_patch_31.png,0.082550048828125
train,24328870_15.png,32,data/processed/train/images/24328870_15_patch_32.png,data/processed/train/masks/24328870_15_patch_32.png,0.10614013671875
train,24328870_15.png,33,data/processed/train/images/24328870_15_patch_33.png,data/processed/train/masks/24328870_15_patch_33.png,0.1131134033203125
train,24328870_15.png,34,data/processed/train/images/24328870_15_patch_34.png,data/processed/train/masks/24328870_15_patch_34.png,0.112335205078125
train,24328870_15.png,35,data/processed/train/images/24328870_15_patch_35.png,data/processed/train/masks/24328870_15_patch_35.png,0.0907440185546875
train,24329020_15.png,0,data/processed/train/images/24329020_15_patch_00.png,data/processed/train/masks/24329020_15_patch_00.png,0.2091522216796875
train,24329020_15.png,1,data/processed/train/images/24329020_15_patch_01.png,data/processed/train/masks/24329020_15_patch_01.png,0.2063140869140625
train,24329020_15.png,2,data/processed/train/images/24329020_15_patch_02.png,data/processed/train/masks/24329020_15_patch_02.png,0.1877288818359375
train,24329020_15.png,3,data/processed/train/images/24329020_15_patch_03.png,data/processed/train/masks/24329020_15_patch_03.png,0.089111328125
train,24329020_15.png,4,data/processed/train/images/24329020_15_patch_04.png,data/processed/train/masks/24329020_15_patch_04.png,0.2422332763671875
train,24329020_15.png,5,data/processed/train/images/24329020_15_patch_05.png,data/processed/train/masks/24329020_15_patch_05.png,0.0
train,24329020_15.png,6,data/processed/train/images/24329020_15_patch_06.png,data/processed/train/masks/24329020_15_patch_06.png,0.0630950927734375
train,24329020_15.png,7,data/processed/train/images/24329020_15_patch_07.png,data/processed/train/masks/24329020_15_patch_07.png,0.0103302001953125
train,24329020_15.png,8,data/processed/train/images/24329020_15_patch_08.png,data/processed/train/masks/24329020_15_patch_08.png,0.0380096435546875
train,24329020_15.png,9,data/processed/train/images/24329020_15_patch_09.png,data/processed/train/masks/24329020_15_patch_09.png,0.0099945068359375
train,24329020_15.png,10,data/processed/train/images/24329020_15_patch_10.png,data/processed/train/masks/24329020_15_patch_10.png,0.2071380615234375
train,24329020_15.png,11,data/processed/train/images/24329020_15_patch_11.png,data/processed/train/masks/24329020_15_patch_11.png,0.0530242919921875
train,24329020_15.png,12,data/processed/train/images/24329020_15_patch_12.png,data/processed/train/masks/24329020_15_patch_12.png,0.00567626953125
train,24329020_15.png,13,data/processed/train/images/24329020_15_patch_13.png,data/processed/train/masks/24329020_15_patch_13.png,0.0
train,24329020_15.png,14,data/processed/train/images/24329020_15_patch_14.png,data/processed/train/masks/24329020_15_patch_14.png,0.0
train,24329020_15.png,15,data/processed/train/images/24329020_15_patch_15.png,data/processed/train/masks/24329020_15_patch_15.png,0.0100250244140625
train,24329020_15.png,16,data/processed/train/images/24329020_15_patch_16.png,data/processed/train/masks/24329020_15_patch_16.png,0.197967529296875
train,24329020_15.png,17,data/processed/train/images/24329020_15_patch_17.png,data/processed/train/masks/24329020_15_patch_17.png,0.0876007080078125
train,24329020_15.png,18,data/processed/train/images/24329020_15_patch_18.png,data/processed/train/masks/24329020_15_patch_18.png,0.0
train,24329020_15.png,19,data/processed/train/images/24329020_15_patch_19.png,data/processed/train/masks/24329020_15_patch_19.png,0.0
train,24329020_15.png,20,data/processed/train/images/24329020_15_patch_20.png,data/processed/train/masks/24329020_15_patch_20.png,0.0
train,24329020_15.png,21,data/processed/train/images/24329020_15_patch_21.png,data/processed/train/masks/24329020_15_patch_21.png,0.0
train,24329020_15.png,22,data/processed/train/images/24329020_15_patch_22.png,data/processed/train/masks/24329020_15_patch_22.png,0.0528411865234375
train,24329020_15.png,23,data/processed/train/images/24329020_15_patch_23.png,data/processed/train/masks/24329020_15_patch_23.png,0.0172119140625
train,24329020_15.png,24,data/processed/train/images/24329020_15_patch_24.png,data/processed/train/masks/24329020_15_patch_24.png,0.0
train,24329020_15.png,25,data/processed/train/images/24329020_15_patch_25.png,data/processed/train/masks/24329020_15_patch_25.png,0.0
train,24329020_15.png,26,data/processed/train/images/24329020_15_patch_26.png,data/processed/train/masks/24329020_15_patch_26.png,0.0
train,24329020_15.png,27,data/processed/train/images/24329020_15_patch_27.png,data/processed/train/masks/24329020_15_patch_27.png,0.0
train,24329020_15.png,28,data/processed/train/images/24329020_15_patch_28.png,data/processed/train/masks/24329020_15_patch_28.png,0.04241943359375
train,24329020_15.png,29,data/processed/train/images/24329020_15_patch_29.png,data/processed/train/masks/24329020_15_patch_29.png,0.0
train,24329020_15.png,30,data/processed/train/images/24329020_15_patch_30.png,data/processed/train/masks/24329020_15_patch_30.png,0.0
train,24329020_15.png,31,data/processed/train/images/24329020_15_patch_31.png,data/processed/train/masks/24329020_15_patch_31.png,0.0
train,24329020_15.png,32,data/processed/train/images/24329020_15_patch_32.png,data/processed/train/masks/24329020_15_patch_32.png,0.01153564453125
train,24329020_15.png,33,data/processed/train/images/24329020_15_patch_33.png,data/processed/train/masks/24329020_15_patch_33.png,0.075531005859375
train,24329020_15.png,34,data/processed/train/images/24329020_15_patch_34.png,data/processed/train/masks/24329020_15_patch_34.png,0.0855712890625
train,24329020_15.png,35,data/processed/train/images/24329020_15_patch_35.png,data/processed/train/masks/24329020_15_patch_35.png,0.0
train,24329035_15.png,0,data/processed/train/images/24329035_15_patch_00.png,data/processed/train/masks/24329035_15_patch_00.png,0.0
train,24329035_15.png,1,data/processed/train/images/24329035_15_patch_01.png,data/processed/train/masks/24329035_15_patch_01.png,0.109619140625
train,24329035_15.png,2,data/processed/train/images/24329035_15_patch_02.png,data/processed/train/masks/24329035_15_patch_02.png,0.15985107421875
train,24329035_15.png,3,data/processed/train/images/24329035_15_patch_03.png,data/processed/train/masks/24329035_15_patch_03.png,0.2025299072265625
train,24329035_15.png,4,data/processed/train/images/24329035_15_patch_04.png,data/processed/train/masks/24329035_15_patch_04.png,0.0489349365234375
train,24329035_15.png,5,data/processed/train/images/24329035_15_patch_05.png,data/processed/train/masks/24329035_15_patch_05.png,0.0
train,24329035_15.png,6,data/processed/train/images/24329035_15_patch_06.png,data/processed/train/masks/24329035_15_patch_06.png,0.2539520263671875
train,24329035_15.png,7,data/processed/train/images/24329035_15_patch_07.png,data/processed/train/masks/24329035_15_patch_07.png,0.212890625
train,24329035_15.png,8,data/processed/train/images/24329035_15_patch_08.png,data/processed/train/masks/24329035_15_patch_08.png,0.2138671875
train,24329035_15.png,9,data/processed/train/images/24329035_15_patch_09.png,data/processed/train/masks/24329035_15_patch_09.png,0.1442718505859375
train,24329035_15.png,10,data/processed/train/images/24329035_15_patch_10.png,data/processed/train/masks/24329035_15_patch_10.png,0.0
train,24329035_15.png,11,data/processed/train/images/24329035_15_patch_11.png,data/processed/train/masks/24329035_15_patch_11.png,0.0
train,24329035_15.png,12,data/processed/train/images/24329035_15_patch_12.png,data/processed/train/masks/24329035_15_patch_12.png,0.222137451171875
train,24329035_15.png,13,data/processed/train/images/24329035_15_patch_13.png,data/processed/train/masks/24329035_15_patch_13.png,0.14697265625
train,24329035_15.png,14,data/processed/train/images/24329035_15_patch_14.png,data/processed/train/masks/24329035_15_patch_14.png,0.1776123046875
train,24329035_15.png,15,data/processed/train/images/24329035_15_patch_15.png,data/processed/train/masks/24329035_15_patch_15.png,0.1716461181640625
train,24329035_15.png,16,data/processed/train/images/24329035_15_patch_16.png,data/processed/train/masks/24329035_15_patch_16.png,0.0
train,24329035_15.png,17,data/processed/train/images/24329035_15_patch_17.png,data/processed/train/masks/24329035_15_patch_17.png,0.0
train,24329035_15.png,18,data/processed/train/images/24329035_15_patch_18.png,data/processed/train/masks/24329035_15_patch_18.png,0.20159912109375
train,24329035_15.png,19,data/processed/train/images/24329035_15_patch_19.png,data/processed/train/masks/24329035_15_patch_19.png,0.1467742919921875
train,24329035_15.png,20,data/processed/train/images/24329035_15_patch_20.png,data/processed/train/masks/24329035_15_patch_20.png,0.09552001953125
train,24329035_15.png,21,data/processed/train/images/24329035_15_patch_21.png,data/processed/train/masks/24329035_15_patch_21.png,0.1912689208984375
train,24329035_15.png,22,data/processed/train/images/24329035_15_patch_22.png,data/processed/train/masks/24329035_15_patch_22.png,0.0
train,24329035_15.png,23,data/processed/train/images/24329035_15_patch_23.png,data/processed/train/masks/24329035_15_patch_23.png,0.0
train,24329035_15.png,24,data/processed/train/images/24329035_15_patch_24.png,data/processed/train/masks/24329035_15_patch_24.png,0.1784820556640625
train,24329035_15.png,25,data/processed/train/images/24329035_15_patch_25.png,data/processed/train/masks/24329035_15_patch_25.png,0.0016632080078125
train,24329035_15.png,26,data/processed/train/images/24329035_15_patch_26.png,data/processed/train/masks/24329035_15_patch_26.png,0.014068603515625
train,24329035_15.png,27,data/processed/train/images/24329035_15_patch_27.png,data/processed/train/masks/24329035_15_patch_27.png,0.2481536865234375
train,24329035_15.png,28,data/processed/train/images/24329035_15_patch_28.png,data/processed/train/masks/24329035_15_patch_28.png,0.0045318603515625
train,24329035_15.png,29,data/processed/train/images/24329035_15_patch_29.png,data/processed/train/masks/24329035_15_patch_29.png,0.0
train,24329035_15.png,30,data/processed/train/images/24329035_15_patch_30.png,data/processed/train/masks/24329035_15_patch_30.png,0.154449462890625
train,24329035_15.png,31,data/processed/train/images/24329035_15_patch_31.png,data/processed/train/masks/24329035_15_patch_31.png,0.118988037109375
train,24329035_15.png,32,data/processed/train/images/24329035_15_patch_32.png,data/processed/train/masks/24329035_15_patch_32.png,0.0153961181640625
train,24329035_15.png,33,data/processed/train/images/24329035_15_patch_33.png,data/processed/train/masks/24329035_15_patch_33.png,0.1397552490234375
train,24329035_15.png,34,data/processed/train/images/24329035_15_patch_34.png,data/processed/train/masks/24329035_15_patch_34.png,0.0811767578125
train,24329035_15.png,35,data/processed/train/images/24329035_15_patch_35.png,data/processed/train/masks/24329035_15_patch_35.png,0.0
train,24329095_15.png,0,data/processed/train/images/24329095_15_patch_00.png,data/processed/train/masks/24329095_15_patch_00.png,0.0
train,24329095_15.png,1,data/processed/train/images/24329095_15_patch_01.png,data/processed/train/masks/24329095_15_patch_01.png,0.0
train,24329095_15.png,2,data/processed/train/images/24329095_15_patch_02.png,data/processed/train/masks/24329095_15_patch_02.png,0.0
train,24329095_15.png,3,data/processed/train/images/24329095_15_patch_03.png,data/processed/train/masks/24329095_15_patch_03.png,0.0
train,24329095_15.png,4,data/processed/train/images/24329095_15_patch_04.png,data/processed/train/masks/24329095_15_patch_04.png,0.0453033447265625
train,24329095_15.png,5,data/processed/train/images/24329095_15_patch_05.png,data/processed/train/masks/24329095_15_patch_05.png,0.1453399658203125
train,24329095_15.png,6,data/processed/train/images/24329095_15_patch_06.png,data/processed/train/masks/24329095_15_patch_06.png,0.0
train,24329095_15.png,7,data/processed/train/images/24329095_15_patch_07.png,data/processed/train/masks/24329095_15_patch_07.png,0.0
train,24329095_15.png,8,data/processed/train/images/24329095_15_patch_08.png,data/processed/train/masks/24329095_15_patch_08.png,0.0
train,24329095_15.png,9,data/processed/train/images/24329095_15_patch_09.png,data/processed/train/masks/24329095_15_patch_09.png,0.02935791015625
train,24329095_15.png,10,data/processed/train/images/24329095_15_patch_10.png,data/processed/train/masks/24329095_15_patch_10.png,0.165618896484375
train,24329095_15.png,11,data/processed/train/images/24329095_15_patch_11.png,data/processed/train/masks/24329095_15_patch_11.png,0.2092742919921875
train,24329095_15.png,12,data/processed/train/images/24329095_15_patch_12.png,data/processed/train/masks/24329095_15_patch_12.png,0.0
train,24329095_15.png,13,data/processed/train/images/24329095_15_patch_13.png,data/processed/train/masks/24329095_15_patch_13.png,0.0
train,24329095_15.png,14,data/processed/train/images/24329095_15_patch_14.png,data/processed/train/masks/24329095_15_patch_14.png,0.001220703125
train,24329095_15.png,15,data/processed/train/images/24329095_15_patch_15.png,data/processed/train/masks/24329095_15_patch_15.png,0.1114349365234375
train,24329095_15.png,16,data/processed/train/images/24329095_15_patch_16.png,data/processed/train/masks/24329095_15_patch_16.png,0.1229705810546875
train,24329095_15.png,17,data/processed/train/images/24329095_15_patch_17.png,data/processed/train/masks/24329095_15_patch_17.png,0.0086517333984375
train,24329095_15.png,18,data/processed/train/images/24329095_15_patch_18.png,data/processed/train/masks/24329095_15_patch_18.png,0.0
train,24329095_15.png,19,data/processed/train/images/24329095_15_patch_19.png,data/processed/train/masks/24329095_15_patch_19.png,0.0
train,24329095_15.png,20,data/processed/train/images/24329095_15_patch_20.png,data/processed/train/masks/24329095_15_patch_20.png,0.018402099609375
train,24329095_15.png,21,data/processed/train/images/24329095_15_patch_21.png,data/processed/train/masks/24329095_15_patch_21.png,0.0629425048828125
train,24329095_15.png,22,data/processed/train/images/24329095_15_patch_22.png,data/processed/train/masks/24329095_15_patch_22.png,0.0
train,24329095_15.png,23,data/processed/train/images/24329095_15_patch_23.png,data/processed/train/masks/24329095_15_patch_23.png,0.0
train,24329095_15.png,24,data/processed/train/images/24329095_15_patch_24.png,data/processed/train/masks/24329095_15_patch_24.png,0.0
train,24329095_15.png,25,data/processed/train/images/24329095_15_patch_25.png,data/processed/train/masks/24329095_15_patch_25.png,0.0231781005859375
train,24329095_15.png,26,data/processed/train/images/24329095_15_patch_26.png,data/processed/train/masks/24329095_15_patch_26.png,0.0397796630859375
train,24329095_15.png,27,data/processed/train/images/24329095_15_patch_27.png,data/processed/train/masks/24329095_15_patch_27.png,0.0
train,24329095_15.png,28,data/processed/train/images/24329095_15_patch_28.png,data/processed/train/masks/24329095_15_patch_28.png,0.0
train,24329095_15.png,29,data/processed/train/images/24329095_15_patch_29.png,data/processed/train/masks/24329095_15_patch_29.png,0.0
train,24329095_15.png,30,data/processed/train/images/24329095_15_patch_30.png,data/processed/train/masks/24329095_15_patch_30.png,0.0184783935546875
train,24329095_15.png,31,data/processed/train/images/24329095_15_patch_31.png,data/processed/train/masks/24329095_15_patch_31.png,0.0515899658203125
train,24329095_15.png,32,data/processed/train/images/24329095_15_patch_32.png,data/processed/train/masks/24329095_15_patch_32.png,0.0
train,24329095_15.png,33,data/processed/train/images/24329095_15_patch_33.png,data/processed/train/masks/24329095_15_patch_33.png,0.0
train,24329095_15.png,34,data/processed/train/images/24329095_15_patch_34.png,data/processed/train/masks/24329095_15_patch_34.png,0.0
train,24329095_15.png,35,data/processed/train/images/24329095_15_patch_35.png,data/processed/train/masks/24329095_15_patch_35.png,0.0
train,24478840_15.png,0,data/processed/train/images/24478840_15_patch_00.png,data/processed/train/masks/24478840_15_patch_00.png,0.1108551025390625
train,24478840_15.png,1,data/processed/train/images/24478840_15_patch_01.png,data/processed/train/masks/24478840_15_patch_01.png,0.0854034423828125
train,24478840_15.png,2,data/processed/train/images/24478840_15_patch_02.png,data/processed/train/masks/24478840_15_patch_02.png,0.10150146484375
train,24478840_15.png,3,data/processed/train/images/24478840_15_patch_03.png,data/processed/train/masks/24478840_15_patch_03.png,0.0005340576171875
train,24478840_15.png,4,data/processed/train/images/24478840_15_patch_04.png,data/processed/train/masks/24478840_15_patch_04.png,0.02520751953125
train,24478840_15.png,5,data/processed/train/images/24478840_15_patch_05.png,data/processed/train/masks/24478840_15_patch_05.png,0.0598602294921875
train,24478840_15.png,6,data/processed/train/images/24478840_15_patch_06.png,data/processed/train/masks/24478840_15_patch_06.png,0.0992889404296875
train,24478840_15.png,7,data/processed/train/images/24478840_15_patch_07.png,data/processed/train/masks/24478840_15_patch_07.png,0.108917236328125
train,24478840_15.png,8,data/processed/train/images/24478840_15_patch_08.png,data/processed/train/masks/24478840_15_patch_08.png,0.11822509765625
train,24478840_15.png,9,data/processed/train/images/24478840_15_patch_09.png,data/processed/train/masks/24478840_15_patch_09.png,0.076263427734375
train,24478840_15.png,10,data/processed/train/images/24478840_15_patch_10.png,data/processed/train/masks/24478840_15_patch_10.png,0.1118621826171875
train,24478840_15.png,11,data/processed/train/images/24478840_15_patch_11.png,data/processed/train/masks/24478840_15_patch_11.png,0.030120849609375
train,24478840_15.png,12,data/processed/train/images/24478840_15_patch_12.png,data/processed/train/masks/24478840_15_patch_12.png,0.081573486328125
train,24478840_15.png,13,data/processed/train/images/24478840_15_patch_13.png,data/processed/train/masks/24478840_15_patch_13.png,0.043365478515625
train,24478840_15.png,14,data/processed/train/images/24478840_15_patch_14.png,data/processed/train/masks/24478840_15_patch_14.png,0.076019287109375
train,24478840_15.png,15,data/processed/train/images/24478840_15_patch_15.png,data/processed/train/masks/24478840_15_patch_15.png,0.0735626220703125
train,24478840_15.png,16,data/processed/train/images/24478840_15_patch_16.png,data/processed/train/masks/24478840_15_patch_16.png,0.091552734375
train,24478840_15.png,17,data/processed/train/images/24478840_15_patch_17.png,data/processed/train/masks/24478840_15_patch_17.png,0.1360321044921875
train,24478840_15.png,18,data/processed/train/images/24478840_15_patch_18.png,data/processed/train/masks/24478840_15_patch_18.png,0.069305419921875
train,24478840_15.png,19,data/processed/train/images/24478840_15_patch_19.png,data/processed/train/masks/24478840_15_patch_19.png,0.072357177734375
train,24478840_15.png,20,data/processed/train/images/24478840_15_patch_20.png,data/processed/train/masks/24478840_15_patch_20.png,0.0634307861328125
train,24478840_15.png,21,data/processed/train/images/24478840_15_patch_21.png,data/processed/train/masks/24478840_15_patch_21.png,0.0664520263671875
train,24478840_15.png,22,data/processed/train/images/24478840_15_patch_22.png,data/processed/train/masks/24478840_15_patch_22.png,0.1850128173828125
train,24478840_15.png,23,data/processed/train/images/24478840_15_patch_23.png,data/processed/train/masks/24478840_15_patch_23.png,0.117523193359375
train,24478840_15.png,24,data/processed/train/images/24478840_15_patch_24.png,data/processed/train/masks/24478840_15_patch_24.png,0.054962158203125
train,24478840_15.png,25,data/processed/train/images/24478840_15_patch_25.png,data/processed/train/masks/24478840_15_patch_25.png,0.0437774658203125
train,24478840_15.png,26,data/processed/train/images/24478840_15_patch_26.png,data/processed/train/masks/24478840_15_patch_26.png,0.048797607421875
train,24478840_15.png,27,data/processed/train/images/24478840_15_patch_27.png,data/processed/train/masks/24478840_15_patch_27.png,0.0624237060546875
train,24478840_15.png,28,data/processed/train/images/24478840_15_patch_28.png,data/processed/train/masks/24478840_15_patch_28.png,0.1439056396484375
train,24478840_15.png,29,data/processed/train/images/24478840_15_patch_29.png,data/processed/train/masks/24478840_15_patch_29.png,0.139923095703125
train,24478840_15.png,30,data/processed/train/images/24478840_15_patch_30.png,data/processed/train/masks/24478840_15_patch_30.png,0.0
train,24478840_15.png,31,data/processed/train/images/24478840_15_patch_31.png,data/processed/train/masks/24478840_15_patch_31.png,0.0049896240234375
train,24478840_15.png,32,data/processed/train/images/24478840_15_patch_32.png,data/processed/train/masks/24478840_15_patch_32.png,0.00323486328125
train,24478840_15.png,33,data/processed/train/images/24478840_15_patch_33.png,data/processed/train/masks/24478840_15_patch_33.png,0.0814666748046875
train,24478840_15.png,34,data/processed/train/images/24478840_15_patch_34.png,data/processed/train/masks/24478840_15_patch_34.png,0.0738067626953125
train,24478840_15.png,35,data/processed/train/images/24478840_15_patch_35.png,data/processed/train/masks/24478840_15_patch_35.png,0.0020904541015625
train,24478855_15.png,0,data/processed/train/images/24478855_15_patch_00.png,data/processed/train/masks/24478855_15_patch_00.png,0.0140228271484375
train,24478855_15.png,1,data/processed/train/images/24478855_15_patch_01.png,data/processed/train/masks/24478855_15_patch_01.png,0.0355377197265625
train,24478855_15.png,2,data/processed/train/images/24478855_15_patch_02.png,data/processed/train/masks/24478855_15_patch_02.png,0.0954742431640625
train,24478855_15.png,3,data/processed/train/images/24478855_15_patch_03.png,data/processed/train/masks/24478855_15_patch_03.png,0.0479888916015625
train,24478855_15.png,4,data/processed/train/images/24478855_15_patch_04.png,data/processed/train/masks/24478855_15_patch_04.png,0.1122283935546875
train,24478855_15.png,5,data/processed/train/images/24478855_15_patch_05.png,data/processed/train/masks/24478855_15_patch_05.png,0.05322265625
train,24478855_15.png,6,data/processed/train/images/24478855_15_patch_06.png,data/processed/train/masks/24478855_15_patch_06.png,0.05377197265625
train,24478855_15.png,7,data/processed/train/images/24478855_15_patch_07.png,data/processed/train/masks/24478855_15_patch_07.png,0.0906219482421875
train,24478855_15.png,8,data/processed/train/images/24478855_15_patch_08.png,data/processed/train/masks/24478855_15_patch_08.png,0.091522216796875
train,24478855_15.png,9,data/processed/train/images/24478855_15_patch_09.png,data/processed/train/masks/24478855_15_patch_09.png,0.0464019775390625
train,24478855_15.png,10,data/processed/train/images/24478855_15_patch_10.png,data/processed/train/masks/24478855_15_patch_10.png,0.1166534423828125
train,24478855_15.png,11,data/processed/train/images/24478855_15_patch_11.png,data/processed/train/masks/24478855_15_patch_11.png,0.02960205078125
train,24478855_15.png,12,data/processed/train/images/24478855_15_patch_12.png,data/processed/train/masks/24478855_15_patch_12.png,0.1406097412109375
train,24478855_15.png,13,data/processed/train/images/24478855_15_patch_13.png,data/processed/train/masks/24478855_15_patch_13.png,0.090576171875
train,24478855_15.png,14,data/processed/train/images/24478855_15_patch_14.png,data/processed/train/masks/24478855_15_patch_14.png,0.1038818359375
train,24478855_15.png,15,data/processed/train/images/24478855_15_patch_15.png,data/processed/train/masks/24478855_15_patch_15.png,0.0107879638671875
train,24478855_15.png,16,data/processed/train/images/24478855_15_patch_16.png,data/processed/train/masks/24478855_15_patch_16.png,0.046875
train,24478855_15.png,17,data/processed/train/images/24478855_15_patch_17.png,data/processed/train/masks/24478855_15_patch_17.png,0.0919647216796875
train,24478855_15.png,18,data/processed/train/images/24478855_15_patch_18.png,data/processed/train/masks/24478855_15_patch_18.png,0.1001129150390625
train,24478855_15.png,19,data/processed/train/images/24478855_15_patch_19.png,data/processed/train/masks/24478855_15_patch_19.png,0.1133880615234375
train,24478855_15.png,20,data/processed/train/images/24478855_15_patch_20.png,data/processed/train/masks/24478855_15_patch_20.png,0.11138916015625
train,24478855_15.png,21,data/processed/train/images/24478855_15_patch_21.png,data/processed/train/masks/24478855_15_patch_21.png,0.0590362548828125
train,24478855_15.png,22,data/processed/train/images/24478855_15_patch_22.png,data/processed/train/masks/24478855_15_patch_22.png,0.1109771728515625
train,24478855_15.png,23,data/processed/train/images/24478855_15_patch_23.png,data/processed/train/masks/24478855_15_patch_23.png,0.102813720703125
train,24478855_15.png,24,data/processed/train/images/24478855_15_patch_24.png,data/processed/train/masks/24478855_15_patch_24.png,0.1006011962890625
train,24478855_15.png,25,data/processed/train/images/24478855_15_patch_25.png,data/processed/train/masks/24478855_15_patch_25.png,0.12255859375
train,24478855_15.png,26,data/processed/train/images/24478855_15_patch_26.png,data/processed/train/masks/24478855_15_patch_26.png,0.0810394287109375
train,24478855_15.png,27,data/processed/train/images/24478855_15_patch_27.png,data/processed/train/masks/24478855_15_patch_27.png,0.0925750732421875
train,24478855_15.png,28,data/processed/train/images/24478855_15_patch_28.png,data/processed/train/masks/24478855_15_patch_28.png,0.0774078369140625
train,24478855_15.png,29,data/processed/train/images/24478855_15_patch_29.png,data/processed/train/masks/24478855_15_patch_29.png,0.0712738037109375
train,24478855_15.png,30,data/processed/train/images/24478855_15_patch_30.png,data/processed/train/masks/24478855_15_patch_30.png,0.0496368408203125
train,24478855_15.png,31,data/processed/train/images/24478855_15_patch_31.png,data/processed/train/masks/24478855_15_patch_31.png,0.0775146484375
train,24478855_15.png,32,data/processed/train/images/24478855_15_patch_32.png,data/processed/train/masks/24478855_15_patch_32.png,0.0799560546875
train,24478855_15.png,33,data/processed/train/images/24478855_15_patch_33.png,data/processed/train/masks/24478855_15_patch_33.png,0.0375213623046875
train,24478855_15.png,34,data/processed/train/images/24478855_15_patch_34.png,data/processed/train/masks/24478855_15_patch_34.png,0.0160675048828125
train,24478855_15.png,35,data/processed/train/images/24478855_15_patch_35.png,data/processed/train/masks/24478855_15_patch_35.png,0.0548858642578125
train,24478870_15.png,0,data/processed/train/images/24478870_15_patch_00.png,data/processed/train/masks/24478870_15_patch_00.png,0.0
train,24478870_15.png,1,data/processed/train/images/24478870_15_patch_01.png,data/processed/train/masks/24478870_15_patch_01.png,0.0
train,24478870_15.png,2,data/processed/train/images/24478870_15_patch_02.png,data/processed/train/masks/24478870_15_patch_02.png,0.0
train,24478870_15.png,3,data/processed/train/images/24478870_15_patch_03.png,data/processed/train/masks/24478870_15_patch_03.png,0.0
train,24478870_15.png,4,data/processed/train/images/24478870_15_patch_04.png,data/processed/train/masks/24478870_15_patch_04.png,0.021209716796875
train,24478870_15.png,5,data/processed/train/images/24478870_15_patch_05.png,data/processed/train/masks/24478870_15_patch_05.png,0.0474395751953125
train,24478870_15.png,6,data/processed/train/images/24478870_15_patch_06.png,data/processed/train/masks/24478870_15_patch_06.png,0.018463134765625
train,24478870_15.png,7,data/processed/train/images/24478870_15_patch_07.png,data/processed/train/masks/24478870_15_patch_07.png,0.0
train,24478870_15.png,8,data/processed/train/images/24478870_15_patch_08.png,data/processed/train/masks/24478870_15_patch_08.png,0.0
train,24478870_15.png,9,data/processed/train/images/24478870_15_patch_09.png,data/processed/train/masks/24478870_15_patch_09.png,0.0
train,24478870_15.png,10,data/processed/train/images/24478870_15_patch_10.png,data/processed/train/masks/24478870_15_patch_10.png,0.0010986328125
train,24478870_15.png,11,data/processed/train/images/24478870_15_patch_11.png,data/processed/train/masks/24478870_15_patch_11.png,0.0094146728515625
train,24478870_15.png,12,data/processed/train/images/24478870_15_patch_12.png,data/processed/train/masks/24478870_15_patch_12.png,0.086669921875
train,24478870_15.png,13,data/processed/train/images/24478870_15_patch_13.png,data/processed/train/masks/24478870_15_patch_13.png,0.0312652587890625
train,24478870_15.png,14,data/processed/train/images/24478870_15_patch_14.png,data/processed/train/masks/24478870_15_patch_14.png,0.0126953125
train,24478870_15.png,15,data/processed/train/images/24478870_15_patch_15.png,data/processed/train/masks/24478870_15_patch_15.png,0.0729827880859375
train,24478870_15.png,16,data/processed/train/images/24478870_15_patch_16.png,data/processed/train/masks/24478870_15_patch_16.png,0.0371856689453125
train,24478870_15.png,17,data/processed/train/images/24478870_15_patch_17.png,data/processed/train/masks/24478870_15_patch_17.png,0.0163421630859375
train,24478870_15.png,18,data/processed/train/images/24478870_15_patch_18.png,data/processed/train/masks/24478870_15_patch_18.png,0.130523681640625
train,24478870_15.png,19,data/processed/train/images/24478870_15_patch_19.png,data/processed/train/masks/24478870_15_patch_19.png,0.052978515625
train,24478870_15.png,20,data/processed/train/images/24478870_15_patch_20.png,data/processed/train/masks/24478870_15_patch_20.png,0.02972412109375
train,24478870_15.png,21,data/processed/train/images/24478870_15_patch_21.png,data/processed/train/masks/24478870_15_patch_21.png,0.1097259521484375
train,24478870_15.png,22,data/processed/train/images/24478870_15_patch_22.png,data/processed/train/masks/24478870_15_patch_22.png,0.094635009765625
train,24478870_15.png,23,data/processed/train/images/24478870_15_patch_23.png,data/processed/train/masks/24478870_15_patch_23.png,0.007110595703125
train,24478870_15.png,24,data/processed/train/images/24478870_15_patch_24.png,data/processed/train/masks/24478870_15_patch_24.png,0.1300506591796875
train,24478870_15.png,25,data/processed/train/images/24478870_15_patch_25.png,data/processed/train/masks/24478870_15_patch_25.png,0.0538787841796875
train,24478870_15.png,26,data/processed/train/images/24478870_15_patch_26.png,data/processed/train/masks/24478870_15_patch_26.png,0.0
train,24478870_15.png,27,data/processed/train/images/24478870_15_patch_27.png,data/processed/train/masks/24478870_15_patch_27.png,0.0625152587890625
train,24478870_15.png,28,data/processed/train/images/24478870_15_patch_28.png,data/processed/train/masks/24478870_15_patch_28.png,0.0433502197265625
train,24478870_15.png,29,data/processed/train/images/24478870_15_patch_29.png,data/processed/train/masks/24478870_15_patch_29.png,0.0219573974609375
train,24478870_15.png,30,data/processed/train/images/24478870_15_patch_30.png,data/processed/train/masks/24478870_15_patch_30.png,0.0660858154296875
train,24478870_15.png,31,data/processed/train/images/24478870_15_patch_31.png,data/processed/train/masks/24478870_15_patch_31.png,0.0
train,24478870_15.png,32,data/processed/train/images/24478870_15_patch_32.png,data/processed/train/masks/24478870_15_patch_32.png,0.0013885498046875
train,24478870_15.png,33,data/processed/train/images/24478870_15_patch_33.png,data/processed/train/masks/24478870_15_patch_33.png,0.05364990234375
train,24478870_15.png,34,data/processed/train/images/24478870_15_patch_34.png,data/processed/train/masks/24478870_15_patch_34.png,0.08056640625
train,24478870_15.png,35,data/processed/train/images/24478870_15_patch_35.png,data/processed/train/masks/24478870_15_patch_35.png,0.055694580078125
train,24478885_15.png,0,data/processed/train/images/24478885_15_patch_00.png,data/processed/train/masks/24478885_15_patch_00.png,0.163970947265625
train,24478885_15.png,1,data/processed/train/images/24478885_15_patch_01.png,data/processed/train/masks/24478885_15_patch_01.png,0.05572509765625
train,24478885_15.png,2,data/processed/train/images/24478885_15_patch_02.png,data/processed/train/masks/24478885_15_patch_02.png,0.0038604736328125
train,24478885_15.png,3,data/processed/train/images/24478885_15_patch_03.png,data/processed/train/masks/24478885_15_patch_03.png,0.0
train,24478885_15.png,4,data/processed/train/images/24478885_15_patch_04.png,data/processed/train/masks/24478885_15_patch_04.png,0.0
train,24478885_15.png,5,data/processed/train/images/24478885_15_patch_05.png,data/processed/train/masks/24478885_15_patch_05.png,0.0
train,24478885_15.png,6,data/processed/train/images/24478885_15_patch_06.png,data/processed/train/masks/24478885_15_patch_06.png,0.0412445068359375
train,24478885_15.png,7,data/processed/train/images/24478885_15_patch_07.png,data/processed/train/masks/24478885_15_patch_07.png,0.045501708984375
train,24478885_15.png,8,data/processed/train/images/24478885_15_patch_08.png,data/processed/train/masks/24478885_15_patch_08.png,0.0
train,24478885_15.png,9,data/processed/train/images/24478885_15_patch_09.png,data/processed/train/masks/24478885_15_patch_09.png,0.0
train,24478885_15.png,10,data/processed/train/images/24478885_15_patch_10.png,data/processed/train/masks/24478885_15_patch_10.png,0.00811767578125
train,24478885_15.png,11,data/processed/train/images/24478885_15_patch_11.png,data/processed/train/masks/24478885_15_patch_11.png,0.0430450439453125
train,24478885_15.png,12,data/processed/train/images/24478885_15_patch_12.png,data/processed/train/masks/24478885_15_patch_12.png,0.0283050537109375
train,24478885_15.png,13,data/processed/train/images/24478885_15_patch_13.png,data/processed/train/masks/24478885_15_patch_13.png,0.0
train,24478885_15.png,14,data/processed/train/images/24478885_15_patch_14.png,data/processed/train/masks/24478885_15_patch_14.png,0.0011444091796875
train,24478885_15.png,15,data/processed/train/images/24478885_15_patch_15.png,data/processed/train/masks/24478885_15_patch_15.png,0.1107940673828125
train,24478885_15.png,16,data/processed/train/images/24478885_15_patch_16.png,data/processed/train/masks/24478885_15_patch_16.png,0.07879638671875
train,24478885_15.png,17,data/processed/train/images/24478885_15_patch_17.png,data/processed/train/masks/24478885_15_patch_17.png,0.1180877685546875
train,24478885_15.png,18,data/processed/train/images/24478885_15_patch_18.png,data/processed/train/masks/24478885_15_patch_18.png,0.0
train,24478885_15.png,19,data/processed/train/images/24478885_15_patch_19.png,data/processed/train/masks/24478885_15_patch_19.png,0.0
train,24478885_15.png,20,data/processed/train/images/24478885_15_patch_20.png,data/processed/train/masks/24478885_15_patch_20.png,0.005126953125
train,24478885_15.png,21,data/processed/train/images/24478885_15_patch_21.png,data/processed/train/masks/24478885_15_patch_21.png,0.130889892578125
train,24478885_15.png,22,data/processed/train/images/24478885_15_patch_22.png,data/processed/train/masks/24478885_15_patch_22.png,0.11676025390625
train,24478885_15.png,23,data/processed/train/images/24478885_15_patch_23.png,data/processed/train/masks/24478885_15_patch_23.png,0.1074981689453125
train,24478885_15.png,24,data/processed/train/images/24478885_15_patch_24.png,data/processed/train/masks/24478885_15_patch_24.png,0.232757568359375
train,24478885_15.png,25,data/processed/train/images/24478885_15_patch_25.png,data/processed/train/masks/24478885_15_patch_25.png,0.0633544921875
train,24478885_15.png,26,data/processed/train/images/24478885_15_patch_26.png,data/processed/train/masks/24478885_15_patch_26.png,0.13507080078125
train,24478885_15.png,27,data/processed/train/images/24478885_15_patch_27.png,data/processed/train/masks/24478885_15_patch_27.png,0.173309326171875
train,24478885_15.png,28,data/processed/train/images/24478885_15_patch_28.png,data/processed/train/masks/24478885_15_patch_28.png,0.16046142578125
train,24478885_15.png,29,data/processed/train/images/24478885_15_patch_29.png,data/processed/train/masks/24478885_15_patch_29.png,0.12060546875
train,24478885_15.png,30,data/processed/train/images/24478885_15_patch_30.png,data/processed/train/masks/24478885_15_patch_30.png,0.09759521484375
train,24478885_15.png,31,data/processed/train/images/24478885_15_patch_31.png,data/processed/train/masks/24478885_15_patch_31.png,0.0390472412109375
train,24478885_15.png,32,data/processed/train/images/24478885_15_patch_32.png,data/processed/train/masks/24478885_15_patch_32.png,0.060455322265625
train,24478885_15.png,33,data/processed/train/images/24478885_15_patch_33.png,data/processed/train/masks/24478885_15_patch_33.png,0.072235107421875
train,24478885_15.png,34,data/processed/train/images/24478885_15_patch_34.png,data/processed/train/masks/24478885_15_patch_34.png,0.105987548828125
train,24478885_15.png,35,data/processed/train/images/24478885_15_patch_35.png,data/processed/train/masks/24478885_15_patch_35.png,0.1056976318359375
train,24478900_15.png,0,data/processed/train/images/24478900_15_patch_00.png,data/processed/train/masks/24478900_15_patch_00.png,0.0308837890625
train,24478900_15.png,1,data/processed/train/images/24478900_15_patch_01.png,data/processed/train/masks/24478900_15_patch_01.png,0.0626068115234375
train,24478900_15.png,2,data/processed/train/images/24478900_15_patch_02.png,data/processed/train/masks/24478900_15_patch_02.png,0.0614776611328125
train,24478900_15.png,3,data/processed/train/images/24478900_15_patch_03.png,data/processed/train/masks/24478900_15_patch_03.png,0.113067626953125
train,24478900_15.png,4,data/processed/train/images/24478900_15_patch_04.png,data/processed/train/masks/24478900_15_patch_04.png,0.1100616455078125
train,24478900_15.png,5,data/processed/train/images/24478900_15_patch_05.png,data/processed/train/masks/24478900_15_patch_05.png,0.0030975341796875
train,24478900_15.png,6,data/processed/train/images/24478900_15_patch_06.png,data/processed/train/masks/24478900_15_patch_06.png,0.037139892578125
train,24478900_15.png,7,data/processed/train/images/24478900_15_patch_07.png,data/processed/train/masks/24478900_15_patch_07.png,0.100555419921875
train,24478900_15.png,8,data/processed/train/images/24478900_15_patch_08.png,data/processed/train/masks/24478900_15_patch_08.png,0.032684326171875
train,24478900_15.png,9,data/processed/train/images/24478900_15_patch_09.png,data/processed/train/masks/24478900_15_patch_09.png,0.0734100341796875
train,24478900_15.png,10,data/processed/train/images/24478900_15_patch_10.png,data/processed/train/masks/24478900_15_patch_10.png,0.090972900390625
train,24478900_15.png,11,data/processed/train/images/24478900_15_patch_11.png,data/processed/train/masks/24478900_15_patch_11.png,0.0
train,24478900_15.png,12,data/processed/train/images/24478900_15_patch_12.png,data/processed/train/masks/24478900_15_patch_12.png,0.0020599365234375
train,24478900_15.png,13,data/processed/train/images/24478900_15_patch_13.png,data/processed/train/masks/24478900_15_patch_13.png,0.0431060791015625
train,24478900_15.png,14,data/processed/train/images/24478900_15_patch_14.png,data/processed/train/masks/24478900_15_patch_14.png,0.0
train,24478900_15.png,15,data/processed/train/images/24478900_15_patch_15.png,data/processed/train/masks/24478900_15_patch_15.png,0.0
train,24478900_15.png,16,data/processed/train/images/24478900_15_patch_16.png,data/processed/train/masks/24478900_15_patch_16.png,0.0461578369140625
train,24478900_15.png,17,data/processed/train/images/24478900_15_patch_17.png,data/processed/train/masks/24478900_15_patch_17.png,0.0061492919921875
train,24478900_15.png,18,data/processed/train/images/24478900_15_patch_18.png,data/processed/train/masks/24478900_15_patch_18.png,0.0029144287109375
train,24478900_15.png,19,data/processed/train/images/24478900_15_patch_19.png,data/processed/train/masks/24478900_15_patch_19.png,0.0009002685546875
train,24478900_15.png,20,data/processed/train/images/24478900_15_patch_20.png,data/processed/train/masks/24478900_15_patch_20.png,0.0
train,24478900_15.png,21,data/processed/train/images/24478900_15_patch_21.png,data/processed/train/masks/24478900_15_patch_21.png,0.0
train,24478900_15.png,22,data/processed/train/images/24478900_15_patch_22.png,data/processed/train/masks/24478900_15_patch_22.png,0.0
train,24478900_15.png,23,data/processed/train/images/24478900_15_patch_23.png,data/processed/train/masks/24478900_15_patch_23.png,0.0
train,24478900_15.png,24,data/processed/train/images/24478900_15_patch_24.png,data/processed/train/masks/24478900_15_patch_24.png,0.0984039306640625
train,24478900_15.png,25,data/processed/train/images/24478900_15_patch_25.png,data/processed/train/masks/24478900_15_patch_25.png,0.0977325439453125
train,24478900_15.png,26,data/processed/train/images/24478900_15_patch_26.png,data/processed/train/masks/24478900_15_patch_26.png,0.009857177734375
train,24478900_15.png,27,data/processed/train/images/24478900_15_patch_27.png,data/processed/train/masks/24478900_15_patch_27.png,0.0
train,24478900_15.png,28,data/processed/train/images/24478900_15_patch_28.png,data/processed/train/masks/24478900_15_patch_28.png,0.0
train,24478900_15.png,29,data/processed/train/images/24478900_15_patch_29.png,data/processed/train/masks/24478900_15_patch_29.png,0.0
train,24478900_15.png,30,data/processed/train/images/24478900_15_patch_30.png,data/processed/train/masks/24478900_15_patch_30.png,0.141021728515625
train,24478900_15.png,31,data/processed/train/images/24478900_15_patch_31.png,data/processed/train/masks/24478900_15_patch_31.png,0.0892181396484375
train,24478900_15.png,32,data/processed/train/images/24478900_15_patch_32.png,data/processed/train/masks/24478900_15_patch_32.png,0.013916015625
train,24478900_15.png,33,data/processed/train/images/24478900_15_patch_33.png,data/processed/train/masks/24478900_15_patch_33.png,0.0
train,24478900_15.png,34,data/processed/train/images/24478900_15_patch_34.png,data/processed/train/masks/24478900_15_patch_34.png,0.0
train,24478900_15.png,35,data/processed/train/images/24478900_15_patch_35.png,data/processed/train/masks/24478900_15_patch_35.png,0.0
train,24479005_15.png,0,data/processed/train/images/24479005_15_patch_00.png,data/processed/train/masks/24479005_15_patch_00.png,0.0
train,24479005_15.png,1,data/processed/train/images/24479005_15_patch_01.png,data/processed/train/masks/24479005_15_patch_01.png,0.0
train,24479005_15.png,2,data/processed/train/images/24479005_15_patch_02.png,data/processed/train/masks/24479005_15_patch_02.png,0.0
train,24479005_15.png,3,data/processed/train/images/24479005_15_patch_03.png,data/processed/train/masks/24479005_15_patch_03.png,0.0
train,24479005_15.png,4,data/processed/train/images/24479005_15_patch_04.png,data/processed/train/masks/24479005_15_patch_04.png,0.0
train,24479005_15.png,5,data/processed/train/images/24479005_15_patch_05.png,data/processed/train/masks/24479005_15_patch_05.png,0.0
train,24479005_15.png,6,data/processed/train/images/24479005_15_patch_06.png,data/processed/train/masks/24479005_15_patch_06.png,0.0
train,24479005_15.png,7,data/processed/train/images/24479005_15_patch_07.png,data/processed/train/masks/24479005_15_patch_07.png,0.0
train,24479005_15.png,8,data/processed/train/images/24479005_15_patch_08.png,data/processed/train/masks/24479005_15_patch_08.png,0.0
train,24479005_15.png,9,data/processed/train/images/24479005_15_patch_09.png,data/processed/train/masks/24479005_15_patch_09.png,0.0
train,24479005_15.png,10,data/processed/train/images/24479005_15_patch_10.png,data/processed/train/masks/24479005_15_patch_10.png,0.0
train,24479005_15.png,11,data/processed/train/images/24479005_15_patch_11.png,data/processed/train/masks/24479005_15_patch_11.png,0.0
train,24479005_15.png,12,data/processed/train/images/24479005_15_patch_12.png,data/processed/train/masks/24479005_15_patch_12.png,0.0
train,24479005_15.png,13,data/processed/train/images/24479005_15_patch_13.png,data/processed/train/masks/24479005_15_patch_13.png,0.0
train,24479005_15.png,14,data/processed/train/images/24479005_15_patch_14.png,data/processed/train/masks/24479005_15_patch_14.png,0.0706787109375
train,24479005_15.png,15,data/processed/train/images/24479005_15_patch_15.png,data/processed/train/masks/24479005_15_patch_15.png,0.0
train,24479005_15.png,16,data/processed/train/images/24479005_15_patch_16.png,data/processed/train/masks/24479005_15_patch_16.png,0.0
train,24479005_15.png,17,data/processed/train/images/24479005_15_patch_17.png,data/processed/train/masks/24479005_15_patch_17.png,0.0
train,24479005_15.png,18,data/processed/train/images/24479005_15_patch_18.png,data/processed/train/masks/24479005_15_patch_18.png,0.04827880859375
train,24479005_15.png,19,data/processed/train/images/24479005_15_patch_19.png,data/processed/train/masks/24479005_15_patch_19.png,0.2325286865234375
train,24479005_15.png,20,data/processed/train/images/24479005_15_patch_20.png,data/processed/train/masks/24479005_15_patch_20.png,0.961273193359375
train,24479005_15.png,21,data/processed/train/images/24479005_15_patch_21.png,data/processed/train/masks/24479005_15_patch_21.png,0.2100677490234375
train,24479005_15.png,22,data/processed/train/images/24479005_15_patch_22.png,data/processed/train/masks/24479005_15_patch_22.png,0.0
train,24479005_15.png,23,data/processed/train/images/24479005_15_patch_23.png,data/processed/train/masks/24479005_15_patch_23.png,0.0
train,24479005_15.png,24,data/processed/train/images/24479005_15_patch_24.png,data/processed/train/masks/24479005_15_patch_24.png,0.0
train,24479005_15.png,25,data/processed/train/images/24479005_15_patch_25.png,data/processed/train/masks/24479005_15_patch_25.png,0.113555908203125
train,24479005_15.png,26,data/processed/train/images/24479005_15_patch_26.png,data/processed/train/masks/24479005_15_patch_26.png,0.7023468017578125
train,24479005_15.png,27,data/processed/train/images/24479005_15_patch_27.png,data/processed/train/masks/24479005_15_patch_27.png,0.62738037109375
train,24479005_15.png,28,data/processed/train/images/24479005_15_patch_28.png,data/processed/train/masks/24479005_15_patch_28.png,0.0
train,24479005_15.png,29,data/processed/train/images/24479005_15_patch_29.png,data/processed/train/masks/24479005_15_patch_29.png,0.0
train,24479005_15.png,30,data/processed/train/images/24479005_15_patch_30.png,data/processed/train/masks/24479005_15_patch_30.png,0.0
train,24479005_15.png,31,data/processed/train/images/24479005_15_patch_31.png,data/processed/train/masks/24479005_15_patch_31.png,0.0
train,24479005_15.png,32,data/processed/train/images/24479005_15_patch_32.png,data/processed/train/masks/24479005_15_patch_32.png,0.1413421630859375
train,24479005_15.png,33,data/processed/train/images/24479005_15_patch_33.png,data/processed/train/masks/24479005_15_patch_33.png,0.2947540283203125
train,24479005_15.png,34,data/processed/train/images/24479005_15_patch_34.png,data/processed/train/masks/24479005_15_patch_34.png,0.0
train,24479005_15.png,35,data/processed/train/images/24479005_15_patch_35.png,data/processed/train/masks/24479005_15_patch_35.png,0.0
